"Name","State","Notes","User","Tags","Created","Runtime","Sweep","DecoderLSTM_dropout_p","DecoderLSTM_hidden_size","DecoderLSTM_num_layers","EncoderCNN_conv_l1_dropout","EncoderCNN_conv_l1_out_channel","EncoderCNN_conv_l2_dropout","EncoderCNN_conv_l2_out_channel","batch_size","bilstm_dropout_p","bilstm_hidden_size","bilstm_num_layers","classification","data_transformer.data_transformer_by","data_transformer.data_transformer_method","dataset_name","dataset_path","device","dl_dataset","dl_dataset_path","imu_features","imu_filter","imu_sensors","individual_plot","l2_weight_decay","l2_weight_decay_status","learning_rate","load_model","lopo_subjects","loss","loss_weight","method","metric.goal","metric.name","model_name","n_epoch","name","nfold","opensim_filter","optimizer_name","output_size1","overlap","parameters.DecoderLSTM_dropout_p.distribution","parameters.DecoderLSTM_dropout_ps","parameters.DecoderLSTM_hidden_size.distribution","parameters.DecoderLSTM_hidden_sizes","parameters.DecoderLSTM_num_layers.distribution","parameters.DecoderLSTM_num_layerss","parameters.EncoderCNN_conv_l1_dropout.distribution","parameters.EncoderCNN_conv_l1_dropouts","parameters.EncoderCNN_conv_l1_out_channel.distribution","parameters.EncoderCNN_conv_l1_out_channels","parameters.EncoderCNN_conv_l2_dropout.distribution","parameters.EncoderCNN_conv_l2_dropouts","parameters.EncoderCNN_conv_l2_out_channel.distribution","parameters.EncoderCNN_conv_l2_out_channels","parameters.batch_size.distribution","parameters.batch_sizes","parameters.l2_weight_decay.distribution","parameters.l2_weight_decays","parameters.learning_rate.distribution","parameters.learning_rates","parameters.n_epoch.distribution","parameters.n_epochs","program","resample","results_path","save_model","segmentation_method","selected_activity_label","selected_data_status","selected_data_types","selected_imu_features","selected_opensim_labels","selected_opensim_labels2","selected_sensors","selected_trial_type","sensor_name","sensor_names","target_padding_length","test_activity","test_activity_speed","test_activity_speed2","test_subjects","train_activity","train_activity_speed","train_activity_speed2","train_subjects","trainable_layers","training_style","tsai_d_ff","tsai_d_model","tsai_fc_dropout_p","tsai_n_heads","tsai_n_layers","tsai_res_dropout_p","tuning","y_scaling","fold","fold_RMSE_arm_add_r","fold_RMSE_arm_flex_r","fold_RMSE_arm_rot_r","fold_RMSE_elbow_flex_r","fold_RMSE_mean","fold_RMSE_pro_sup_r","fold_RMSE_wrist_dev_r","fold_RMSE_wrist_flex_r","lopo_RMSE_mean_arm_add_r","lopo_RMSE_mean_arm_flex_r","lopo_RMSE_mean_arm_rot_r","lopo_RMSE_mean_elbow_flex_r","lopo_RMSE_mean_pro_sup_r","lopo_RMSE_mean_wrist_dev_r","lopo_RMSE_mean_wrist_flex_r","lopo_RMSE_overall_mean","lopo_RMSE_overall_std","lopo_RMSE_std_arm_add_r","lopo_RMSE_std_arm_flex_r","lopo_RMSE_std_arm_rot_r","lopo_RMSE_std_elbow_flex_r","lopo_RMSE_std_pro_sup_r","lopo_RMSE_std_wrist_dev_r","lopo_RMSE_std_wrist_flex_r"
"hernandez2021cnnlstm_14.04","finished","-","","","2026-04-14T05:01:19.000Z","1617","choex31w","0.2","128","2","0.1","16","0.3","32","16","0.5","64","3","false","by_var","StandardScaler","All_subjects_data.h5","/home/benedikt_nothhelfer/data_share/ULTra-MoCap/ULTra-MoCap-processed/","cuda","ultramocap_dataset.p","/home/benedikt_nothhelfer/data_share/ULTra-MoCap/","[""ACCX"",""ACCY"",""ACCZ"",""GYROX"",""GYROY"",""GYROZ""]","true","[""1"",""2"",""3"",""4"",""5"",""6""]","false","0.01","true","0.0001","false","[""subject_1"",""subject_2"",""subject_3"",""subject_4"",""subject_5"",""subject_6"",""subject_7"",""subject_8"",""subject_9"",""subject_10"",""subject_11"",""subject_12"",""subject_13""]","MSE","[1,1,1,1,1,1,1]","","","","bilstm","70","","5","true","Adam","1600","0.5","","","","","","","","","","","","","","","","","","","","","","","","false","/home/benedikt_nothhelfer/ba_upki_benedikt/projects/UpKi_BioMat_Ultra/results","false","fixedwindow","[""all""]","[""imu""]","[""baseline""]","[""ACCX"",""ACCY"",""ACCZ"",""GYROX"",""GYROY"",""GYROZ""]","[""arm_flex_r"",""arm_add_r"",""arm_rot_r"",""elbow_flex_r"",""pro_sup_r"",""wrist_flex_r"",""wrist_dev_r""]","[""arm_flex_r"",""arm_add_r"",""arm_rot_r"",""elbow_flex_r"",""pro_sup_r"",""wrist_flex_r"",""wrist_dev_r"",""arm_flex_l"",""arm_add_l"",""arm_rot_l"",""elbow_flex_l"",""pro_sup_l"",""wrist_flex_l"",""wrist_dev_l""]","[""1"",""2"",""3"",""4"",""5"",""6""]","[""AS"",""CB"",""EF"",""ER"",""OR""]","[""hand(1)"",""wrist(2)"",""Forearm(3)"",""Biceps(4)"",""Triceps(5)"",""Deltoid(6)""]","[""hand(1)"",""wrist(2)"",""Forearm(3)"",""Biceps(4)"",""Triceps(5)"",""Deltoid(6)""]","256","[""AS"",""CB"",""EF"",""ER"",""OR""]","[""F"",""N"",""S"",""VF"",""90"",""180"",""M""]","[""N"",""90"",""180"",""M""]","[""subject_13""]","[""AS"",""CB"",""EF"",""ER"",""OR""]","[""F"",""N"",""S"",""VF"",""90"",""180"",""M""]","[""N"",""90"",""180"",""M""]","[""subject_1"",""subject_2"",""subject_3"",""subject_4"",""subject_5"",""subject_6"",""subject_7"",""subject_8"",""subject_9"",""subject_10"",""subject_11"",""subject_12""]","[""fc1"",""fc2_1"",""fc2_2"",""fc2_3""]","lopo","256","128","0.5","16","3","0.5","false","false","13","13.80520418784037","34.16403746692707","28.545013300284552","16.44080522438256","18.30441405857642","19.8905233379084","8.417571395299221","6.86774349739275","12.765062481478328","25.09255336058751","23.91906388432719","18.025941568623608","19.911873254071107","7.969262254911887","12.166259271821255","17.121430867974414","2.7085999034286248","2.138878411147876","6.786699812184803","6.327356527060435","3.576153375569459","4.77872045074592","2.861475102567632","4.006696355838374"
"hernandez2021cnnlstm_14.04","finished","-","","","2026-04-14T04:41:35.000Z","1180","choex31w","0.1","128","2","0.2","16","0.1","32","16","0.5","64","3","false","by_var","StandardScaler","All_subjects_data.h5","/home/benedikt_nothhelfer/data_share/ULTra-MoCap/ULTra-MoCap-processed/","cuda","ultramocap_dataset.p","/home/benedikt_nothhelfer/data_share/ULTra-MoCap/","[""ACCX"",""ACCY"",""ACCZ"",""GYROX"",""GYROY"",""GYROZ""]","true","[""1"",""2"",""3"",""4"",""5"",""6""]","false","0.001","true","0.0001","false","[""subject_1"",""subject_2"",""subject_3"",""subject_4"",""subject_5"",""subject_6"",""subject_7"",""subject_8"",""subject_9"",""subject_10"",""subject_11"",""subject_12"",""subject_13""]","MSE","[1,1,1,1,1,1,1]","","","","bilstm","50","","5","true","Adam","1600","0.5","","","","","","","","","","","","","","","","","","","","","","","","false","/home/benedikt_nothhelfer/ba_upki_benedikt/projects/UpKi_BioMat_Ultra/results","false","fixedwindow","[""all""]","[""imu""]","[""baseline""]","[""ACCX"",""ACCY"",""ACCZ"",""GYROX"",""GYROY"",""GYROZ""]","[""arm_flex_r"",""arm_add_r"",""arm_rot_r"",""elbow_flex_r"",""pro_sup_r"",""wrist_flex_r"",""wrist_dev_r""]","[""arm_flex_r"",""arm_add_r"",""arm_rot_r"",""elbow_flex_r"",""pro_sup_r"",""wrist_flex_r"",""wrist_dev_r"",""arm_flex_l"",""arm_add_l"",""arm_rot_l"",""elbow_flex_l"",""pro_sup_l"",""wrist_flex_l"",""wrist_dev_l""]","[""1"",""2"",""3"",""4"",""5"",""6""]","[""AS"",""CB"",""EF"",""ER"",""OR""]","[""hand(1)"",""wrist(2)"",""Forearm(3)"",""Biceps(4)"",""Triceps(5)"",""Deltoid(6)""]","[""hand(1)"",""wrist(2)"",""Forearm(3)"",""Biceps(4)"",""Triceps(5)"",""Deltoid(6)""]","256","[""AS"",""CB"",""EF"",""ER"",""OR""]","[""F"",""N"",""S"",""VF"",""90"",""180"",""M""]","[""N"",""90"",""180"",""M""]","[""subject_13""]","[""AS"",""CB"",""EF"",""ER"",""OR""]","[""F"",""N"",""S"",""VF"",""90"",""180"",""M""]","[""N"",""90"",""180"",""M""]","[""subject_1"",""subject_2"",""subject_3"",""subject_4"",""subject_5"",""subject_6"",""subject_7"",""subject_8"",""subject_9"",""subject_10"",""subject_11"",""subject_12""]","[""fc1"",""fc2_1"",""fc2_2"",""fc2_3""]","lopo","256","128","0.5","16","3","0.5","false","false","13","16.766185926270527","47.58709500502614","35.49452038827973","30.882989460935573","24.06609790294399","22.435675602317833","7.214566672819275","8.081652264958858","15.25649054095933","35.24722990031844","27.638635816967447","29.318935927165928","23.11890741377664","7.73380112407285","13.68417549785735","21.714025174445425","2.3168217009094465","1.887730342903708","6.941631122236805","5.829576585322958","3.7368696116834497","5.1663130884029025","2.7189850758735026","4.503531596989672"
"hernandez2021cnnlstm_14.04","finished","-","","","2026-04-14T03:51:17.000Z","3013","choex31w","0.3","128","3","0.1","32","0.2","32","16","0.5","64","3","false","by_var","StandardScaler","All_subjects_data.h5","/home/benedikt_nothhelfer/data_share/ULTra-MoCap/ULTra-MoCap-processed/","cuda","ultramocap_dataset.p","/home/benedikt_nothhelfer/data_share/ULTra-MoCap/","[""ACCX"",""ACCY"",""ACCZ"",""GYROX"",""GYROY"",""GYROZ""]","true","[""1"",""2"",""3"",""4"",""5"",""6""]","false","0.0001","true","0.00001","false","[""subject_1"",""subject_2"",""subject_3"",""subject_4"",""subject_5"",""subject_6"",""subject_7"",""subject_8"",""subject_9"",""subject_10"",""subject_11"",""subject_12"",""subject_13""]","MSE","[1,1,1,1,1,1,1]","","","","bilstm","100","","5","true","Adam","1600","0.5","","","","","","","","","","","","","","","","","","","","","","","","false","/home/benedikt_nothhelfer/ba_upki_benedikt/projects/UpKi_BioMat_Ultra/results","false","fixedwindow","[""all""]","[""imu""]","[""baseline""]","[""ACCX"",""ACCY"",""ACCZ"",""GYROX"",""GYROY"",""GYROZ""]","[""arm_flex_r"",""arm_add_r"",""arm_rot_r"",""elbow_flex_r"",""pro_sup_r"",""wrist_flex_r"",""wrist_dev_r""]","[""arm_flex_r"",""arm_add_r"",""arm_rot_r"",""elbow_flex_r"",""pro_sup_r"",""wrist_flex_r"",""wrist_dev_r"",""arm_flex_l"",""arm_add_l"",""arm_rot_l"",""elbow_flex_l"",""pro_sup_l"",""wrist_flex_l"",""wrist_dev_l""]","[""1"",""2"",""3"",""4"",""5"",""6""]","[""AS"",""CB"",""EF"",""ER"",""OR""]","[""hand(1)"",""wrist(2)"",""Forearm(3)"",""Biceps(4)"",""Triceps(5)"",""Deltoid(6)""]","[""hand(1)"",""wrist(2)"",""Forearm(3)"",""Biceps(4)"",""Triceps(5)"",""Deltoid(6)""]","256","[""AS"",""CB"",""EF"",""ER"",""OR""]","[""F"",""N"",""S"",""VF"",""90"",""180"",""M""]","[""N"",""90"",""180"",""M""]","[""subject_13""]","[""AS"",""CB"",""EF"",""ER"",""OR""]","[""F"",""N"",""S"",""VF"",""90"",""180"",""M""]","[""N"",""90"",""180"",""M""]","[""subject_1"",""subject_2"",""subject_3"",""subject_4"",""subject_5"",""subject_6"",""subject_7"",""subject_8"",""subject_9"",""subject_10"",""subject_11"",""subject_12""]","[""fc1"",""fc2_1"",""fc2_2"",""fc2_3""]","lopo","256","128","0.5","16","3","0.5","false","false","13","19.861717648828396","56.93935229479189","44.0281886589156","37.15374262961298","32.55688471043976","53.91480191912981","7.23549212399084","8.764897697808795","16.892683722651846","45.74684651058128","34.43299249691798","36.69062671560735","59.02238838856845","8.627602042442616","13.792189607388556","30.743618497736872","2.643181094761129","1.985686412322944","7.49798619353981","5.8997453476504","4.938371307682526","7.872568926982871","2.5142777619805474","4.460973386593871"
"hernandez2021cnnlstm_14.04","finished","-","","","2026-04-14T03:20:40.000Z","1831","choex31w","0.1","128","3","0.3","32","0.1","64","16","0.5","64","3","false","by_var","StandardScaler","All_subjects_data.h5","/home/benedikt_nothhelfer/data_share/ULTra-MoCap/ULTra-MoCap-processed/","cuda","ultramocap_dataset.p","/home/benedikt_nothhelfer/data_share/ULTra-MoCap/","[""ACCX"",""ACCY"",""ACCZ"",""GYROX"",""GYROY"",""GYROZ""]","true","[""1"",""2"",""3"",""4"",""5"",""6""]","false","0.001","true","0.0001","false","[""subject_1"",""subject_2"",""subject_3"",""subject_4"",""subject_5"",""subject_6"",""subject_7"",""subject_8"",""subject_9"",""subject_10"",""subject_11"",""subject_12"",""subject_13""]","MSE","[1,1,1,1,1,1,1]","","","","bilstm","50","","5","true","Adam","1600","0.5","","","","","","","","","","","","","","","","","","","","","","","","false","/home/benedikt_nothhelfer/ba_upki_benedikt/projects/UpKi_BioMat_Ultra/results","false","fixedwindow","[""all""]","[""imu""]","[""baseline""]","[""ACCX"",""ACCY"",""ACCZ"",""GYROX"",""GYROY"",""GYROZ""]","[""arm_flex_r"",""arm_add_r"",""arm_rot_r"",""elbow_flex_r"",""pro_sup_r"",""wrist_flex_r"",""wrist_dev_r""]","[""arm_flex_r"",""arm_add_r"",""arm_rot_r"",""elbow_flex_r"",""pro_sup_r"",""wrist_flex_r"",""wrist_dev_r"",""arm_flex_l"",""arm_add_l"",""arm_rot_l"",""elbow_flex_l"",""pro_sup_l"",""wrist_flex_l"",""wrist_dev_l""]","[""1"",""2"",""3"",""4"",""5"",""6""]","[""AS"",""CB"",""EF"",""ER"",""OR""]","[""hand(1)"",""wrist(2)"",""Forearm(3)"",""Biceps(4)"",""Triceps(5)"",""Deltoid(6)""]","[""hand(1)"",""wrist(2)"",""Forearm(3)"",""Biceps(4)"",""Triceps(5)"",""Deltoid(6)""]","256","[""AS"",""CB"",""EF"",""ER"",""OR""]","[""F"",""N"",""S"",""VF"",""90"",""180"",""M""]","[""N"",""90"",""180"",""M""]","[""subject_13""]","[""AS"",""CB"",""EF"",""ER"",""OR""]","[""F"",""N"",""S"",""VF"",""90"",""180"",""M""]","[""N"",""90"",""180"",""M""]","[""subject_1"",""subject_2"",""subject_3"",""subject_4"",""subject_5"",""subject_6"",""subject_7"",""subject_8"",""subject_9"",""subject_10"",""subject_11"",""subject_12""]","[""fc1"",""fc2_1"",""fc2_2"",""fc2_3""]","lopo","256","128","0.5","16","3","0.5","false","false","13","18.25652004187012","50.327618407571094","40.07428126908305","33.7698277786085","25.619855674561045","21.0381603065207","7.2147543354722785","8.657827582801554","15.721478730534878","37.447741645690975","28.910124725460054","32.04931619709883","23.29886318216045","7.77871715165798","14.080749983217144","22.755284516545757","2.784544757162795","2.079138094428667","7.459955945304592","6.5324115002586005","5.256673945067374","5.307716083411149","2.620333061232193","4.516174797825562"
"hernandez2021cnnlstm_14.04","finished","-","","","2026-04-14T02:43:04.000Z","2251","choex31w","0.3","128","2","0.3","16","0.3","32","16","0.5","64","3","false","by_var","StandardScaler","All_subjects_data.h5","/home/benedikt_nothhelfer/data_share/ULTra-MoCap/ULTra-MoCap-processed/","cuda","ultramocap_dataset.p","/home/benedikt_nothhelfer/data_share/ULTra-MoCap/","[""ACCX"",""ACCY"",""ACCZ"",""GYROX"",""GYROY"",""GYROZ""]","true","[""1"",""2"",""3"",""4"",""5"",""6""]","false","0.01","true","0.00001","false","[""subject_1"",""subject_2"",""subject_3"",""subject_4"",""subject_5"",""subject_6"",""subject_7"",""subject_8"",""subject_9"",""subject_10"",""subject_11"",""subject_12"",""subject_13""]","MSE","[1,1,1,1,1,1,1]","","","","bilstm","100","","5","true","Adam","1600","0.5","","","","","","","","","","","","","","","","","","","","","","","","false","/home/benedikt_nothhelfer/ba_upki_benedikt/projects/UpKi_BioMat_Ultra/results","false","fixedwindow","[""all""]","[""imu""]","[""baseline""]","[""ACCX"",""ACCY"",""ACCZ"",""GYROX"",""GYROY"",""GYROZ""]","[""arm_flex_r"",""arm_add_r"",""arm_rot_r"",""elbow_flex_r"",""pro_sup_r"",""wrist_flex_r"",""wrist_dev_r""]","[""arm_flex_r"",""arm_add_r"",""arm_rot_r"",""elbow_flex_r"",""pro_sup_r"",""wrist_flex_r"",""wrist_dev_r"",""arm_flex_l"",""arm_add_l"",""arm_rot_l"",""elbow_flex_l"",""pro_sup_l"",""wrist_flex_l"",""wrist_dev_l""]","[""1"",""2"",""3"",""4"",""5"",""6""]","[""AS"",""CB"",""EF"",""ER"",""OR""]","[""hand(1)"",""wrist(2)"",""Forearm(3)"",""Biceps(4)"",""Triceps(5)"",""Deltoid(6)""]","[""hand(1)"",""wrist(2)"",""Forearm(3)"",""Biceps(4)"",""Triceps(5)"",""Deltoid(6)""]","256","[""AS"",""CB"",""EF"",""ER"",""OR""]","[""F"",""N"",""S"",""VF"",""90"",""180"",""M""]","[""N"",""90"",""180"",""M""]","[""subject_13""]","[""AS"",""CB"",""EF"",""ER"",""OR""]","[""F"",""N"",""S"",""VF"",""90"",""180"",""M""]","[""N"",""90"",""180"",""M""]","[""subject_1"",""subject_2"",""subject_3"",""subject_4"",""subject_5"",""subject_6"",""subject_7"",""subject_8"",""subject_9"",""subject_10"",""subject_11"",""subject_12""]","[""fc1"",""fc2_1"",""fc2_2"",""fc2_3""]","lopo","256","128","0.5","16","3","0.5","false","false","13","19.895863297688734","56.9454213329971","44.02747369538707","37.05620318140864","32.633490393556635","54.502277980952385","7.235613198881683","8.771580067580793","16.918629757625602","45.73774829043774","34.43205989864544","36.71520373003206","59.23606372571645","8.628291818494557","13.799142186457033","30.78101991534413","2.6340866539893506","1.9925579948947256","7.498457828005854","5.899720501216894","4.8946195606064355","8.062595694274114","2.5146021039207933","4.4607221187206765"
"hernandez2021cnnlstm_14.04","finished","-","","","2026-04-14T02:14:21.000Z","1720","choex31w","0.1","128","3","0.1","16","0.2","64","16","0.5","64","3","false","by_var","StandardScaler","All_subjects_data.h5","/home/benedikt_nothhelfer/data_share/ULTra-MoCap/ULTra-MoCap-processed/","cuda","ultramocap_dataset.p","/home/benedikt_nothhelfer/data_share/ULTra-MoCap/","[""ACCX"",""ACCY"",""ACCZ"",""GYROX"",""GYROY"",""GYROZ""]","true","[""1"",""2"",""3"",""4"",""5"",""6""]","false","0.001","true","0.0001","false","[""subject_1"",""subject_2"",""subject_3"",""subject_4"",""subject_5"",""subject_6"",""subject_7"",""subject_8"",""subject_9"",""subject_10"",""subject_11"",""subject_12"",""subject_13""]","MSE","[1,1,1,1,1,1,1]","","","","bilstm","50","","5","true","Adam","1600","0.5","","","","","","","","","","","","","","","","","","","","","","","","false","/home/benedikt_nothhelfer/ba_upki_benedikt/projects/UpKi_BioMat_Ultra/results","false","fixedwindow","[""all""]","[""imu""]","[""baseline""]","[""ACCX"",""ACCY"",""ACCZ"",""GYROX"",""GYROY"",""GYROZ""]","[""arm_flex_r"",""arm_add_r"",""arm_rot_r"",""elbow_flex_r"",""pro_sup_r"",""wrist_flex_r"",""wrist_dev_r""]","[""arm_flex_r"",""arm_add_r"",""arm_rot_r"",""elbow_flex_r"",""pro_sup_r"",""wrist_flex_r"",""wrist_dev_r"",""arm_flex_l"",""arm_add_l"",""arm_rot_l"",""elbow_flex_l"",""pro_sup_l"",""wrist_flex_l"",""wrist_dev_l""]","[""1"",""2"",""3"",""4"",""5"",""6""]","[""AS"",""CB"",""EF"",""ER"",""OR""]","[""hand(1)"",""wrist(2)"",""Forearm(3)"",""Biceps(4)"",""Triceps(5)"",""Deltoid(6)""]","[""hand(1)"",""wrist(2)"",""Forearm(3)"",""Biceps(4)"",""Triceps(5)"",""Deltoid(6)""]","256","[""AS"",""CB"",""EF"",""ER"",""OR""]","[""F"",""N"",""S"",""VF"",""90"",""180"",""M""]","[""N"",""90"",""180"",""M""]","[""subject_13""]","[""AS"",""CB"",""EF"",""ER"",""OR""]","[""F"",""N"",""S"",""VF"",""90"",""180"",""M""]","[""N"",""90"",""180"",""M""]","[""subject_1"",""subject_2"",""subject_3"",""subject_4"",""subject_5"",""subject_6"",""subject_7"",""subject_8"",""subject_9"",""subject_10"",""subject_11"",""subject_12""]","[""fc1"",""fc2_1"",""fc2_2"",""fc2_3""]","lopo","256","128","0.5","16","3","0.5","false","false","13","17.263736153845592","48.23230952456218","37.51406028170711","32.58709888021585","24.718881128093","22.08862892823785","6.993665828771114","8.352668299311278","15.925959048229563","37.30287563127972","28.87300291862065","32.085704964052454","23.153922909423628","7.757351557813033","13.605977255876194","22.672113469327886","2.6814649092352756","2.26001160883811","6.991423078081002","6.723576713953711","4.290321791137417","5.106368085413982","2.7569904219310515","4.55381400731485"
"hernandez2021cnnlstm_14.04","finished","-","","","2026-04-14T01:57:44.000Z","992","choex31w","0.1","64","2","0.2","32","0.3","32","16","0.5","64","3","false","by_var","StandardScaler","All_subjects_data.h5","/home/benedikt_nothhelfer/data_share/ULTra-MoCap/ULTra-MoCap-processed/","cuda","ultramocap_dataset.p","/home/benedikt_nothhelfer/data_share/ULTra-MoCap/","[""ACCX"",""ACCY"",""ACCZ"",""GYROX"",""GYROY"",""GYROZ""]","true","[""1"",""2"",""3"",""4"",""5"",""6""]","false","0.0001","true","0.0001","false","[""subject_1"",""subject_2"",""subject_3"",""subject_4"",""subject_5"",""subject_6"",""subject_7"",""subject_8"",""subject_9"",""subject_10"",""subject_11"",""subject_12"",""subject_13""]","MSE","[1,1,1,1,1,1,1]","","","","bilstm","50","","5","true","Adam","1600","0.5","","","","","","","","","","","","","","","","","","","","","","","","false","/home/benedikt_nothhelfer/ba_upki_benedikt/projects/UpKi_BioMat_Ultra/results","false","fixedwindow","[""all""]","[""imu""]","[""baseline""]","[""ACCX"",""ACCY"",""ACCZ"",""GYROX"",""GYROY"",""GYROZ""]","[""arm_flex_r"",""arm_add_r"",""arm_rot_r"",""elbow_flex_r"",""pro_sup_r"",""wrist_flex_r"",""wrist_dev_r""]","[""arm_flex_r"",""arm_add_r"",""arm_rot_r"",""elbow_flex_r"",""pro_sup_r"",""wrist_flex_r"",""wrist_dev_r"",""arm_flex_l"",""arm_add_l"",""arm_rot_l"",""elbow_flex_l"",""pro_sup_l"",""wrist_flex_l"",""wrist_dev_l""]","[""1"",""2"",""3"",""4"",""5"",""6""]","[""AS"",""CB"",""EF"",""ER"",""OR""]","[""hand(1)"",""wrist(2)"",""Forearm(3)"",""Biceps(4)"",""Triceps(5)"",""Deltoid(6)""]","[""hand(1)"",""wrist(2)"",""Forearm(3)"",""Biceps(4)"",""Triceps(5)"",""Deltoid(6)""]","256","[""AS"",""CB"",""EF"",""ER"",""OR""]","[""F"",""N"",""S"",""VF"",""90"",""180"",""M""]","[""N"",""90"",""180"",""M""]","[""subject_13""]","[""AS"",""CB"",""EF"",""ER"",""OR""]","[""F"",""N"",""S"",""VF"",""90"",""180"",""M""]","[""N"",""90"",""180"",""M""]","[""subject_1"",""subject_2"",""subject_3"",""subject_4"",""subject_5"",""subject_6"",""subject_7"",""subject_8"",""subject_9"",""subject_10"",""subject_11"",""subject_12""]","[""fc1"",""fc2_1"",""fc2_2"",""fc2_3""]","lopo","256","128","0.5","16","3","0.5","false","false","13","19.777102073718332","57.31035088255273","44.02874662808998","35.270692397794214","29.2356723586091","32.253116998309935","7.243816197430421","8.765881332368092","16.948147168545063","45.96875554874224","34.43054613448341","36.05206843768987","37.436109916756095","8.628443411346762","13.792377930743491","27.60806407832957","2.273191795747593","1.9757168211310552","7.666695775582131","5.905144942860328","4.620423261942288","5.449908724938247","2.512728380666912","4.458422324665065"
"hernandez2021cnnlstm_14.04","finished","-","","","2026-04-14T01:03:58.000Z","3224","choex31w","0.1","64","3","0.1","32","0.1","64","8","0.5","64","3","false","by_var","StandardScaler","All_subjects_data.h5","/home/benedikt_nothhelfer/data_share/ULTra-MoCap/ULTra-MoCap-processed/","cuda","ultramocap_dataset.p","/home/benedikt_nothhelfer/data_share/ULTra-MoCap/","[""ACCX"",""ACCY"",""ACCZ"",""GYROX"",""GYROY"",""GYROZ""]","true","[""1"",""2"",""3"",""4"",""5"",""6""]","false","0.0001","true","0.00001","false","[""subject_1"",""subject_2"",""subject_3"",""subject_4"",""subject_5"",""subject_6"",""subject_7"",""subject_8"",""subject_9"",""subject_10"",""subject_11"",""subject_12"",""subject_13""]","MSE","[1,1,1,1,1,1,1]","","","","bilstm","100","","5","true","Adam","1600","0.5","","","","","","","","","","","","","","","","","","","","","","","","false","/home/benedikt_nothhelfer/ba_upki_benedikt/projects/UpKi_BioMat_Ultra/results","false","fixedwindow","[""all""]","[""imu""]","[""baseline""]","[""ACCX"",""ACCY"",""ACCZ"",""GYROX"",""GYROY"",""GYROZ""]","[""arm_flex_r"",""arm_add_r"",""arm_rot_r"",""elbow_flex_r"",""pro_sup_r"",""wrist_flex_r"",""wrist_dev_r""]","[""arm_flex_r"",""arm_add_r"",""arm_rot_r"",""elbow_flex_r"",""pro_sup_r"",""wrist_flex_r"",""wrist_dev_r"",""arm_flex_l"",""arm_add_l"",""arm_rot_l"",""elbow_flex_l"",""pro_sup_l"",""wrist_flex_l"",""wrist_dev_l""]","[""1"",""2"",""3"",""4"",""5"",""6""]","[""AS"",""CB"",""EF"",""ER"",""OR""]","[""hand(1)"",""wrist(2)"",""Forearm(3)"",""Biceps(4)"",""Triceps(5)"",""Deltoid(6)""]","[""hand(1)"",""wrist(2)"",""Forearm(3)"",""Biceps(4)"",""Triceps(5)"",""Deltoid(6)""]","256","[""AS"",""CB"",""EF"",""ER"",""OR""]","[""F"",""N"",""S"",""VF"",""90"",""180"",""M""]","[""N"",""90"",""180"",""M""]","[""subject_13""]","[""AS"",""CB"",""EF"",""ER"",""OR""]","[""F"",""N"",""S"",""VF"",""90"",""180"",""M""]","[""N"",""90"",""180"",""M""]","[""subject_1"",""subject_2"",""subject_3"",""subject_4"",""subject_5"",""subject_6"",""subject_7"",""subject_8"",""subject_9"",""subject_10"",""subject_11"",""subject_12""]","[""fc1"",""fc2_1"",""fc2_2"",""fc2_3""]","lopo","256","128","0.5","16","3","0.5","false","false","13","19.93323590969276","56.74874481393274","44.02968172590984","37.37409588821114","32.784217545407564","55.40089937104992","7.235678775613747","8.767186333442833","16.883209681590152","45.68092988392335","34.431042409439094","36.84835239875532","60.107881841218344","8.628341672533697","13.791617039531504","30.91019641814164","2.625334846176805","1.997189626568345","7.4284547209009935","5.894376435557553","4.979412751533546","8.085958741966664","2.515177152581875","4.458455946364154"
"hernandez2021cnnlstm_14.04","finished","-","","","2026-04-14T00:26:03.000Z","2274","choex31w","0.3","128","3","0.3","16","0.3","32","8","0.5","64","3","false","by_var","StandardScaler","All_subjects_data.h5","/home/benedikt_nothhelfer/data_share/ULTra-MoCap/ULTra-MoCap-processed/","cuda","ultramocap_dataset.p","/home/benedikt_nothhelfer/data_share/ULTra-MoCap/","[""ACCX"",""ACCY"",""ACCZ"",""GYROX"",""GYROY"",""GYROZ""]","true","[""1"",""2"",""3"",""4"",""5"",""6""]","false","0.01","true","0.00001","false","[""subject_1"",""subject_2"",""subject_3"",""subject_4"",""subject_5"",""subject_6"",""subject_7"",""subject_8"",""subject_9"",""subject_10"",""subject_11"",""subject_12"",""subject_13""]","MSE","[1,1,1,1,1,1,1]","","","","bilstm","50","","5","true","Adam","1600","0.5","","","","","","","","","","","","","","","","","","","","","","","","false","/home/benedikt_nothhelfer/ba_upki_benedikt/projects/UpKi_BioMat_Ultra/results","false","fixedwindow","[""all""]","[""imu""]","[""baseline""]","[""ACCX"",""ACCY"",""ACCZ"",""GYROX"",""GYROY"",""GYROZ""]","[""arm_flex_r"",""arm_add_r"",""arm_rot_r"",""elbow_flex_r"",""pro_sup_r"",""wrist_flex_r"",""wrist_dev_r""]","[""arm_flex_r"",""arm_add_r"",""arm_rot_r"",""elbow_flex_r"",""pro_sup_r"",""wrist_flex_r"",""wrist_dev_r"",""arm_flex_l"",""arm_add_l"",""arm_rot_l"",""elbow_flex_l"",""pro_sup_l"",""wrist_flex_l"",""wrist_dev_l""]","[""1"",""2"",""3"",""4"",""5"",""6""]","[""AS"",""CB"",""EF"",""ER"",""OR""]","[""hand(1)"",""wrist(2)"",""Forearm(3)"",""Biceps(4)"",""Triceps(5)"",""Deltoid(6)""]","[""hand(1)"",""wrist(2)"",""Forearm(3)"",""Biceps(4)"",""Triceps(5)"",""Deltoid(6)""]","256","[""AS"",""CB"",""EF"",""ER"",""OR""]","[""F"",""N"",""S"",""VF"",""90"",""180"",""M""]","[""N"",""90"",""180"",""M""]","[""subject_13""]","[""AS"",""CB"",""EF"",""ER"",""OR""]","[""F"",""N"",""S"",""VF"",""90"",""180"",""M""]","[""N"",""90"",""180"",""M""]","[""subject_1"",""subject_2"",""subject_3"",""subject_4"",""subject_5"",""subject_6"",""subject_7"",""subject_8"",""subject_9"",""subject_10"",""subject_11"",""subject_12""]","[""fc1"",""fc2_1"",""fc2_2"",""fc2_3""]","lopo","256","128","0.5","16","3","0.5","false","false","13","20.02459808403935","56.81536180938942","44.03084330717394","37.439068655891134","32.67405873875847","54.41206102236687","7.237767128494442","8.758711163954086","16.873498315104268","45.68062905408858","34.4314175899435","36.751761824201935","59.267679567518485","8.627639313724398","13.79358082123327","30.77517235511634","2.6505293352180423","2.0194100018837124","7.409421943663003","5.89291489115288","4.97694793421863","8.1229647554957","2.514729501222574","4.4639807164920215"
"hernandez2021cnnlstm_14.04","finished","-","","","2026-04-14T00:09:22.000Z","1000","choex31w","0.3","64","2","0.1","32","0.1","32","16","0.5","64","3","false","by_var","StandardScaler","All_subjects_data.h5","/home/benedikt_nothhelfer/data_share/ULTra-MoCap/ULTra-MoCap-processed/","cuda","ultramocap_dataset.p","/home/benedikt_nothhelfer/data_share/ULTra-MoCap/","[""ACCX"",""ACCY"",""ACCZ"",""GYROX"",""GYROY"",""GYROZ""]","true","[""1"",""2"",""3"",""4"",""5"",""6""]","false","0.01","true","0.0001","false","[""subject_1"",""subject_2"",""subject_3"",""subject_4"",""subject_5"",""subject_6"",""subject_7"",""subject_8"",""subject_9"",""subject_10"",""subject_11"",""subject_12"",""subject_13""]","MSE","[1,1,1,1,1,1,1]","","","","bilstm","50","","5","true","Adam","1600","0.5","","","","","","","","","","","","","","","","","","","","","","","","false","/home/benedikt_nothhelfer/ba_upki_benedikt/projects/UpKi_BioMat_Ultra/results","false","fixedwindow","[""all""]","[""imu""]","[""baseline""]","[""ACCX"",""ACCY"",""ACCZ"",""GYROX"",""GYROY"",""GYROZ""]","[""arm_flex_r"",""arm_add_r"",""arm_rot_r"",""elbow_flex_r"",""pro_sup_r"",""wrist_flex_r"",""wrist_dev_r""]","[""arm_flex_r"",""arm_add_r"",""arm_rot_r"",""elbow_flex_r"",""pro_sup_r"",""wrist_flex_r"",""wrist_dev_r"",""arm_flex_l"",""arm_add_l"",""arm_rot_l"",""elbow_flex_l"",""pro_sup_l"",""wrist_flex_l"",""wrist_dev_l""]","[""1"",""2"",""3"",""4"",""5"",""6""]","[""AS"",""CB"",""EF"",""ER"",""OR""]","[""hand(1)"",""wrist(2)"",""Forearm(3)"",""Biceps(4)"",""Triceps(5)"",""Deltoid(6)""]","[""hand(1)"",""wrist(2)"",""Forearm(3)"",""Biceps(4)"",""Triceps(5)"",""Deltoid(6)""]","256","[""AS"",""CB"",""EF"",""ER"",""OR""]","[""F"",""N"",""S"",""VF"",""90"",""180"",""M""]","[""N"",""90"",""180"",""M""]","[""subject_13""]","[""AS"",""CB"",""EF"",""ER"",""OR""]","[""F"",""N"",""S"",""VF"",""90"",""180"",""M""]","[""N"",""90"",""180"",""M""]","[""subject_1"",""subject_2"",""subject_3"",""subject_4"",""subject_5"",""subject_6"",""subject_7"",""subject_8"",""subject_9"",""subject_10"",""subject_11"",""subject_12""]","[""fc1"",""fc2_1"",""fc2_2"",""fc2_3""]","lopo","256","128","0.5","16","3","0.5","false","false","13","18.85517652474915","52.1289856075111","40.97687254477997","33.704454722816266","27.391904129998768","30.30706073275123","6.97794036141716","8.792838415966495","16.49924693014157","40.11448736707229","31.279819513197346","34.39377602887558","32.58957559596165","8.009230562615473","13.832764011922505","25.2455571442552","2.2795162411693792","2.0875016478000457","7.623468042486676","5.6459062563715925","4.626986530294917","6.9479760227858005","2.6048460449743227","4.479740330190085"
"hernandez2021cnnlstm_14.04","finished","-","","","2026-04-13T23:13:47.000Z","3331","choex31w","0.3","128","3","0.1","16","0.1","64","16","0.5","64","3","false","by_var","StandardScaler","All_subjects_data.h5","/home/benedikt_nothhelfer/data_share/ULTra-MoCap/ULTra-MoCap-processed/","cuda","ultramocap_dataset.p","/home/benedikt_nothhelfer/data_share/ULTra-MoCap/","[""ACCX"",""ACCY"",""ACCZ"",""GYROX"",""GYROY"",""GYROZ""]","true","[""1"",""2"",""3"",""4"",""5"",""6""]","false","0.001","true","0.0001","false","[""subject_1"",""subject_2"",""subject_3"",""subject_4"",""subject_5"",""subject_6"",""subject_7"",""subject_8"",""subject_9"",""subject_10"",""subject_11"",""subject_12"",""subject_13""]","MSE","[1,1,1,1,1,1,1]","","","","bilstm","100","","5","true","Adam","1600","0.5","","","","","","","","","","","","","","","","","","","","","","","","false","/home/benedikt_nothhelfer/ba_upki_benedikt/projects/UpKi_BioMat_Ultra/results","false","fixedwindow","[""all""]","[""imu""]","[""baseline""]","[""ACCX"",""ACCY"",""ACCZ"",""GYROX"",""GYROY"",""GYROZ""]","[""arm_flex_r"",""arm_add_r"",""arm_rot_r"",""elbow_flex_r"",""pro_sup_r"",""wrist_flex_r"",""wrist_dev_r""]","[""arm_flex_r"",""arm_add_r"",""arm_rot_r"",""elbow_flex_r"",""pro_sup_r"",""wrist_flex_r"",""wrist_dev_r"",""arm_flex_l"",""arm_add_l"",""arm_rot_l"",""elbow_flex_l"",""pro_sup_l"",""wrist_flex_l"",""wrist_dev_l""]","[""1"",""2"",""3"",""4"",""5"",""6""]","[""AS"",""CB"",""EF"",""ER"",""OR""]","[""hand(1)"",""wrist(2)"",""Forearm(3)"",""Biceps(4)"",""Triceps(5)"",""Deltoid(6)""]","[""hand(1)"",""wrist(2)"",""Forearm(3)"",""Biceps(4)"",""Triceps(5)"",""Deltoid(6)""]","256","[""AS"",""CB"",""EF"",""ER"",""OR""]","[""F"",""N"",""S"",""VF"",""90"",""180"",""M""]","[""N"",""90"",""180"",""M""]","[""subject_13""]","[""AS"",""CB"",""EF"",""ER"",""OR""]","[""F"",""N"",""S"",""VF"",""90"",""180"",""M""]","[""N"",""90"",""180"",""M""]","[""subject_1"",""subject_2"",""subject_3"",""subject_4"",""subject_5"",""subject_6"",""subject_7"",""subject_8"",""subject_9"",""subject_10"",""subject_11"",""subject_12""]","[""fc1"",""fc2_1"",""fc2_2"",""fc2_3""]","lopo","256","128","0.5","16","3","0.5","false","false","13","12.492996826327529","31.95859255419024","28.892959285313015","17.362666072013983","18.832033682959253","23.18344080493097","9.137693120116886","8.795887117822126","11.596543404715463","23.73711809102385","25.026352978901887","16.515486097897625","19.37142612151067","7.911964507206877","12.290657179886503","16.635649768734694","2.6629513197805097","1.8054959393651708","5.634945887850668","6.223371457661495","3.718216871046632","4.2420091293302065","2.7944674198319097","3.653127827833709"
"hernandez2021cnnlstm_14.04","finished","-","","","2026-04-13T22:40:58.000Z","1963","choex31w","0.3","128","2","0.1","32","0.1","32","8","0.5","64","3","false","by_var","StandardScaler","All_subjects_data.h5","/home/benedikt_nothhelfer/data_share/ULTra-MoCap/ULTra-MoCap-processed/","cuda","ultramocap_dataset.p","/home/benedikt_nothhelfer/data_share/ULTra-MoCap/","[""ACCX"",""ACCY"",""ACCZ"",""GYROX"",""GYROY"",""GYROZ""]","true","[""1"",""2"",""3"",""4"",""5"",""6""]","false","0.001","true","0.0001","false","[""subject_1"",""subject_2"",""subject_3"",""subject_4"",""subject_5"",""subject_6"",""subject_7"",""subject_8"",""subject_9"",""subject_10"",""subject_11"",""subject_12"",""subject_13""]","MSE","[1,1,1,1,1,1,1]","","","","bilstm","50","","5","true","Adam","1600","0.5","","","","","","","","","","","","","","","","","","","","","","","","false","/home/benedikt_nothhelfer/ba_upki_benedikt/projects/UpKi_BioMat_Ultra/results","false","fixedwindow","[""all""]","[""imu""]","[""baseline""]","[""ACCX"",""ACCY"",""ACCZ"",""GYROX"",""GYROY"",""GYROZ""]","[""arm_flex_r"",""arm_add_r"",""arm_rot_r"",""elbow_flex_r"",""pro_sup_r"",""wrist_flex_r"",""wrist_dev_r""]","[""arm_flex_r"",""arm_add_r"",""arm_rot_r"",""elbow_flex_r"",""pro_sup_r"",""wrist_flex_r"",""wrist_dev_r"",""arm_flex_l"",""arm_add_l"",""arm_rot_l"",""elbow_flex_l"",""pro_sup_l"",""wrist_flex_l"",""wrist_dev_l""]","[""1"",""2"",""3"",""4"",""5"",""6""]","[""AS"",""CB"",""EF"",""ER"",""OR""]","[""hand(1)"",""wrist(2)"",""Forearm(3)"",""Biceps(4)"",""Triceps(5)"",""Deltoid(6)""]","[""hand(1)"",""wrist(2)"",""Forearm(3)"",""Biceps(4)"",""Triceps(5)"",""Deltoid(6)""]","256","[""AS"",""CB"",""EF"",""ER"",""OR""]","[""F"",""N"",""S"",""VF"",""90"",""180"",""M""]","[""N"",""90"",""180"",""M""]","[""subject_13""]","[""AS"",""CB"",""EF"",""ER"",""OR""]","[""F"",""N"",""S"",""VF"",""90"",""180"",""M""]","[""N"",""90"",""180"",""M""]","[""subject_1"",""subject_2"",""subject_3"",""subject_4"",""subject_5"",""subject_6"",""subject_7"",""subject_8"",""subject_9"",""subject_10"",""subject_11"",""subject_12""]","[""fc1"",""fc2_1"",""fc2_2"",""fc2_3""]","lopo","256","128","0.5","16","3","0.5","false","false","13","12.85695524156975","27.492851344215204","26.926646059617912","16.820496672486065","17.215270605708735","21.105956433057298","8.499865844202786","6.804122644812108","12.1922498844597","24.29143806112987","24.145125547294036","17.05467145279644","19.476264398245753","7.84847737728576","12.087632800811429","16.72797993171757","2.45883933778739","2.255169878547975","5.792137258966211","6.628324650102701","3.3442081122623284","4.298705939724022","2.8064687391489636","4.069900796712407"
"hernandez2021cnnlstm_14.04","finished","-","","","2026-04-13T22:01:35.000Z","2361","choex31w","0.2","128","3","0.1","16","0.3","64","16","0.5","64","3","false","by_var","StandardScaler","All_subjects_data.h5","/home/benedikt_nothhelfer/data_share/ULTra-MoCap/ULTra-MoCap-processed/","cuda","ultramocap_dataset.p","/home/benedikt_nothhelfer/data_share/ULTra-MoCap/","[""ACCX"",""ACCY"",""ACCZ"",""GYROX"",""GYROY"",""GYROZ""]","true","[""1"",""2"",""3"",""4"",""5"",""6""]","false","0.001","true","0.0001","false","[""subject_1"",""subject_2"",""subject_3"",""subject_4"",""subject_5"",""subject_6"",""subject_7"",""subject_8"",""subject_9"",""subject_10"",""subject_11"",""subject_12"",""subject_13""]","MSE","[1,1,1,1,1,1,1]","","","","bilstm","70","","5","true","Adam","1600","0.5","","","","","","","","","","","","","","","","","","","","","","","","false","/home/benedikt_nothhelfer/ba_upki_benedikt/projects/UpKi_BioMat_Ultra/results","false","fixedwindow","[""all""]","[""imu""]","[""baseline""]","[""ACCX"",""ACCY"",""ACCZ"",""GYROX"",""GYROY"",""GYROZ""]","[""arm_flex_r"",""arm_add_r"",""arm_rot_r"",""elbow_flex_r"",""pro_sup_r"",""wrist_flex_r"",""wrist_dev_r""]","[""arm_flex_r"",""arm_add_r"",""arm_rot_r"",""elbow_flex_r"",""pro_sup_r"",""wrist_flex_r"",""wrist_dev_r"",""arm_flex_l"",""arm_add_l"",""arm_rot_l"",""elbow_flex_l"",""pro_sup_l"",""wrist_flex_l"",""wrist_dev_l""]","[""1"",""2"",""3"",""4"",""5"",""6""]","[""AS"",""CB"",""EF"",""ER"",""OR""]","[""hand(1)"",""wrist(2)"",""Forearm(3)"",""Biceps(4)"",""Triceps(5)"",""Deltoid(6)""]","[""hand(1)"",""wrist(2)"",""Forearm(3)"",""Biceps(4)"",""Triceps(5)"",""Deltoid(6)""]","256","[""AS"",""CB"",""EF"",""ER"",""OR""]","[""F"",""N"",""S"",""VF"",""90"",""180"",""M""]","[""N"",""90"",""180"",""M""]","[""subject_13""]","[""AS"",""CB"",""EF"",""ER"",""OR""]","[""F"",""N"",""S"",""VF"",""90"",""180"",""M""]","[""N"",""90"",""180"",""M""]","[""subject_1"",""subject_2"",""subject_3"",""subject_4"",""subject_5"",""subject_6"",""subject_7"",""subject_8"",""subject_9"",""subject_10"",""subject_11"",""subject_12""]","[""fc1"",""fc2_1"",""fc2_2"",""fc2_3""]","lopo","256","128","0.5","16","3","0.5","false","false","13","15.437509898183354","37.74944202623771","28.35434612066511","22.285423986547418","20.069749922591544","22.4746278654946","7.555436125826446","6.631463435186181","13.978307149501582","28.947685346730772","25.33783705247454","22.218763623027566","20.341221530036364","7.757939929379154","12.721793268426827","18.75764969993954","2.58967961412586","1.7838180664453935","6.0789467854860595","6.070497901247204","4.08817715770855","4.892266770292641","2.696647355215065","4.717908329403791"
"hernandez2021cnnlstm_13.04","finished","-","","","2026-04-13T21:12:13.000Z","2958","choex31w","0.1","128","2","0.3","16","0.1","64","8","0.5","64","3","false","by_var","StandardScaler","All_subjects_data.h5","/home/benedikt_nothhelfer/data_share/ULTra-MoCap/ULTra-MoCap-processed/","cuda","ultramocap_dataset.p","/home/benedikt_nothhelfer/data_share/ULTra-MoCap/","[""ACCX"",""ACCY"",""ACCZ"",""GYROX"",""GYROY"",""GYROZ""]","true","[""1"",""2"",""3"",""4"",""5"",""6""]","false","0.001","true","0.00001","false","[""subject_1"",""subject_2"",""subject_3"",""subject_4"",""subject_5"",""subject_6"",""subject_7"",""subject_8"",""subject_9"",""subject_10"",""subject_11"",""subject_12"",""subject_13""]","MSE","[1,1,1,1,1,1,1]","","","","bilstm","70","","5","true","Adam","1600","0.5","","","","","","","","","","","","","","","","","","","","","","","","false","/home/benedikt_nothhelfer/ba_upki_benedikt/projects/UpKi_BioMat_Ultra/results","false","fixedwindow","[""all""]","[""imu""]","[""baseline""]","[""ACCX"",""ACCY"",""ACCZ"",""GYROX"",""GYROY"",""GYROZ""]","[""arm_flex_r"",""arm_add_r"",""arm_rot_r"",""elbow_flex_r"",""pro_sup_r"",""wrist_flex_r"",""wrist_dev_r""]","[""arm_flex_r"",""arm_add_r"",""arm_rot_r"",""elbow_flex_r"",""pro_sup_r"",""wrist_flex_r"",""wrist_dev_r"",""arm_flex_l"",""arm_add_l"",""arm_rot_l"",""elbow_flex_l"",""pro_sup_l"",""wrist_flex_l"",""wrist_dev_l""]","[""1"",""2"",""3"",""4"",""5"",""6""]","[""AS"",""CB"",""EF"",""ER"",""OR""]","[""hand(1)"",""wrist(2)"",""Forearm(3)"",""Biceps(4)"",""Triceps(5)"",""Deltoid(6)""]","[""hand(1)"",""wrist(2)"",""Forearm(3)"",""Biceps(4)"",""Triceps(5)"",""Deltoid(6)""]","256","[""AS"",""CB"",""EF"",""ER"",""OR""]","[""F"",""N"",""S"",""VF"",""90"",""180"",""M""]","[""N"",""90"",""180"",""M""]","[""subject_13""]","[""AS"",""CB"",""EF"",""ER"",""OR""]","[""F"",""N"",""S"",""VF"",""90"",""180"",""M""]","[""N"",""90"",""180"",""M""]","[""subject_1"",""subject_2"",""subject_3"",""subject_4"",""subject_5"",""subject_6"",""subject_7"",""subject_8"",""subject_9"",""subject_10"",""subject_11"",""subject_12""]","[""fc1"",""fc2_1"",""fc2_2"",""fc2_3""]","lopo","256","128","0.5","16","3","0.5","false","false","13","19.77563511227465","57.15924262338971","44.02796756390738","35.47433649952365","31.160419856113748","45.670550891318335","7.23835397351952","8.776852328862976","16.94439060692306","45.857861321462806","34.43218135819744","35.5706954332095","50.624084165074386","8.629386068456485","13.792775546457412","29.40733921425445","2.3629202913625607","1.9768548678676008","7.599138442815377","5.901372534435635","3.92025939311119","7.148844681477916","2.516149661815861","4.454936440536917"
"hernandez2021cnnlstm_13.04","finished","-","","","2026-04-13T20:44:17.000Z","1671","choex31w","0.2","64","2","0.2","32","0.1","64","16","0.5","64","3","false","by_var","StandardScaler","All_subjects_data.h5","/home/benedikt_nothhelfer/data_share/ULTra-MoCap/ULTra-MoCap-processed/","cuda","ultramocap_dataset.p","/home/benedikt_nothhelfer/data_share/ULTra-MoCap/","[""ACCX"",""ACCY"",""ACCZ"",""GYROX"",""GYROY"",""GYROZ""]","true","[""1"",""2"",""3"",""4"",""5"",""6""]","false","0.0001","true","0.0001","false","[""subject_1"",""subject_2"",""subject_3"",""subject_4"",""subject_5"",""subject_6"",""subject_7"",""subject_8"",""subject_9"",""subject_10"",""subject_11"",""subject_12"",""subject_13""]","MSE","[1,1,1,1,1,1,1]","","","","bilstm","70","","5","true","Adam","1600","0.5","","","","","","","","","","","","","","","","","","","","","","","","false","/home/benedikt_nothhelfer/ba_upki_benedikt/projects/UpKi_BioMat_Ultra/results","false","fixedwindow","[""all""]","[""imu""]","[""baseline""]","[""ACCX"",""ACCY"",""ACCZ"",""GYROX"",""GYROY"",""GYROZ""]","[""arm_flex_r"",""arm_add_r"",""arm_rot_r"",""elbow_flex_r"",""pro_sup_r"",""wrist_flex_r"",""wrist_dev_r""]","[""arm_flex_r"",""arm_add_r"",""arm_rot_r"",""elbow_flex_r"",""pro_sup_r"",""wrist_flex_r"",""wrist_dev_r"",""arm_flex_l"",""arm_add_l"",""arm_rot_l"",""elbow_flex_l"",""pro_sup_l"",""wrist_flex_l"",""wrist_dev_l""]","[""1"",""2"",""3"",""4"",""5"",""6""]","[""AS"",""CB"",""EF"",""ER"",""OR""]","[""hand(1)"",""wrist(2)"",""Forearm(3)"",""Biceps(4)"",""Triceps(5)"",""Deltoid(6)""]","[""hand(1)"",""wrist(2)"",""Forearm(3)"",""Biceps(4)"",""Triceps(5)"",""Deltoid(6)""]","256","[""AS"",""CB"",""EF"",""ER"",""OR""]","[""F"",""N"",""S"",""VF"",""90"",""180"",""M""]","[""N"",""90"",""180"",""M""]","[""subject_13""]","[""AS"",""CB"",""EF"",""ER"",""OR""]","[""F"",""N"",""S"",""VF"",""90"",""180"",""M""]","[""N"",""90"",""180"",""M""]","[""subject_1"",""subject_2"",""subject_3"",""subject_4"",""subject_5"",""subject_6"",""subject_7"",""subject_8"",""subject_9"",""subject_10"",""subject_11"",""subject_12""]","[""fc1"",""fc2_1"",""fc2_2"",""fc2_3""]","lopo","256","128","0.5","16","3","0.5","false","false","13","18.509295338165582","52.5937222582431","42.01539366331741","33.92645485121077","26.564167200109203","22.79750512150851","7.230614483307322","8.876184685011717","16.541708399889743","40.1772981848928","32.164391189437026","35.275370029247696","23.83201174998305","8.068702264146703","13.970920030409529","24.29005740685808","2.3131340830441465","2.171302679125831","7.686679609291672","5.718001052574121","4.551984262947497","5.661049879445215","2.6296031340577137","4.5712674211303765"
"hernandez2021cnnlstm_13.04","finished","-","","","2026-04-13T20:25:36.000Z","1116","choex31w","0.1","64","2","0.2","16","0.2","64","16","0.5","64","3","false","by_var","StandardScaler","All_subjects_data.h5","/home/benedikt_nothhelfer/data_share/ULTra-MoCap/ULTra-MoCap-processed/","cuda","ultramocap_dataset.p","/home/benedikt_nothhelfer/data_share/ULTra-MoCap/","[""ACCX"",""ACCY"",""ACCZ"",""GYROX"",""GYROY"",""GYROZ""]","true","[""1"",""2"",""3"",""4"",""5"",""6""]","false","0.0001","true","0.0001","false","[""subject_1"",""subject_2"",""subject_3"",""subject_4"",""subject_5"",""subject_6"",""subject_7"",""subject_8"",""subject_9"",""subject_10"",""subject_11"",""subject_12"",""subject_13""]","MSE","[1,1,1,1,1,1,1]","","","","bilstm","50","","5","true","Adam","1600","0.5","","","","","","","","","","","","","","","","","","","","","","","","false","/home/benedikt_nothhelfer/ba_upki_benedikt/projects/UpKi_BioMat_Ultra/results","false","fixedwindow","[""all""]","[""imu""]","[""baseline""]","[""ACCX"",""ACCY"",""ACCZ"",""GYROX"",""GYROY"",""GYROZ""]","[""arm_flex_r"",""arm_add_r"",""arm_rot_r"",""elbow_flex_r"",""pro_sup_r"",""wrist_flex_r"",""wrist_dev_r""]","[""arm_flex_r"",""arm_add_r"",""arm_rot_r"",""elbow_flex_r"",""pro_sup_r"",""wrist_flex_r"",""wrist_dev_r"",""arm_flex_l"",""arm_add_l"",""arm_rot_l"",""elbow_flex_l"",""pro_sup_l"",""wrist_flex_l"",""wrist_dev_l""]","[""1"",""2"",""3"",""4"",""5"",""6""]","[""AS"",""CB"",""EF"",""ER"",""OR""]","[""hand(1)"",""wrist(2)"",""Forearm(3)"",""Biceps(4)"",""Triceps(5)"",""Deltoid(6)""]","[""hand(1)"",""wrist(2)"",""Forearm(3)"",""Biceps(4)"",""Triceps(5)"",""Deltoid(6)""]","256","[""AS"",""CB"",""EF"",""ER"",""OR""]","[""F"",""N"",""S"",""VF"",""90"",""180"",""M""]","[""N"",""90"",""180"",""M""]","[""subject_13""]","[""AS"",""CB"",""EF"",""ER"",""OR""]","[""F"",""N"",""S"",""VF"",""90"",""180"",""M""]","[""N"",""90"",""180"",""M""]","[""subject_1"",""subject_2"",""subject_3"",""subject_4"",""subject_5"",""subject_6"",""subject_7"",""subject_8"",""subject_9"",""subject_10"",""subject_11"",""subject_12""]","[""fc1"",""fc2_1"",""fc2_2"",""fc2_3""]","lopo","256","128","0.5","16","3","0.5","false","false","13","19.768059762312127","57.31020348487493","44.02692897366205","35.27059465831875","29.25091759452459","32.38828779707032","7.220491613203566","8.771856872230389","16.93894082327554","45.91639662371798","34.373750117237265","36.04931251660547","37.34955075553633","8.595155705334202","13.797298260686224","27.574343543199","2.2575602944184507","1.9795371071258263","7.57476331373214","5.928571019650832","4.622013663303527","5.355694673958654","2.507000634757357","4.459923158196437"
"hernandez2021cnnlstm_13.04","finished","-","","","2026-04-13T19:48:59.000Z","2192","choex31w","0.2","64","3","0.1","16","0.1","64","8","0.5","64","3","false","by_var","StandardScaler","All_subjects_data.h5","/home/benedikt_nothhelfer/data_share/ULTra-MoCap/ULTra-MoCap-processed/","cuda","ultramocap_dataset.p","/home/benedikt_nothhelfer/data_share/ULTra-MoCap/","[""ACCX"",""ACCY"",""ACCZ"",""GYROX"",""GYROY"",""GYROZ""]","true","[""1"",""2"",""3"",""4"",""5"",""6""]","false","0.01","true","0.0001","false","[""subject_1"",""subject_2"",""subject_3"",""subject_4"",""subject_5"",""subject_6"",""subject_7"",""subject_8"",""subject_9"",""subject_10"",""subject_11"",""subject_12"",""subject_13""]","MSE","[1,1,1,1,1,1,1]","","","","bilstm","70","","5","true","Adam","1600","0.5","","","","","","","","","","","","","","","","","","","","","","","","false","/home/benedikt_nothhelfer/ba_upki_benedikt/projects/UpKi_BioMat_Ultra/results","false","fixedwindow","[""all""]","[""imu""]","[""baseline""]","[""ACCX"",""ACCY"",""ACCZ"",""GYROX"",""GYROY"",""GYROZ""]","[""arm_flex_r"",""arm_add_r"",""arm_rot_r"",""elbow_flex_r"",""pro_sup_r"",""wrist_flex_r"",""wrist_dev_r""]","[""arm_flex_r"",""arm_add_r"",""arm_rot_r"",""elbow_flex_r"",""pro_sup_r"",""wrist_flex_r"",""wrist_dev_r"",""arm_flex_l"",""arm_add_l"",""arm_rot_l"",""elbow_flex_l"",""pro_sup_l"",""wrist_flex_l"",""wrist_dev_l""]","[""1"",""2"",""3"",""4"",""5"",""6""]","[""AS"",""CB"",""EF"",""ER"",""OR""]","[""hand(1)"",""wrist(2)"",""Forearm(3)"",""Biceps(4)"",""Triceps(5)"",""Deltoid(6)""]","[""hand(1)"",""wrist(2)"",""Forearm(3)"",""Biceps(4)"",""Triceps(5)"",""Deltoid(6)""]","256","[""AS"",""CB"",""EF"",""ER"",""OR""]","[""F"",""N"",""S"",""VF"",""90"",""180"",""M""]","[""N"",""90"",""180"",""M""]","[""subject_13""]","[""AS"",""CB"",""EF"",""ER"",""OR""]","[""F"",""N"",""S"",""VF"",""90"",""180"",""M""]","[""N"",""90"",""180"",""M""]","[""subject_1"",""subject_2"",""subject_3"",""subject_4"",""subject_5"",""subject_6"",""subject_7"",""subject_8"",""subject_9"",""subject_10"",""subject_11"",""subject_12""]","[""fc1"",""fc2_1"",""fc2_2"",""fc2_3""]","lopo","256","128","0.5","16","3","0.5","false","false","13","15.048531365471636","38.365853177769665","30.270342786293725","21.32862204156277","20.70223794441971","24.36725731346735","8.514441112665317","7.020617813707524","14.126543384691452","26.976314443243055","25.56780767147649","20.337506261714523","20.26631164001101","7.784158668674778","12.641682823395977","18.24290355617247","2.724179936153172","1.7024999492393176","6.630837271218396","6.0322456678152125","4.475874116340346","5.063881816500647","2.770280430550083","4.342223853940203"
"hernandez2021cnnlstm_13.04","finished","-","","","2026-04-13T19:23:27.000Z","1526","choex31w","0.3","128","2","0.2","16","0.3","64","16","0.5","64","3","false","by_var","StandardScaler","All_subjects_data.h5","/home/benedikt_nothhelfer/data_share/ULTra-MoCap/ULTra-MoCap-processed/","cuda","ultramocap_dataset.p","/home/benedikt_nothhelfer/data_share/ULTra-MoCap/","[""ACCX"",""ACCY"",""ACCZ"",""GYROX"",""GYROY"",""GYROZ""]","true","[""1"",""2"",""3"",""4"",""5"",""6""]","false","0.01","true","0.0001","false","[""subject_1"",""subject_2"",""subject_3"",""subject_4"",""subject_5"",""subject_6"",""subject_7"",""subject_8"",""subject_9"",""subject_10"",""subject_11"",""subject_12"",""subject_13""]","MSE","[1,1,1,1,1,1,1]","","","","bilstm","50","","5","true","Adam","1600","0.5","","","","","","","","","","","","","","","","","","","","","","","","false","/home/benedikt_nothhelfer/ba_upki_benedikt/projects/UpKi_BioMat_Ultra/results","false","fixedwindow","[""all""]","[""imu""]","[""baseline""]","[""ACCX"",""ACCY"",""ACCZ"",""GYROX"",""GYROY"",""GYROZ""]","[""arm_flex_r"",""arm_add_r"",""arm_rot_r"",""elbow_flex_r"",""pro_sup_r"",""wrist_flex_r"",""wrist_dev_r""]","[""arm_flex_r"",""arm_add_r"",""arm_rot_r"",""elbow_flex_r"",""pro_sup_r"",""wrist_flex_r"",""wrist_dev_r"",""arm_flex_l"",""arm_add_l"",""arm_rot_l"",""elbow_flex_l"",""pro_sup_l"",""wrist_flex_l"",""wrist_dev_l""]","[""1"",""2"",""3"",""4"",""5"",""6""]","[""AS"",""CB"",""EF"",""ER"",""OR""]","[""hand(1)"",""wrist(2)"",""Forearm(3)"",""Biceps(4)"",""Triceps(5)"",""Deltoid(6)""]","[""hand(1)"",""wrist(2)"",""Forearm(3)"",""Biceps(4)"",""Triceps(5)"",""Deltoid(6)""]","256","[""AS"",""CB"",""EF"",""ER"",""OR""]","[""F"",""N"",""S"",""VF"",""90"",""180"",""M""]","[""N"",""90"",""180"",""M""]","[""subject_13""]","[""AS"",""CB"",""EF"",""ER"",""OR""]","[""F"",""N"",""S"",""VF"",""90"",""180"",""M""]","[""N"",""90"",""180"",""M""]","[""subject_1"",""subject_2"",""subject_3"",""subject_4"",""subject_5"",""subject_6"",""subject_7"",""subject_8"",""subject_9"",""subject_10"",""subject_11"",""subject_12""]","[""fc1"",""fc2_1"",""fc2_2"",""fc2_3""]","lopo","256","128","0.5","16","3","0.5","false","false","13","16.155463837438067","41.949380023906095","30.616697219751742","26.768992622371343","21.6348489788349","21.84899488745565","7.2024527655939155","6.901961495327486","14.776087159308874","31.80733669369906","25.52288775445954","24.73743708357778","22.367821535988192","7.837138835022505","12.876207605040252","19.98927380958517","2.50246424785399","2.263832200010472","6.371307171657511","5.898370181301944","3.574494847924788","5.547984271817668","2.966134096963176","4.502509947417907"
"hernandez2021cnnlstm_13.04","finished","-","","","2026-04-13T18:42:00.000Z","2483","choex31w","0.2","64","3","0.3","16","0.3","64","16","0.5","64","3","false","by_var","StandardScaler","All_subjects_data.h5","/home/benedikt_nothhelfer/data_share/ULTra-MoCap/ULTra-MoCap-processed/","cuda","ultramocap_dataset.p","/home/benedikt_nothhelfer/data_share/ULTra-MoCap/","[""ACCX"",""ACCY"",""ACCZ"",""GYROX"",""GYROY"",""GYROZ""]","true","[""1"",""2"",""3"",""4"",""5"",""6""]","false","0.01","true","0.0001","false","[""subject_1"",""subject_2"",""subject_3"",""subject_4"",""subject_5"",""subject_6"",""subject_7"",""subject_8"",""subject_9"",""subject_10"",""subject_11"",""subject_12"",""subject_13""]","MSE","[1,1,1,1,1,1,1]","","","","bilstm","100","","5","true","Adam","1600","0.5","","","","","","","","","","","","","","","","","","","","","","","","false","/home/benedikt_nothhelfer/ba_upki_benedikt/projects/UpKi_BioMat_Ultra/results","false","fixedwindow","[""all""]","[""imu""]","[""baseline""]","[""ACCX"",""ACCY"",""ACCZ"",""GYROX"",""GYROY"",""GYROZ""]","[""arm_flex_r"",""arm_add_r"",""arm_rot_r"",""elbow_flex_r"",""pro_sup_r"",""wrist_flex_r"",""wrist_dev_r""]","[""arm_flex_r"",""arm_add_r"",""arm_rot_r"",""elbow_flex_r"",""pro_sup_r"",""wrist_flex_r"",""wrist_dev_r"",""arm_flex_l"",""arm_add_l"",""arm_rot_l"",""elbow_flex_l"",""pro_sup_l"",""wrist_flex_l"",""wrist_dev_l""]","[""1"",""2"",""3"",""4"",""5"",""6""]","[""AS"",""CB"",""EF"",""ER"",""OR""]","[""hand(1)"",""wrist(2)"",""Forearm(3)"",""Biceps(4)"",""Triceps(5)"",""Deltoid(6)""]","[""hand(1)"",""wrist(2)"",""Forearm(3)"",""Biceps(4)"",""Triceps(5)"",""Deltoid(6)""]","256","[""AS"",""CB"",""EF"",""ER"",""OR""]","[""F"",""N"",""S"",""VF"",""90"",""180"",""M""]","[""N"",""90"",""180"",""M""]","[""subject_13""]","[""AS"",""CB"",""EF"",""ER"",""OR""]","[""F"",""N"",""S"",""VF"",""90"",""180"",""M""]","[""N"",""90"",""180"",""M""]","[""subject_1"",""subject_2"",""subject_3"",""subject_4"",""subject_5"",""subject_6"",""subject_7"",""subject_8"",""subject_9"",""subject_10"",""subject_11"",""subject_12""]","[""fc1"",""fc2_1"",""fc2_2"",""fc2_3""]","lopo","256","128","0.5","16","3","0.5","false","false","13","16.291440616168327","43.47604441571444","31.196397090434367","28.681978793806433","22.80597960728387","24.49408026339749","8.320212184545387","7.18170388692064","14.851270832970982","32.06207703589014","26.445244664778834","25.68708952799091","22.54522928549104","7.749452709471881","13.150857725048732","20.35588882594893","2.5278945572502307","1.8105748987548984","6.332519705873667","5.965773607440202","4.608698525373479","5.3172016098794685","2.7167247015341944","4.720975231278079"
"hernandez2021cnnlstm_13.04","finished","-","","","2026-04-13T18:14:07.000Z","1668","choex31w","0.2","64","2","0.1","32","0.2","32","16","0.5","64","3","false","by_var","StandardScaler","All_subjects_data.h5","/home/benedikt_nothhelfer/data_share/ULTra-MoCap/ULTra-MoCap-processed/","cuda","ultramocap_dataset.p","/home/benedikt_nothhelfer/data_share/ULTra-MoCap/","[""ACCX"",""ACCY"",""ACCZ"",""GYROX"",""GYROY"",""GYROZ""]","true","[""1"",""2"",""3"",""4"",""5"",""6""]","false","0.01","true","0.00001","false","[""subject_1"",""subject_2"",""subject_3"",""subject_4"",""subject_5"",""subject_6"",""subject_7"",""subject_8"",""subject_9"",""subject_10"",""subject_11"",""subject_12"",""subject_13""]","MSE","[1,1,1,1,1,1,1]","","","","bilstm","70","","5","true","Adam","1600","0.5","","","","","","","","","","","","","","","","","","","","","","","","false","/home/benedikt_nothhelfer/ba_upki_benedikt/projects/UpKi_BioMat_Ultra/results","false","fixedwindow","[""all""]","[""imu""]","[""baseline""]","[""ACCX"",""ACCY"",""ACCZ"",""GYROX"",""GYROY"",""GYROZ""]","[""arm_flex_r"",""arm_add_r"",""arm_rot_r"",""elbow_flex_r"",""pro_sup_r"",""wrist_flex_r"",""wrist_dev_r""]","[""arm_flex_r"",""arm_add_r"",""arm_rot_r"",""elbow_flex_r"",""pro_sup_r"",""wrist_flex_r"",""wrist_dev_r"",""arm_flex_l"",""arm_add_l"",""arm_rot_l"",""elbow_flex_l"",""pro_sup_l"",""wrist_flex_l"",""wrist_dev_l""]","[""1"",""2"",""3"",""4"",""5"",""6""]","[""AS"",""CB"",""EF"",""ER"",""OR""]","[""hand(1)"",""wrist(2)"",""Forearm(3)"",""Biceps(4)"",""Triceps(5)"",""Deltoid(6)""]","[""hand(1)"",""wrist(2)"",""Forearm(3)"",""Biceps(4)"",""Triceps(5)"",""Deltoid(6)""]","256","[""AS"",""CB"",""EF"",""ER"",""OR""]","[""F"",""N"",""S"",""VF"",""90"",""180"",""M""]","[""N"",""90"",""180"",""M""]","[""subject_13""]","[""AS"",""CB"",""EF"",""ER"",""OR""]","[""F"",""N"",""S"",""VF"",""90"",""180"",""M""]","[""N"",""90"",""180"",""M""]","[""subject_1"",""subject_2"",""subject_3"",""subject_4"",""subject_5"",""subject_6"",""subject_7"",""subject_8"",""subject_9"",""subject_10"",""subject_11"",""subject_12""]","[""fc1"",""fc2_1"",""fc2_2"",""fc2_3""]","lopo","256","128","0.5","16","3","0.5","false","false","13","26.396494640421057","55.934598156555715","44.0604094644044","48.57518262434159","38.207926333650406","76.64953825525305","7.235528313477017","8.603732881100004","20.387283001439155","46.90138417991116","34.413072892699375","47.68819482489145","79.00610138683123","8.627162983013248","14.39738636863956","35.91722651963217","2.8809727921906068","3.472924149372435","6.241652376006306","5.8484604083797915","9.02835303008051","9.7367949021046","2.5132999068838657","5.109104411753312"
"hernandez2021cnnlstm_13.04","finished","-","","","2026-04-13T18:07:27.000Z","91","9m2nov1i","0.1","64","2","0.3","16","0.1","64","16","0.5","64","3","false","by_var","StandardScaler","All_subjects_data.h5","/home/benedikt_nothhelfer/data_share/ULTra-MoCap/ULTra-MoCap-processed/","cuda","ultramocap_dataset.p","/home/benedikt_nothhelfer/data_share/ULTra-MoCap/","[""ACCX"",""ACCY"",""ACCZ"",""GYROX"",""GYROY"",""GYROZ""]","true","[""1"",""2"",""3"",""4"",""5"",""6""]","false","0.01","true","0.0001","false","[""subject_1"",""subject_2"",""subject_3"",""subject_4"",""subject_5"",""subject_6"",""subject_7"",""subject_8"",""subject_9"",""subject_10"",""subject_11"",""subject_12"",""subject_13""]","MSE","[1,1,1,1,1,1,1]","","","","bilstm","70","","5","true","Adam","1600","0.5","","","","","","","","","","","","","","","","","","","","","","","","false","/home/benedikt_nothhelfer/ba_upki_benedikt/projects/UpKi_BioMat_Ultra/results","false","fixedwindow","[""all""]","[""imu""]","[""baseline""]","[""ACCX"",""ACCY"",""ACCZ"",""GYROX"",""GYROY"",""GYROZ""]","[""arm_flex_r"",""arm_add_r"",""arm_rot_r"",""elbow_flex_r"",""pro_sup_r"",""wrist_flex_r"",""wrist_dev_r""]","[""arm_flex_r"",""arm_add_r"",""arm_rot_r"",""elbow_flex_r"",""pro_sup_r"",""wrist_flex_r"",""wrist_dev_r"",""arm_flex_l"",""arm_add_l"",""arm_rot_l"",""elbow_flex_l"",""pro_sup_l"",""wrist_flex_l"",""wrist_dev_l""]","[""1"",""2"",""3"",""4"",""5"",""6""]","[""AS"",""CB"",""EF"",""ER"",""OR""]","[""hand(1)"",""wrist(2)"",""Forearm(3)"",""Biceps(4)"",""Triceps(5)"",""Deltoid(6)""]","[""hand(1)"",""wrist(2)"",""Forearm(3)"",""Biceps(4)"",""Triceps(5)"",""Deltoid(6)""]","256","[""AS"",""CB"",""EF"",""ER"",""OR""]","[""N"",""90"",""180"",""M""]","[""F"",""N"",""S"",""VF"",""90"",""180"",""M""]","[""subject_13""]","[""AS"",""CB"",""EF"",""ER"",""OR""]","[""N"",""90"",""180"",""M""]","[""F"",""N"",""S"",""VF"",""90"",""180"",""M""]","[""subject_1"",""subject_2"",""subject_3"",""subject_4"",""subject_5"",""subject_6"",""subject_7"",""subject_8"",""subject_9"",""subject_10"",""subject_11"",""subject_12""]","[""fc1"",""fc2_1"",""fc2_2"",""fc2_3""]","lopo","256","128","0.5","16","3","0.5","false","false","1","17.909306845231015","37.074096592381025","26.69178606262999","34.82997105505644","31.338796487739017","73.11883097074985","12.69559092276549","17.051992965359304","","","","","","","","","","","","","","","",""
"hernandez2021cnnlstm_13.04","finished","-","","","2026-04-13T02:27:41.000Z","853","y5jp8oqw","0.1","128","3","0.2","16","0.1","32","16","0.5","64","3","false","by_var","StandardScaler","All_subjects_data.h5","/home/benedikt_nothhelfer/data_share/ULTra-MoCap/ULTra-MoCap-processed/","cuda","ultramocap_dataset.p","/home/benedikt_nothhelfer/data_share/ULTra-MoCap/","[""ACCX"",""ACCY"",""ACCZ"",""GYROX"",""GYROY"",""GYROZ""]","true","[""1"",""2"",""3"",""4"",""5"",""6""]","false","0.001","true","0.0001","false","[""subject_1"",""subject_2"",""subject_3"",""subject_4"",""subject_5"",""subject_6"",""subject_7"",""subject_8"",""subject_9"",""subject_10"",""subject_11"",""subject_12"",""subject_13""]","MSE","[1,1,1,1,1,1,1]","","","","bilstm","70","","5","true","Adam","1600","0.5","","","","","","","","","","","","","","","","","","","","","","","","false","/home/benedikt_nothhelfer/ba_upki_benedikt/projects/UpKi_BioMat_Ultra/results","false","fixedwindow","[""all""]","[""imu""]","[""baseline""]","[""ACCX"",""ACCY"",""ACCZ"",""GYROX"",""GYROY"",""GYROZ""]","[""arm_flex_r"",""arm_add_r"",""arm_rot_r"",""elbow_flex_r"",""pro_sup_r"",""wrist_flex_r"",""wrist_dev_r""]","[""arm_flex_r"",""arm_add_r"",""arm_rot_r"",""elbow_flex_r"",""pro_sup_r"",""wrist_flex_r"",""wrist_dev_r"",""arm_flex_l"",""arm_add_l"",""arm_rot_l"",""elbow_flex_l"",""pro_sup_l"",""wrist_flex_l"",""wrist_dev_l""]","[""1"",""2"",""3"",""4"",""5"",""6""]","[""AS"",""CB"",""EF"",""ER"",""OR""]","[""hand(1)"",""wrist(2)"",""Forearm(3)"",""Biceps(4)"",""Triceps(5)"",""Deltoid(6)""]","[""hand(1)"",""wrist(2)"",""Forearm(3)"",""Biceps(4)"",""Triceps(5)"",""Deltoid(6)""]","256","[""AS"",""CB"",""EF"",""ER"",""OR""]","[""N"",""90"",""180"",""M""]","[""F"",""N"",""S"",""VF"",""90"",""180"",""M""]","[""subject_13""]","[""AS"",""CB"",""EF"",""ER"",""OR""]","[""N"",""90"",""180"",""M""]","[""F"",""N"",""S"",""VF"",""90"",""180"",""M""]","[""subject_1"",""subject_2"",""subject_3"",""subject_4"",""subject_5"",""subject_6"",""subject_7"",""subject_8"",""subject_9"",""subject_10"",""subject_11"",""subject_12""]","[""fc1"",""fc2_1"",""fc2_2"",""fc2_3""]","lopo","256","128","0.5","16","3","0.5","false","false","13","18.967628794449485","57.57807187096786","43.77929077289324","35.68868650869901","28.898449116263244","30.98757879165775","7.048027626810236","8.239859448365168","17.405939520199702","45.20946529176103","33.9931881799551","35.40731004056288","36.26571755339424","8.51274205723255","13.3943254947477","27.16981259112188","2.4048179630666415","1.990163228602326","7.770961119300733","6.919289216615661","4.2918332148279426","5.495321089206507","2.4327156431156083","4.394475386677907"
"hernandez2021cnnlstm_13.04","finished","-","","","2026-04-13T01:56:54.000Z","1842","y5jp8oqw","0.2","128","2","0.2","16","0.2","64","8","0.5","64","3","false","by_var","StandardScaler","All_subjects_data.h5","/home/benedikt_nothhelfer/data_share/ULTra-MoCap/ULTra-MoCap-processed/","cuda","ultramocap_dataset.p","/home/benedikt_nothhelfer/data_share/ULTra-MoCap/","[""ACCX"",""ACCY"",""ACCZ"",""GYROX"",""GYROY"",""GYROZ""]","true","[""1"",""2"",""3"",""4"",""5"",""6""]","false","0.001","true","0.0001","false","[""subject_1"",""subject_2"",""subject_3"",""subject_4"",""subject_5"",""subject_6"",""subject_7"",""subject_8"",""subject_9"",""subject_10"",""subject_11"",""subject_12"",""subject_13""]","MSE","[1,1,1,1,1,1,1]","","","","bilstm","100","","5","true","Adam","1600","0.5","","","","","","","","","","","","","","","","","","","","","","","","false","/home/benedikt_nothhelfer/ba_upki_benedikt/projects/UpKi_BioMat_Ultra/results","false","fixedwindow","[""all""]","[""imu""]","[""baseline""]","[""ACCX"",""ACCY"",""ACCZ"",""GYROX"",""GYROY"",""GYROZ""]","[""arm_flex_r"",""arm_add_r"",""arm_rot_r"",""elbow_flex_r"",""pro_sup_r"",""wrist_flex_r"",""wrist_dev_r""]","[""arm_flex_r"",""arm_add_r"",""arm_rot_r"",""elbow_flex_r"",""pro_sup_r"",""wrist_flex_r"",""wrist_dev_r"",""arm_flex_l"",""arm_add_l"",""arm_rot_l"",""elbow_flex_l"",""pro_sup_l"",""wrist_flex_l"",""wrist_dev_l""]","[""1"",""2"",""3"",""4"",""5"",""6""]","[""AS"",""CB"",""EF"",""ER"",""OR""]","[""hand(1)"",""wrist(2)"",""Forearm(3)"",""Biceps(4)"",""Triceps(5)"",""Deltoid(6)""]","[""hand(1)"",""wrist(2)"",""Forearm(3)"",""Biceps(4)"",""Triceps(5)"",""Deltoid(6)""]","256","[""AS"",""CB"",""EF"",""ER"",""OR""]","[""N"",""90"",""180"",""M""]","[""F"",""N"",""S"",""VF"",""90"",""180"",""M""]","[""subject_13""]","[""AS"",""CB"",""EF"",""ER"",""OR""]","[""N"",""90"",""180"",""M""]","[""F"",""N"",""S"",""VF"",""90"",""180"",""M""]","[""subject_1"",""subject_2"",""subject_3"",""subject_4"",""subject_5"",""subject_6"",""subject_7"",""subject_8"",""subject_9"",""subject_10"",""subject_11"",""subject_12""]","[""fc1"",""fc2_1"",""fc2_2"",""fc2_3""]","lopo","256","128","0.5","16","3","0.5","false","false","13","14.513396954210783","32.79971183503061","27.68167608389799","20.638468606281812","19.27292223980727","23.283623672390775","9.683045188426425","6.310533338412483","13.008396358368897","23.225961518813584","24.195608991391858","18.83307150447192","20.731882006782563","7.837346391371494","11.587207034332607","17.059924829361847","2.877653188611985","2.4850553126560575","5.223792943481966","5.325757242080529","4.017998277513635","5.489650536500109","2.876745756122166","4.345977644393831"
"hernandez2021cnnlstm_13.04","finished","-","","","2026-04-13T01:47:10.000Z","583","y5jp8oqw","0.1","64","3","0.3","16","0.2","32","8","0.5","64","3","false","by_var","StandardScaler","All_subjects_data.h5","/home/benedikt_nothhelfer/data_share/ULTra-MoCap/ULTra-MoCap-processed/","cuda","ultramocap_dataset.p","/home/benedikt_nothhelfer/data_share/ULTra-MoCap/","[""ACCX"",""ACCY"",""ACCZ"",""GYROX"",""GYROY"",""GYROZ""]","true","[""1"",""2"",""3"",""4"",""5"",""6""]","false","0.01","true","0.00001","false","[""subject_1"",""subject_2"",""subject_3"",""subject_4"",""subject_5"",""subject_6"",""subject_7"",""subject_8"",""subject_9"",""subject_10"",""subject_11"",""subject_12"",""subject_13""]","MSE","[1,1,1,1,1,1,1]","","","","bilstm","50","","5","true","Adam","1600","0.5","","","","","","","","","","","","","","","","","","","","","","","","false","/home/benedikt_nothhelfer/ba_upki_benedikt/projects/UpKi_BioMat_Ultra/results","false","fixedwindow","[""all""]","[""imu""]","[""baseline""]","[""ACCX"",""ACCY"",""ACCZ"",""GYROX"",""GYROY"",""GYROZ""]","[""arm_flex_r"",""arm_add_r"",""arm_rot_r"",""elbow_flex_r"",""pro_sup_r"",""wrist_flex_r"",""wrist_dev_r""]","[""arm_flex_r"",""arm_add_r"",""arm_rot_r"",""elbow_flex_r"",""pro_sup_r"",""wrist_flex_r"",""wrist_dev_r"",""arm_flex_l"",""arm_add_l"",""arm_rot_l"",""elbow_flex_l"",""pro_sup_l"",""wrist_flex_l"",""wrist_dev_l""]","[""1"",""2"",""3"",""4"",""5"",""6""]","[""AS"",""CB"",""EF"",""ER"",""OR""]","[""hand(1)"",""wrist(2)"",""Forearm(3)"",""Biceps(4)"",""Triceps(5)"",""Deltoid(6)""]","[""hand(1)"",""wrist(2)"",""Forearm(3)"",""Biceps(4)"",""Triceps(5)"",""Deltoid(6)""]","256","[""AS"",""CB"",""EF"",""ER"",""OR""]","[""N"",""90"",""180"",""M""]","[""F"",""N"",""S"",""VF"",""90"",""180"",""M""]","[""subject_13""]","[""AS"",""CB"",""EF"",""ER"",""OR""]","[""N"",""90"",""180"",""M""]","[""F"",""N"",""S"",""VF"",""90"",""180"",""M""]","[""subject_1"",""subject_2"",""subject_3"",""subject_4"",""subject_5"",""subject_6"",""subject_7"",""subject_8"",""subject_9"",""subject_10"",""subject_11"",""subject_12""]","[""fc1"",""fc2_1"",""fc2_2"",""fc2_3""]","lopo","256","128","0.5","16","3","0.5","false","false","13","29.98324666550239","56.053012692779305","44.00129965592352","53.98612110458218","40.2884057259326","80.30399362066748","7.129776743904458","10.561389598168834","23.862455303118892","46.96625060420991","33.68971495465774","51.431052481705635","83.5225884555428","8.49847156704563","15.54159581951477","37.64458988368505","2.936817246657065","4.142696635577961","5.799559158294133","6.296842011139016","9.908688038819228","9.739550536917424","2.427441847871547","5.696899180098375"
"hernandez2021cnnlstm_13.04","finished","-","","","2026-04-13T01:30:47.000Z","978","y5jp8oqw","0.1","128","2","0.3","32","0.3","64","16","0.5","64","3","false","by_var","StandardScaler","All_subjects_data.h5","/home/benedikt_nothhelfer/data_share/ULTra-MoCap/ULTra-MoCap-processed/","cuda","ultramocap_dataset.p","/home/benedikt_nothhelfer/data_share/ULTra-MoCap/","[""ACCX"",""ACCY"",""ACCZ"",""GYROX"",""GYROY"",""GYROZ""]","true","[""1"",""2"",""3"",""4"",""5"",""6""]","false","0.01","true","0.0001","false","[""subject_1"",""subject_2"",""subject_3"",""subject_4"",""subject_5"",""subject_6"",""subject_7"",""subject_8"",""subject_9"",""subject_10"",""subject_11"",""subject_12"",""subject_13""]","MSE","[1,1,1,1,1,1,1]","","","","bilstm","70","","5","true","Adam","1600","0.5","","","","","","","","","","","","","","","","","","","","","","","","false","/home/benedikt_nothhelfer/ba_upki_benedikt/projects/UpKi_BioMat_Ultra/results","false","fixedwindow","[""all""]","[""imu""]","[""baseline""]","[""ACCX"",""ACCY"",""ACCZ"",""GYROX"",""GYROY"",""GYROZ""]","[""arm_flex_r"",""arm_add_r"",""arm_rot_r"",""elbow_flex_r"",""pro_sup_r"",""wrist_flex_r"",""wrist_dev_r""]","[""arm_flex_r"",""arm_add_r"",""arm_rot_r"",""elbow_flex_r"",""pro_sup_r"",""wrist_flex_r"",""wrist_dev_r"",""arm_flex_l"",""arm_add_l"",""arm_rot_l"",""elbow_flex_l"",""pro_sup_l"",""wrist_flex_l"",""wrist_dev_l""]","[""1"",""2"",""3"",""4"",""5"",""6""]","[""AS"",""CB"",""EF"",""ER"",""OR""]","[""hand(1)"",""wrist(2)"",""Forearm(3)"",""Biceps(4)"",""Triceps(5)"",""Deltoid(6)""]","[""hand(1)"",""wrist(2)"",""Forearm(3)"",""Biceps(4)"",""Triceps(5)"",""Deltoid(6)""]","256","[""AS"",""CB"",""EF"",""ER"",""OR""]","[""N"",""90"",""180"",""M""]","[""F"",""N"",""S"",""VF"",""90"",""180"",""M""]","[""subject_13""]","[""AS"",""CB"",""EF"",""ER"",""OR""]","[""N"",""90"",""180"",""M""]","[""F"",""N"",""S"",""VF"",""90"",""180"",""M""]","[""subject_1"",""subject_2"",""subject_3"",""subject_4"",""subject_5"",""subject_6"",""subject_7"",""subject_8"",""subject_9"",""subject_10"",""subject_11"",""subject_12""]","[""fc1"",""fc2_1"",""fc2_2"",""fc2_3""]","lopo","256","128","0.5","16","3","0.5","false","false","13","17.860323431701513","54.05357320429423","42.6836068925362","34.14348294820352","27.16154280862794","25.464364969764652","7.295863513894865","8.62958470000061","16.621286633571355","38.90476515647886","30.77800236062206","34.298025670922456","28.192562476892626","7.887978492241825","13.423907878178518","24.300932666986817","2.4924444552735125","2.1029140703124707","8.032804914024716","6.968441541405428","4.122303925640207","6.96272286304966","2.672502503712993","4.382919645456208"
"hernandez2021cnnlstm_13.04","finished","-","","","2026-04-13T01:12:57.000Z","1068","y5jp8oqw","0.2","128","3","0.2","32","0.2","32","8","0.5","64","3","false","by_var","StandardScaler","All_subjects_data.h5","/home/benedikt_nothhelfer/data_share/ULTra-MoCap/ULTra-MoCap-processed/","cuda","ultramocap_dataset.p","/home/benedikt_nothhelfer/data_share/ULTra-MoCap/","[""ACCX"",""ACCY"",""ACCZ"",""GYROX"",""GYROY"",""GYROZ""]","true","[""1"",""2"",""3"",""4"",""5"",""6""]","false","0.0001","true","0.0001","false","[""subject_1"",""subject_2"",""subject_3"",""subject_4"",""subject_5"",""subject_6"",""subject_7"",""subject_8"",""subject_9"",""subject_10"",""subject_11"",""subject_12"",""subject_13""]","MSE","[1,1,1,1,1,1,1]","","","","bilstm","50","","5","true","Adam","1600","0.5","","","","","","","","","","","","","","","","","","","","","","","","false","/home/benedikt_nothhelfer/ba_upki_benedikt/projects/UpKi_BioMat_Ultra/results","false","fixedwindow","[""all""]","[""imu""]","[""baseline""]","[""ACCX"",""ACCY"",""ACCZ"",""GYROX"",""GYROY"",""GYROZ""]","[""arm_flex_r"",""arm_add_r"",""arm_rot_r"",""elbow_flex_r"",""pro_sup_r"",""wrist_flex_r"",""wrist_dev_r""]","[""arm_flex_r"",""arm_add_r"",""arm_rot_r"",""elbow_flex_r"",""pro_sup_r"",""wrist_flex_r"",""wrist_dev_r"",""arm_flex_l"",""arm_add_l"",""arm_rot_l"",""elbow_flex_l"",""pro_sup_l"",""wrist_flex_l"",""wrist_dev_l""]","[""1"",""2"",""3"",""4"",""5"",""6""]","[""AS"",""CB"",""EF"",""ER"",""OR""]","[""hand(1)"",""wrist(2)"",""Forearm(3)"",""Biceps(4)"",""Triceps(5)"",""Deltoid(6)""]","[""hand(1)"",""wrist(2)"",""Forearm(3)"",""Biceps(4)"",""Triceps(5)"",""Deltoid(6)""]","256","[""AS"",""CB"",""EF"",""ER"",""OR""]","[""N"",""90"",""180"",""M""]","[""F"",""N"",""S"",""VF"",""90"",""180"",""M""]","[""subject_13""]","[""AS"",""CB"",""EF"",""ER"",""OR""]","[""N"",""90"",""180"",""M""]","[""F"",""N"",""S"",""VF"",""90"",""180"",""M""]","[""subject_1"",""subject_2"",""subject_3"",""subject_4"",""subject_5"",""subject_6"",""subject_7"",""subject_8"",""subject_9"",""subject_10"",""subject_11"",""subject_12""]","[""fc1"",""fc2_1"",""fc2_2"",""fc2_3""]","lopo","256","128","0.5","16","3","0.5","false","false","13","18.979648364073817","57.57250231407288","43.77979672636819","35.69053777104274","28.805218735223644","30.315143835332737","7.0689202527197965","8.229981882955341","17.399299101485582","45.20359076189733","33.99006507396318","35.40055741069712","35.18687114822663","8.515336838857188","13.392708983139764","27.012632759752396","2.410129292851268","1.9903112980895228","7.76909232452579","6.916093198439009","4.290414510782034","5.278305263210691","2.449386599770551","4.3912303775799595"
"hernandez2021cnnlstm_13.04","finished","-","","","2026-04-13T01:00:31.000Z","740","y5jp8oqw","0.2","64","2","0.2","32","0.1","64","16","0.5","64","3","false","by_var","StandardScaler","All_subjects_data.h5","/home/benedikt_nothhelfer/data_share/ULTra-MoCap/ULTra-MoCap-processed/","cuda","ultramocap_dataset.p","/home/benedikt_nothhelfer/data_share/ULTra-MoCap/","[""ACCX"",""ACCY"",""ACCZ"",""GYROX"",""GYROY"",""GYROZ""]","true","[""1"",""2"",""3"",""4"",""5"",""6""]","false","0.0001","true","0.0001","false","[""subject_1"",""subject_2"",""subject_3"",""subject_4"",""subject_5"",""subject_6"",""subject_7"",""subject_8"",""subject_9"",""subject_10"",""subject_11"",""subject_12"",""subject_13""]","MSE","[1,1,1,1,1,1,1]","","","","bilstm","70","","5","true","Adam","1600","0.5","","","","","","","","","","","","","","","","","","","","","","","","false","/home/benedikt_nothhelfer/ba_upki_benedikt/projects/UpKi_BioMat_Ultra/results","false","fixedwindow","[""all""]","[""imu""]","[""baseline""]","[""ACCX"",""ACCY"",""ACCZ"",""GYROX"",""GYROY"",""GYROZ""]","[""arm_flex_r"",""arm_add_r"",""arm_rot_r"",""elbow_flex_r"",""pro_sup_r"",""wrist_flex_r"",""wrist_dev_r""]","[""arm_flex_r"",""arm_add_r"",""arm_rot_r"",""elbow_flex_r"",""pro_sup_r"",""wrist_flex_r"",""wrist_dev_r"",""arm_flex_l"",""arm_add_l"",""arm_rot_l"",""elbow_flex_l"",""pro_sup_l"",""wrist_flex_l"",""wrist_dev_l""]","[""1"",""2"",""3"",""4"",""5"",""6""]","[""AS"",""CB"",""EF"",""ER"",""OR""]","[""hand(1)"",""wrist(2)"",""Forearm(3)"",""Biceps(4)"",""Triceps(5)"",""Deltoid(6)""]","[""hand(1)"",""wrist(2)"",""Forearm(3)"",""Biceps(4)"",""Triceps(5)"",""Deltoid(6)""]","256","[""AS"",""CB"",""EF"",""ER"",""OR""]","[""N"",""90"",""180"",""M""]","[""F"",""N"",""S"",""VF"",""90"",""180"",""M""]","[""subject_13""]","[""AS"",""CB"",""EF"",""ER"",""OR""]","[""N"",""90"",""180"",""M""]","[""F"",""N"",""S"",""VF"",""90"",""180"",""M""]","[""subject_1"",""subject_2"",""subject_3"",""subject_4"",""subject_5"",""subject_6"",""subject_7"",""subject_8"",""subject_9"",""subject_10"",""subject_11"",""subject_12""]","[""fc1"",""fc2_1"",""fc2_2"",""fc2_3""]","lopo","256","128","0.5","16","3","0.5","false","false","13","18.91465912835279","57.232156856957886","43.416041937900026","36.1213460143273","30.70852876520028","44.052394059377626","7.026654530110783","8.196448829375587","17.35448219709007","45.02899549984656","33.8995486293926","35.41940382268011","49.87683924499679","8.497141649874546","13.394527087270577","29.067276875878743","2.445268706953573","1.9799430950165255","7.673655550560799","6.861676630962636","4.173289498466776","6.878494119558647","2.4390730038553956","4.410777485211753"
"hernandez2021cnnlstm_13.04","finished","-","","","2026-04-13T00:33:13.000Z","1634","y5jp8oqw","0.1","128","3","0.3","32","0.1","64","8","0.5","64","3","false","by_var","StandardScaler","All_subjects_data.h5","/home/benedikt_nothhelfer/data_share/ULTra-MoCap/ULTra-MoCap-processed/","cuda","ultramocap_dataset.p","/home/benedikt_nothhelfer/data_share/ULTra-MoCap/","[""ACCX"",""ACCY"",""ACCZ"",""GYROX"",""GYROY"",""GYROZ""]","true","[""1"",""2"",""3"",""4"",""5"",""6""]","false","0.01","true","0.00001","false","[""subject_1"",""subject_2"",""subject_3"",""subject_4"",""subject_5"",""subject_6"",""subject_7"",""subject_8"",""subject_9"",""subject_10"",""subject_11"",""subject_12"",""subject_13""]","MSE","[1,1,1,1,1,1,1]","","","","bilstm","70","","5","true","Adam","1600","0.5","","","","","","","","","","","","","","","","","","","","","","","","false","/home/benedikt_nothhelfer/ba_upki_benedikt/projects/UpKi_BioMat_Ultra/results","false","fixedwindow","[""all""]","[""imu""]","[""baseline""]","[""ACCX"",""ACCY"",""ACCZ"",""GYROX"",""GYROY"",""GYROZ""]","[""arm_flex_r"",""arm_add_r"",""arm_rot_r"",""elbow_flex_r"",""pro_sup_r"",""wrist_flex_r"",""wrist_dev_r""]","[""arm_flex_r"",""arm_add_r"",""arm_rot_r"",""elbow_flex_r"",""pro_sup_r"",""wrist_flex_r"",""wrist_dev_r"",""arm_flex_l"",""arm_add_l"",""arm_rot_l"",""elbow_flex_l"",""pro_sup_l"",""wrist_flex_l"",""wrist_dev_l""]","[""1"",""2"",""3"",""4"",""5"",""6""]","[""AS"",""CB"",""EF"",""ER"",""OR""]","[""hand(1)"",""wrist(2)"",""Forearm(3)"",""Biceps(4)"",""Triceps(5)"",""Deltoid(6)""]","[""hand(1)"",""wrist(2)"",""Forearm(3)"",""Biceps(4)"",""Triceps(5)"",""Deltoid(6)""]","256","[""AS"",""CB"",""EF"",""ER"",""OR""]","[""N"",""90"",""180"",""M""]","[""F"",""N"",""S"",""VF"",""90"",""180"",""M""]","[""subject_13""]","[""AS"",""CB"",""EF"",""ER"",""OR""]","[""N"",""90"",""180"",""M""]","[""F"",""N"",""S"",""VF"",""90"",""180"",""M""]","[""subject_1"",""subject_2"",""subject_3"",""subject_4"",""subject_5"",""subject_6"",""subject_7"",""subject_8"",""subject_9"",""subject_10"",""subject_11"",""subject_12""]","[""fc1"",""fc2_1"",""fc2_2"",""fc2_3""]","lopo","256","128","0.5","16","3","0.5","false","false","13","21.496334294669243","56.23878147764789","43.8276899487846","42.4660833091602","34.825929510145336","65.07688835138735","7.031060272521364","7.644668916846678","17.016530332337474","44.76617938697063","33.89059656555388","40.99872505134941","69.91747293269901","8.511126685958242","13.164389487525462","32.609288634627724","2.9946690789360737","2.51286340108038","6.996879100504302","6.761901156677304","8.477755548973521","9.003530954943946","2.4402386746378366","4.458419824354259"
"hernandez2021cnnlstm_13.04","finished","-","","","2026-04-13T00:07:33.000Z","1535","y5jp8oqw","0.2","64","2","0.1","32","0.2","32","8","0.5","64","3","false","by_var","StandardScaler","All_subjects_data.h5","/home/benedikt_nothhelfer/data_share/ULTra-MoCap/ULTra-MoCap-processed/","cuda","ultramocap_dataset.p","/home/benedikt_nothhelfer/data_share/ULTra-MoCap/","[""ACCX"",""ACCY"",""ACCZ"",""GYROX"",""GYROY"",""GYROZ""]","true","[""1"",""2"",""3"",""4"",""5"",""6""]","false","0.0001","true","0.0001","false","[""subject_1"",""subject_2"",""subject_3"",""subject_4"",""subject_5"",""subject_6"",""subject_7"",""subject_8"",""subject_9"",""subject_10"",""subject_11"",""subject_12"",""subject_13""]","MSE","[1,1,1,1,1,1,1]","","","","bilstm","100","","5","true","Adam","1600","0.5","","","","","","","","","","","","","","","","","","","","","","","","false","/home/benedikt_nothhelfer/ba_upki_benedikt/projects/UpKi_BioMat_Ultra/results","false","fixedwindow","[""all""]","[""imu""]","[""baseline""]","[""ACCX"",""ACCY"",""ACCZ"",""GYROX"",""GYROY"",""GYROZ""]","[""arm_flex_r"",""arm_add_r"",""arm_rot_r"",""elbow_flex_r"",""pro_sup_r"",""wrist_flex_r"",""wrist_dev_r""]","[""arm_flex_r"",""arm_add_r"",""arm_rot_r"",""elbow_flex_r"",""pro_sup_r"",""wrist_flex_r"",""wrist_dev_r"",""arm_flex_l"",""arm_add_l"",""arm_rot_l"",""elbow_flex_l"",""pro_sup_l"",""wrist_flex_l"",""wrist_dev_l""]","[""1"",""2"",""3"",""4"",""5"",""6""]","[""AS"",""CB"",""EF"",""ER"",""OR""]","[""hand(1)"",""wrist(2)"",""Forearm(3)"",""Biceps(4)"",""Triceps(5)"",""Deltoid(6)""]","[""hand(1)"",""wrist(2)"",""Forearm(3)"",""Biceps(4)"",""Triceps(5)"",""Deltoid(6)""]","256","[""AS"",""CB"",""EF"",""ER"",""OR""]","[""N"",""90"",""180"",""M""]","[""F"",""N"",""S"",""VF"",""90"",""180"",""M""]","[""subject_13""]","[""AS"",""CB"",""EF"",""ER"",""OR""]","[""N"",""90"",""180"",""M""]","[""F"",""N"",""S"",""VF"",""90"",""180"",""M""]","[""subject_1"",""subject_2"",""subject_3"",""subject_4"",""subject_5"",""subject_6"",""subject_7"",""subject_8"",""subject_9"",""subject_10"",""subject_11"",""subject_12""]","[""fc1"",""fc2_1"",""fc2_2"",""fc2_3""]","lopo","256","128","0.5","16","3","0.5","false","false","13","16.29282035097892","50.64785257853932","38.957917090406326","32.55003077871228","25.058725153023012","22.21274982694728","7.326281706878598","7.423423738698335","15.562127459759278","36.21901893597476","28.30476336288622","33.234943379314146","23.855209022278498","7.745543854154102","13.333127239721463","22.60781903629835","2.424246710687441","2.1908304935852283","7.573730633970593","6.61062821301384","3.9931693196205","5.703169055479784","2.6576982713524737","4.432978669595777"
"hernandez2021cnnlstm_13.04","finished","-","","","2026-04-12T23:47:34.000Z","1193","y5jp8oqw","0.3","64","2","0.2","32","0.1","32","8","0.5","64","3","false","by_var","StandardScaler","All_subjects_data.h5","/home/benedikt_nothhelfer/data_share/ULTra-MoCap/ULTra-MoCap-processed/","cuda","ultramocap_dataset.p","/home/benedikt_nothhelfer/data_share/ULTra-MoCap/","[""ACCX"",""ACCY"",""ACCZ"",""GYROX"",""GYROY"",""GYROZ""]","true","[""1"",""2"",""3"",""4"",""5"",""6""]","false","0.0001","true","0.0001","false","[""subject_1"",""subject_2"",""subject_3"",""subject_4"",""subject_5"",""subject_6"",""subject_7"",""subject_8"",""subject_9"",""subject_10"",""subject_11"",""subject_12"",""subject_13""]","MSE","[1,1,1,1,1,1,1]","","","","bilstm","70","","5","true","Adam","1600","0.5","","","","","","","","","","","","","","","","","","","","","","","","false","/home/benedikt_nothhelfer/ba_upki_benedikt/projects/UpKi_BioMat_Ultra/results","false","fixedwindow","[""all""]","[""imu""]","[""baseline""]","[""ACCX"",""ACCY"",""ACCZ"",""GYROX"",""GYROY"",""GYROZ""]","[""arm_flex_r"",""arm_add_r"",""arm_rot_r"",""elbow_flex_r"",""pro_sup_r"",""wrist_flex_r"",""wrist_dev_r""]","[""arm_flex_r"",""arm_add_r"",""arm_rot_r"",""elbow_flex_r"",""pro_sup_r"",""wrist_flex_r"",""wrist_dev_r"",""arm_flex_l"",""arm_add_l"",""arm_rot_l"",""elbow_flex_l"",""pro_sup_l"",""wrist_flex_l"",""wrist_dev_l""]","[""1"",""2"",""3"",""4"",""5"",""6""]","[""AS"",""CB"",""EF"",""ER"",""OR""]","[""hand(1)"",""wrist(2)"",""Forearm(3)"",""Biceps(4)"",""Triceps(5)"",""Deltoid(6)""]","[""hand(1)"",""wrist(2)"",""Forearm(3)"",""Biceps(4)"",""Triceps(5)"",""Deltoid(6)""]","256","[""AS"",""CB"",""EF"",""ER"",""OR""]","[""N"",""90"",""180"",""M""]","[""F"",""N"",""S"",""VF"",""90"",""180"",""M""]","[""subject_13""]","[""AS"",""CB"",""EF"",""ER"",""OR""]","[""N"",""90"",""180"",""M""]","[""F"",""N"",""S"",""VF"",""90"",""180"",""M""]","[""subject_1"",""subject_2"",""subject_3"",""subject_4"",""subject_5"",""subject_6"",""subject_7"",""subject_8"",""subject_9"",""subject_10"",""subject_11"",""subject_12""]","[""fc1"",""fc2_1"",""fc2_2"",""fc2_3""]","lopo","256","128","0.5","16","3","0.5","false","false","13","17.928907253688696","55.19859518363048","43.985334416796015","34.77293458892404","27.598643287873333","24.907818407577142","7.408774866580181","8.988138297916777","16.92164809981405","41.23998468864398","33.77328344922483","35.08335685679276","27.897017297297925","8.333026410783049","14.059710404458938","25.329718172430788","2.2840837321815988","2.0490687544122665","7.682545241631192","6.989034224655521","4.336400018329017","6.596007701480784","2.4592266498880204","4.375649171335449"
"hernandez2021cnnlstm_13.04","finished","-","","","2026-04-12T23:33:05.000Z","865","y5jp8oqw","0.1","64","3","0.2","32","0.2","32","8","0.5","64","3","false","by_var","StandardScaler","All_subjects_data.h5","/home/benedikt_nothhelfer/data_share/ULTra-MoCap/ULTra-MoCap-processed/","cuda","ultramocap_dataset.p","/home/benedikt_nothhelfer/data_share/ULTra-MoCap/","[""ACCX"",""ACCY"",""ACCZ"",""GYROX"",""GYROY"",""GYROZ""]","true","[""1"",""2"",""3"",""4"",""5"",""6""]","false","0.001","true","0.00001","false","[""subject_1"",""subject_2"",""subject_3"",""subject_4"",""subject_5"",""subject_6"",""subject_7"",""subject_8"",""subject_9"",""subject_10"",""subject_11"",""subject_12"",""subject_13""]","MSE","[1,1,1,1,1,1,1]","","","","bilstm","50","","5","true","Adam","1600","0.5","","","","","","","","","","","","","","","","","","","","","","","","false","/home/benedikt_nothhelfer/ba_upki_benedikt/projects/UpKi_BioMat_Ultra/results","false","fixedwindow","[""all""]","[""imu""]","[""baseline""]","[""ACCX"",""ACCY"",""ACCZ"",""GYROX"",""GYROY"",""GYROZ""]","[""arm_flex_r"",""arm_add_r"",""arm_rot_r"",""elbow_flex_r"",""pro_sup_r"",""wrist_flex_r"",""wrist_dev_r""]","[""arm_flex_r"",""arm_add_r"",""arm_rot_r"",""elbow_flex_r"",""pro_sup_r"",""wrist_flex_r"",""wrist_dev_r"",""arm_flex_l"",""arm_add_l"",""arm_rot_l"",""elbow_flex_l"",""pro_sup_l"",""wrist_flex_l"",""wrist_dev_l""]","[""1"",""2"",""3"",""4"",""5"",""6""]","[""AS"",""CB"",""EF"",""ER"",""OR""]","[""hand(1)"",""wrist(2)"",""Forearm(3)"",""Biceps(4)"",""Triceps(5)"",""Deltoid(6)""]","[""hand(1)"",""wrist(2)"",""Forearm(3)"",""Biceps(4)"",""Triceps(5)"",""Deltoid(6)""]","256","[""AS"",""CB"",""EF"",""ER"",""OR""]","[""N"",""90"",""180"",""M""]","[""F"",""N"",""S"",""VF"",""90"",""180"",""M""]","[""subject_13""]","[""AS"",""CB"",""EF"",""ER"",""OR""]","[""N"",""90"",""180"",""M""]","[""F"",""N"",""S"",""VF"",""90"",""180"",""M""]","[""subject_1"",""subject_2"",""subject_3"",""subject_4"",""subject_5"",""subject_6"",""subject_7"",""subject_8"",""subject_9"",""subject_10"",""subject_11"",""subject_12""]","[""fc1"",""fc2_1"",""fc2_2"",""fc2_3""]","lopo","256","128","0.5","16","3","0.5","false","false","13","30.465738532649425","56.050032794988134","44.043355581313506","54.13291956720442","40.27773329341736","79.6211781959805","7.104287957714574","10.526620424070932","23.585401445025788","46.923632208998505","33.71454168819155","51.11983607332508","83.63348993181354","8.4982318277968","15.542695334334075","37.57397550135504","2.9484758922033705","4.305407396841761","5.871459493999522","6.293370254899382","10.128903909133411","9.574231933835122","2.428404300143844","5.639623494470039"
"hernandez2021cnnlstm_13.04","finished","-","","","2026-04-12T23:11:59.000Z","1261","y5jp8oqw","0.3","64","2","0.1","32","0.1","32","8","0.5","64","3","false","by_var","StandardScaler","All_subjects_data.h5","/home/benedikt_nothhelfer/data_share/ULTra-MoCap/ULTra-MoCap-processed/","cuda","ultramocap_dataset.p","/home/benedikt_nothhelfer/data_share/ULTra-MoCap/","[""ACCX"",""ACCY"",""ACCZ"",""GYROX"",""GYROY"",""GYROZ""]","true","[""1"",""2"",""3"",""4"",""5"",""6""]","false","0.001","true","0.00001","false","[""subject_1"",""subject_2"",""subject_3"",""subject_4"",""subject_5"",""subject_6"",""subject_7"",""subject_8"",""subject_9"",""subject_10"",""subject_11"",""subject_12"",""subject_13""]","MSE","[1,1,1,1,1,1,1]","","","","bilstm","70","","5","true","Adam","1600","0.5","","","","","","","","","","","","","","","","","","","","","","","","false","/home/benedikt_nothhelfer/ba_upki_benedikt/projects/UpKi_BioMat_Ultra/results","false","fixedwindow","[""all""]","[""imu""]","[""baseline""]","[""ACCX"",""ACCY"",""ACCZ"",""GYROX"",""GYROY"",""GYROZ""]","[""arm_flex_r"",""arm_add_r"",""arm_rot_r"",""elbow_flex_r"",""pro_sup_r"",""wrist_flex_r"",""wrist_dev_r""]","[""arm_flex_r"",""arm_add_r"",""arm_rot_r"",""elbow_flex_r"",""pro_sup_r"",""wrist_flex_r"",""wrist_dev_r"",""arm_flex_l"",""arm_add_l"",""arm_rot_l"",""elbow_flex_l"",""pro_sup_l"",""wrist_flex_l"",""wrist_dev_l""]","[""1"",""2"",""3"",""4"",""5"",""6""]","[""AS"",""CB"",""EF"",""ER"",""OR""]","[""hand(1)"",""wrist(2)"",""Forearm(3)"",""Biceps(4)"",""Triceps(5)"",""Deltoid(6)""]","[""hand(1)"",""wrist(2)"",""Forearm(3)"",""Biceps(4)"",""Triceps(5)"",""Deltoid(6)""]","256","[""AS"",""CB"",""EF"",""ER"",""OR""]","[""N"",""90"",""180"",""M""]","[""F"",""N"",""S"",""VF"",""90"",""180"",""M""]","[""subject_13""]","[""AS"",""CB"",""EF"",""ER"",""OR""]","[""N"",""90"",""180"",""M""]","[""F"",""N"",""S"",""VF"",""90"",""180"",""M""]","[""subject_1"",""subject_2"",""subject_3"",""subject_4"",""subject_5"",""subject_6"",""subject_7"",""subject_8"",""subject_9"",""subject_10"",""subject_11"",""subject_12""]","[""fc1"",""fc2_1"",""fc2_2"",""fc2_3""]","lopo","256","128","0.5","16","3","0.5","false","false","13","27.44067153608818","55.96250822041952","43.98372190378307","50.9785159783366","38.71722609629039","77.15780227725948","7.058699290537179","8.438663467608702","21.28358589773535","46.31752319021915","33.74588412336604","48.78541108734304","80.75257028477368","8.503172536840275","14.384561142211338","36.25324403749841","2.9016398762372733","3.742886562959744","5.995261140881028","6.497541976476705","9.692286569367988","9.562115641484436","2.4327771228636608","5.311052875359372"
"hernandez2021cnnlstm_13.04","finished","-","","","2026-04-12T22:36:46.000Z","2111","y5jp8oqw","0.3","128","3","0.2","32","0.3","32","8","0.5","64","3","false","by_var","StandardScaler","All_subjects_data.h5","/home/benedikt_nothhelfer/data_share/ULTra-MoCap/ULTra-MoCap-processed/","cuda","ultramocap_dataset.p","/home/benedikt_nothhelfer/data_share/ULTra-MoCap/","[""ACCX"",""ACCY"",""ACCZ"",""GYROX"",""GYROY"",""GYROZ""]","true","[""1"",""2"",""3"",""4"",""5"",""6""]","false","0.0001","true","0.0001","false","[""subject_1"",""subject_2"",""subject_3"",""subject_4"",""subject_5"",""subject_6"",""subject_7"",""subject_8"",""subject_9"",""subject_10"",""subject_11"",""subject_12"",""subject_13""]","MSE","[1,1,1,1,1,1,1]","","","","bilstm","70","","5","true","Adam","1600","0.5","","","","","","","","","","","","","","","","","","","","","","","","false","/home/benedikt_nothhelfer/ba_upki_benedikt/projects/UpKi_BioMat_Ultra/results","false","fixedwindow","[""all""]","[""imu""]","[""baseline""]","[""ACCX"",""ACCY"",""ACCZ"",""GYROX"",""GYROY"",""GYROZ""]","[""arm_flex_r"",""arm_add_r"",""arm_rot_r"",""elbow_flex_r"",""pro_sup_r"",""wrist_flex_r"",""wrist_dev_r""]","[""arm_flex_r"",""arm_add_r"",""arm_rot_r"",""elbow_flex_r"",""pro_sup_r"",""wrist_flex_r"",""wrist_dev_r"",""arm_flex_l"",""arm_add_l"",""arm_rot_l"",""elbow_flex_l"",""pro_sup_l"",""wrist_flex_l"",""wrist_dev_l""]","[""1"",""2"",""3"",""4"",""5"",""6""]","[""AS"",""CB"",""EF"",""ER"",""OR""]","[""hand(1)"",""wrist(2)"",""Forearm(3)"",""Biceps(4)"",""Triceps(5)"",""Deltoid(6)""]","[""hand(1)"",""wrist(2)"",""Forearm(3)"",""Biceps(4)"",""Triceps(5)"",""Deltoid(6)""]","256","[""AS"",""CB"",""EF"",""ER"",""OR""]","[""N"",""90"",""180"",""M""]","[""F"",""N"",""S"",""VF"",""90"",""180"",""M""]","[""subject_13""]","[""AS"",""CB"",""EF"",""ER"",""OR""]","[""N"",""90"",""180"",""M""]","[""F"",""N"",""S"",""VF"",""90"",""180"",""M""]","[""subject_1"",""subject_2"",""subject_3"",""subject_4"",""subject_5"",""subject_6"",""subject_7"",""subject_8"",""subject_9"",""subject_10"",""subject_11"",""subject_12""]","[""fc1"",""fc2_1"",""fc2_2"",""fc2_3""]","lopo","256","128","0.5","16","3","0.5","false","false","13","18.97379789136946","57.56647169022676","43.78394324303672","35.68994845296504","28.79447513269105","30.293619262794437","7.0404607675934034","8.21308462085155","17.111745963825804","42.58159003164842","33.209497556658235","35.30935131104327","29.106454798862504","8.179184544770102","13.726766725420244","25.603512990318364","3.3035637221972203","2.029743896440603","9.107303138414292","7.1751118189801675","4.531113115505281","6.34717508727721","2.4244048353142222","4.399787669790823"
"hernandez2021cnnlstm_13.04","finished","-","","","2026-04-12T22:13:10.000Z","1412","y5jp8oqw","0.1","128","3","0.3","16","0.3","64","16","0.5","64","3","false","by_var","StandardScaler","All_subjects_data.h5","/home/benedikt_nothhelfer/data_share/ULTra-MoCap/ULTra-MoCap-processed/","cuda","ultramocap_dataset.p","/home/benedikt_nothhelfer/data_share/ULTra-MoCap/","[""ACCX"",""ACCY"",""ACCZ"",""GYROX"",""GYROY"",""GYROZ""]","true","[""1"",""2"",""3"",""4"",""5"",""6""]","false","0.0001","true","0.00001","false","[""subject_1"",""subject_2"",""subject_3"",""subject_4"",""subject_5"",""subject_6"",""subject_7"",""subject_8"",""subject_9"",""subject_10"",""subject_11"",""subject_12"",""subject_13""]","MSE","[1,1,1,1,1,1,1]","","","","bilstm","70","","5","true","Adam","1600","0.5","","","","","","","","","","","","","","","","","","","","","","","","false","/home/benedikt_nothhelfer/ba_upki_benedikt/projects/UpKi_BioMat_Ultra/results","false","fixedwindow","[""all""]","[""imu""]","[""baseline""]","[""ACCX"",""ACCY"",""ACCZ"",""GYROX"",""GYROY"",""GYROZ""]","[""arm_flex_r"",""arm_add_r"",""arm_rot_r"",""elbow_flex_r"",""pro_sup_r"",""wrist_flex_r"",""wrist_dev_r""]","[""arm_flex_r"",""arm_add_r"",""arm_rot_r"",""elbow_flex_r"",""pro_sup_r"",""wrist_flex_r"",""wrist_dev_r"",""arm_flex_l"",""arm_add_l"",""arm_rot_l"",""elbow_flex_l"",""pro_sup_l"",""wrist_flex_l"",""wrist_dev_l""]","[""1"",""2"",""3"",""4"",""5"",""6""]","[""AS"",""CB"",""EF"",""ER"",""OR""]","[""hand(1)"",""wrist(2)"",""Forearm(3)"",""Biceps(4)"",""Triceps(5)"",""Deltoid(6)""]","[""hand(1)"",""wrist(2)"",""Forearm(3)"",""Biceps(4)"",""Triceps(5)"",""Deltoid(6)""]","256","[""AS"",""CB"",""EF"",""ER"",""OR""]","[""N"",""90"",""180"",""M""]","[""F"",""N"",""S"",""VF"",""90"",""180"",""M""]","[""subject_13""]","[""AS"",""CB"",""EF"",""ER"",""OR""]","[""N"",""90"",""180"",""M""]","[""F"",""N"",""S"",""VF"",""90"",""180"",""M""]","[""subject_1"",""subject_2"",""subject_3"",""subject_4"",""subject_5"",""subject_6"",""subject_7"",""subject_8"",""subject_9"",""subject_10"",""subject_11"",""subject_12""]","[""fc1"",""fc2_1"",""fc2_2"",""fc2_3""]","lopo","256","128","0.5","16","3","0.5","false","false","13","27.568786124427177","55.94260299415602","43.88531978219944","49.74473153592702","38.44242081926747","76.23271510913227","7.047781486532726","8.675008702497674","21.03950286972235","46.05167809261842","33.76172174131562","48.17521922381355","79.356627577985","8.511568409925072","14.302792102531454","35.88558714541592","2.9649815933798354","4.000658919891576","6.141820360443235","6.487479641485303","9.765650232715377","9.765280553685706","2.4374047736075424","5.234295299337408"
"hernandez2021cnnlstm_12.04","finished","-","","","2026-04-12T21:37:10.000Z","2157","y5jp8oqw","0.2","128","2","0.2","32","0.2","64","16","0.5","64","3","false","by_var","StandardScaler","All_subjects_data.h5","/home/benedikt_nothhelfer/data_share/ULTra-MoCap/ULTra-MoCap-processed/","cuda","ultramocap_dataset.p","/home/benedikt_nothhelfer/data_share/ULTra-MoCap/","[""ACCX"",""ACCY"",""ACCZ"",""GYROX"",""GYROY"",""GYROZ""]","true","[""1"",""2"",""3"",""4"",""5"",""6""]","false","0.0001","true","0.0001","false","[""subject_1"",""subject_2"",""subject_3"",""subject_4"",""subject_5"",""subject_6"",""subject_7"",""subject_8"",""subject_9"",""subject_10"",""subject_11"",""subject_12"",""subject_13""]","MSE","[1,1,1,1,1,1,1]","","","","bilstm","100","","5","true","Adam","1600","0.5","","","","","","","","","","","","","","","","","","","","","","","","false","/home/benedikt_nothhelfer/ba_upki_benedikt/projects/UpKi_BioMat_Ultra/results","false","fixedwindow","[""all""]","[""imu""]","[""baseline""]","[""ACCX"",""ACCY"",""ACCZ"",""GYROX"",""GYROY"",""GYROZ""]","[""arm_flex_r"",""arm_add_r"",""arm_rot_r"",""elbow_flex_r"",""pro_sup_r"",""wrist_flex_r"",""wrist_dev_r""]","[""arm_flex_r"",""arm_add_r"",""arm_rot_r"",""elbow_flex_r"",""pro_sup_r"",""wrist_flex_r"",""wrist_dev_r"",""arm_flex_l"",""arm_add_l"",""arm_rot_l"",""elbow_flex_l"",""pro_sup_l"",""wrist_flex_l"",""wrist_dev_l""]","[""1"",""2"",""3"",""4"",""5"",""6""]","[""AS"",""CB"",""EF"",""ER"",""OR""]","[""hand(1)"",""wrist(2)"",""Forearm(3)"",""Biceps(4)"",""Triceps(5)"",""Deltoid(6)""]","[""hand(1)"",""wrist(2)"",""Forearm(3)"",""Biceps(4)"",""Triceps(5)"",""Deltoid(6)""]","256","[""AS"",""CB"",""EF"",""ER"",""OR""]","[""N"",""90"",""180"",""M""]","[""F"",""N"",""S"",""VF"",""90"",""180"",""M""]","[""subject_13""]","[""AS"",""CB"",""EF"",""ER"",""OR""]","[""N"",""90"",""180"",""M""]","[""F"",""N"",""S"",""VF"",""90"",""180"",""M""]","[""subject_1"",""subject_2"",""subject_3"",""subject_4"",""subject_5"",""subject_6"",""subject_7"",""subject_8"",""subject_9"",""subject_10"",""subject_11"",""subject_12""]","[""fc1"",""fc2_1"",""fc2_2"",""fc2_3""]","lopo","256","128","0.5","16","3","0.5","false","false","13","18.134218383383303","55.39734459458433","44.322006136827824","35.337524124267446","27.77403694459261","24.949041766861495","7.230435332461793","9.047688273762036","17.12422340063084","44.22021944797565","33.652561276559744","35.06567991143702","33.71348590631439","8.38258173794529","13.648205885284725","26.54385108087824","2.4082289740625926","1.7895024574016682","7.534811845323972","7.02987993282002","4.176613359942931","6.062360599169936","2.4587481229889754","4.397872454715182"
"hernandez2021cnnlstm_12.04","finished","-","","","2026-04-12T21:16:29.000Z","1235","y5jp8oqw","0.2","128","2","0.3","16","0.1","64","16","0.5","64","3","false","by_var","StandardScaler","All_subjects_data.h5","/home/benedikt_nothhelfer/data_share/ULTra-MoCap/ULTra-MoCap-processed/","cuda","ultramocap_dataset.p","/home/benedikt_nothhelfer/data_share/ULTra-MoCap/","[""ACCX"",""ACCY"",""ACCZ"",""GYROX"",""GYROY"",""GYROZ""]","true","[""1"",""2"",""3"",""4"",""5"",""6""]","false","0.001","true","0.0001","false","[""subject_1"",""subject_2"",""subject_3"",""subject_4"",""subject_5"",""subject_6"",""subject_7"",""subject_8"",""subject_9"",""subject_10"",""subject_11"",""subject_12"",""subject_13""]","MSE","[1,1,1,1,1,1,1]","","","","bilstm","70","","5","true","Adam","1600","0.5","","","","","","","","","","","","","","","","","","","","","","","","false","/home/benedikt_nothhelfer/ba_upki_benedikt/projects/UpKi_BioMat_Ultra/results","false","fixedwindow","[""all""]","[""imu""]","[""baseline""]","[""ACCX"",""ACCY"",""ACCZ"",""GYROX"",""GYROY"",""GYROZ""]","[""arm_flex_r"",""arm_add_r"",""arm_rot_r"",""elbow_flex_r"",""pro_sup_r"",""wrist_flex_r"",""wrist_dev_r""]","[""arm_flex_r"",""arm_add_r"",""arm_rot_r"",""elbow_flex_r"",""pro_sup_r"",""wrist_flex_r"",""wrist_dev_r"",""arm_flex_l"",""arm_add_l"",""arm_rot_l"",""elbow_flex_l"",""pro_sup_l"",""wrist_flex_l"",""wrist_dev_l""]","[""1"",""2"",""3"",""4"",""5"",""6""]","[""AS"",""CB"",""EF"",""ER"",""OR""]","[""hand(1)"",""wrist(2)"",""Forearm(3)"",""Biceps(4)"",""Triceps(5)"",""Deltoid(6)""]","[""hand(1)"",""wrist(2)"",""Forearm(3)"",""Biceps(4)"",""Triceps(5)"",""Deltoid(6)""]","256","[""AS"",""CB"",""EF"",""ER"",""OR""]","[""N"",""90"",""180"",""M""]","[""F"",""N"",""S"",""VF"",""90"",""180"",""M""]","[""subject_13""]","[""AS"",""CB"",""EF"",""ER"",""OR""]","[""N"",""90"",""180"",""M""]","[""F"",""N"",""S"",""VF"",""90"",""180"",""M""]","[""subject_1"",""subject_2"",""subject_3"",""subject_4"",""subject_5"",""subject_6"",""subject_7"",""subject_8"",""subject_9"",""subject_10"",""subject_11"",""subject_12""]","[""fc1"",""fc2_1"",""fc2_2"",""fc2_3""]","lopo","256","128","0.5","16","3","0.5","false","false","13","17.841968269366102","55.47413935886946","43.81178411985868","34.78107523296823","27.767328881686353","26.18278557114858","7.427919166276702","8.851630453316739","16.881717357979895","41.94377405628352","34.050272886511145","34.99094780513937","30.480404239831905","8.435427484755536","13.976588952597968","25.82273325472848","2.1971878801985083","2.184392074540462","7.789768797134019","6.894313592468028","4.038521595900947","6.476392626975595","2.395440687970317","4.204670110582328"
"hernandez2021cnnlstm_12.04","finished","-","","","2026-04-12T20:42:42.000Z","2021","y5jp8oqw","0.3","64","3","0.1","16","0.1","32","8","0.5","64","3","false","by_var","StandardScaler","All_subjects_data.h5","/home/benedikt_nothhelfer/data_share/ULTra-MoCap/ULTra-MoCap-processed/","cuda","ultramocap_dataset.p","/home/benedikt_nothhelfer/data_share/ULTra-MoCap/","[""ACCX"",""ACCY"",""ACCZ"",""GYROX"",""GYROY"",""GYROZ""]","true","[""1"",""2"",""3"",""4"",""5"",""6""]","false","0.001","true","0.0001","false","[""subject_1"",""subject_2"",""subject_3"",""subject_4"",""subject_5"",""subject_6"",""subject_7"",""subject_8"",""subject_9"",""subject_10"",""subject_11"",""subject_12"",""subject_13""]","MSE","[1,1,1,1,1,1,1]","","","","bilstm","100","","5","true","Adam","1600","0.5","","","","","","","","","","","","","","","","","","","","","","","","false","/home/benedikt_nothhelfer/ba_upki_benedikt/projects/UpKi_BioMat_Ultra/results","false","fixedwindow","[""all""]","[""imu""]","[""baseline""]","[""ACCX"",""ACCY"",""ACCZ"",""GYROX"",""GYROY"",""GYROZ""]","[""arm_flex_r"",""arm_add_r"",""arm_rot_r"",""elbow_flex_r"",""pro_sup_r"",""wrist_flex_r"",""wrist_dev_r""]","[""arm_flex_r"",""arm_add_r"",""arm_rot_r"",""elbow_flex_r"",""pro_sup_r"",""wrist_flex_r"",""wrist_dev_r"",""arm_flex_l"",""arm_add_l"",""arm_rot_l"",""elbow_flex_l"",""pro_sup_l"",""wrist_flex_l"",""wrist_dev_l""]","[""1"",""2"",""3"",""4"",""5"",""6""]","[""AS"",""CB"",""EF"",""ER"",""OR""]","[""hand(1)"",""wrist(2)"",""Forearm(3)"",""Biceps(4)"",""Triceps(5)"",""Deltoid(6)""]","[""hand(1)"",""wrist(2)"",""Forearm(3)"",""Biceps(4)"",""Triceps(5)"",""Deltoid(6)""]","256","[""AS"",""CB"",""EF"",""ER"",""OR""]","[""N"",""90"",""180"",""M""]","[""F"",""N"",""S"",""VF"",""90"",""180"",""M""]","[""subject_13""]","[""AS"",""CB"",""EF"",""ER"",""OR""]","[""N"",""90"",""180"",""M""]","[""F"",""N"",""S"",""VF"",""90"",""180"",""M""]","[""subject_1"",""subject_2"",""subject_3"",""subject_4"",""subject_5"",""subject_6"",""subject_7"",""subject_8"",""subject_9"",""subject_10"",""subject_11"",""subject_12""]","[""fc1"",""fc2_1"",""fc2_2"",""fc2_3""]","lopo","256","128","0.5","16","3","0.5","false","false","13","19.000574440555624","57.55051812742421","43.78074776061017","35.70822091277674","28.802609820617825","30.35736188266165","7.051769312364561","8.16907630793181","16.474180386349577","39.683967054875886","30.673668660784266","34.00299632756061","29.073050196919624","7.857034032460726","13.471456096925571","24.462336107982328","4.311713879785929","2.356902265939276","11.092010489324853","8.965065873573696","5.187584988723343","7.75793560091572","2.4302211806902543","4.558413536936921"
"hernandez2021cnnlstm_12.04","finished","-","","","2026-04-12T20:09:11.000Z","2008","y5jp8oqw","0.2","128","3","0.3","32","0.3","32","16","0.5","64","3","false","by_var","StandardScaler","All_subjects_data.h5","/home/benedikt_nothhelfer/data_share/ULTra-MoCap/ULTra-MoCap-processed/","cuda","ultramocap_dataset.p","/home/benedikt_nothhelfer/data_share/ULTra-MoCap/","[""ACCX"",""ACCY"",""ACCZ"",""GYROX"",""GYROY"",""GYROZ""]","true","[""1"",""2"",""3"",""4"",""5"",""6""]","false","0.01","true","0.0001","false","[""subject_1"",""subject_2"",""subject_3"",""subject_4"",""subject_5"",""subject_6"",""subject_7"",""subject_8"",""subject_9"",""subject_10"",""subject_11"",""subject_12"",""subject_13""]","MSE","[1,1,1,1,1,1,1]","","","","bilstm","100","","5","true","Adam","1600","0.5","","","","","","","","","","","","","","","","","","","","","","","","false","/home/benedikt_nothhelfer/ba_upki_benedikt/projects/UpKi_BioMat_Ultra/results","false","fixedwindow","[""all""]","[""imu""]","[""baseline""]","[""ACCX"",""ACCY"",""ACCZ"",""GYROX"",""GYROY"",""GYROZ""]","[""arm_flex_r"",""arm_add_r"",""arm_rot_r"",""elbow_flex_r"",""pro_sup_r"",""wrist_flex_r"",""wrist_dev_r""]","[""arm_flex_r"",""arm_add_r"",""arm_rot_r"",""elbow_flex_r"",""pro_sup_r"",""wrist_flex_r"",""wrist_dev_r"",""arm_flex_l"",""arm_add_l"",""arm_rot_l"",""elbow_flex_l"",""pro_sup_l"",""wrist_flex_l"",""wrist_dev_l""]","[""1"",""2"",""3"",""4"",""5"",""6""]","[""AS"",""CB"",""EF"",""ER"",""OR""]","[""hand(1)"",""wrist(2)"",""Forearm(3)"",""Biceps(4)"",""Triceps(5)"",""Deltoid(6)""]","[""hand(1)"",""wrist(2)"",""Forearm(3)"",""Biceps(4)"",""Triceps(5)"",""Deltoid(6)""]","256","[""AS"",""CB"",""EF"",""ER"",""OR""]","[""N"",""90"",""180"",""M""]","[""F"",""N"",""S"",""VF"",""90"",""180"",""M""]","[""subject_13""]","[""AS"",""CB"",""EF"",""ER"",""OR""]","[""N"",""90"",""180"",""M""]","[""F"",""N"",""S"",""VF"",""90"",""180"",""M""]","[""subject_1"",""subject_2"",""subject_3"",""subject_4"",""subject_5"",""subject_6"",""subject_7"",""subject_8"",""subject_9"",""subject_10"",""subject_11"",""subject_12""]","[""fc1"",""fc2_1"",""fc2_2"",""fc2_3""]","lopo","256","128","0.5","16","3","0.5","false","false","13","15.828875214294664","45.80859534784867","34.674888308387054","31.465047288562765","23.665783154480295","23.220551307891085","7.421300983459818","7.2412236309179985","15.26366291749388","34.00550237380028","26.37636730695306","30.51160342954873","24.365498879344457","7.528764553921638","13.134258510998595","21.59795113886581","2.4922290543468213","2.071220130626452","7.269272012020436","6.281065966094425","4.604963163788272","5.5351204077368825","2.6346833572666157","4.433169646952714"
"hernandez2021cnnlstm_12.04","finished","-","","","2026-04-12T19:47:44.000Z","1284","y5jp8oqw","0.2","64","3","0.3","32","0.3","64","8","0.5","64","3","false","by_var","StandardScaler","All_subjects_data.h5","/home/benedikt_nothhelfer/data_share/ULTra-MoCap/ULTra-MoCap-processed/","cuda","ultramocap_dataset.p","/home/benedikt_nothhelfer/data_share/ULTra-MoCap/","[""ACCX"",""ACCY"",""ACCZ"",""GYROX"",""GYROY"",""GYROZ""]","true","[""1"",""2"",""3"",""4"",""5"",""6""]","false","0.001","true","0.00001","false","[""subject_1"",""subject_2"",""subject_3"",""subject_4"",""subject_5"",""subject_6"",""subject_7"",""subject_8"",""subject_9"",""subject_10"",""subject_11"",""subject_12"",""subject_13""]","MSE","[1,1,1,1,1,1,1]","","","","bilstm","70","","5","true","Adam","1600","0.5","","","","","","","","","","","","","","","","","","","","","","","","false","/home/benedikt_nothhelfer/ba_upki_benedikt/projects/UpKi_BioMat_Ultra/results","false","fixedwindow","[""all""]","[""imu""]","[""baseline""]","[""ACCX"",""ACCY"",""ACCZ"",""GYROX"",""GYROY"",""GYROZ""]","[""arm_flex_r"",""arm_add_r"",""arm_rot_r"",""elbow_flex_r"",""pro_sup_r"",""wrist_flex_r"",""wrist_dev_r""]","[""arm_flex_r"",""arm_add_r"",""arm_rot_r"",""elbow_flex_r"",""pro_sup_r"",""wrist_flex_r"",""wrist_dev_r"",""arm_flex_l"",""arm_add_l"",""arm_rot_l"",""elbow_flex_l"",""pro_sup_l"",""wrist_flex_l"",""wrist_dev_l""]","[""1"",""2"",""3"",""4"",""5"",""6""]","[""AS"",""CB"",""EF"",""ER"",""OR""]","[""hand(1)"",""wrist(2)"",""Forearm(3)"",""Biceps(4)"",""Triceps(5)"",""Deltoid(6)""]","[""hand(1)"",""wrist(2)"",""Forearm(3)"",""Biceps(4)"",""Triceps(5)"",""Deltoid(6)""]","256","[""AS"",""CB"",""EF"",""ER"",""OR""]","[""N"",""90"",""180"",""M""]","[""F"",""N"",""S"",""VF"",""90"",""180"",""M""]","[""subject_13""]","[""AS"",""CB"",""EF"",""ER"",""OR""]","[""N"",""90"",""180"",""M""]","[""F"",""N"",""S"",""VF"",""90"",""180"",""M""]","[""subject_1"",""subject_2"",""subject_3"",""subject_4"",""subject_5"",""subject_6"",""subject_7"",""subject_8"",""subject_9"",""subject_10"",""subject_11"",""subject_12""]","[""fc1"",""fc2_1"",""fc2_2"",""fc2_3""]","lopo","256","128","0.5","16","3","0.5","false","false","13","27.766395700433787","55.944589372551526","43.95188620743513","50.58023081285664","38.731210318614146","77.13471108164296","7.047428238742485","8.693230816636468","21.6413037933185","46.26224162564442","33.75739831168653","48.60746744584423","80.63176728106633","8.50865993974473","14.318314230450415","36.24673608967931","2.9601924864705262","3.962537392154922","6.099107674372688","6.449976219029618","9.772395017890462","9.727093451282377","2.4364501873091933","5.3248256720676155"
"hernandez2021cnnlstm_12.04","finished","-","","","2026-04-12T19:34:11.000Z","811","y5jp8oqw","0.2","64","3","0.3","16","0.1","32","8","0.5","64","3","false","by_var","StandardScaler","All_subjects_data.h5","/home/benedikt_nothhelfer/data_share/ULTra-MoCap/ULTra-MoCap-processed/","cuda","ultramocap_dataset.p","/home/benedikt_nothhelfer/data_share/ULTra-MoCap/","[""ACCX"",""ACCY"",""ACCZ"",""GYROX"",""GYROY"",""GYROZ""]","true","[""1"",""2"",""3"",""4"",""5"",""6""]","false","0.01","true","0.00001","false","[""subject_1"",""subject_2"",""subject_3"",""subject_4"",""subject_5"",""subject_6"",""subject_7"",""subject_8"",""subject_9"",""subject_10"",""subject_11"",""subject_12"",""subject_13""]","MSE","[1,1,1,1,1,1,1]","","","","bilstm","70","","5","true","Adam","1600","0.5","","","","","","","","","","","","","","","","","","","","","","","","false","/home/benedikt_nothhelfer/ba_upki_benedikt/projects/UpKi_BioMat_Ultra/results","false","fixedwindow","[""all""]","[""imu""]","[""baseline""]","[""ACCX"",""ACCY"",""ACCZ"",""GYROX"",""GYROY"",""GYROZ""]","[""arm_flex_r"",""arm_add_r"",""arm_rot_r"",""elbow_flex_r"",""pro_sup_r"",""wrist_flex_r"",""wrist_dev_r""]","[""arm_flex_r"",""arm_add_r"",""arm_rot_r"",""elbow_flex_r"",""pro_sup_r"",""wrist_flex_r"",""wrist_dev_r"",""arm_flex_l"",""arm_add_l"",""arm_rot_l"",""elbow_flex_l"",""pro_sup_l"",""wrist_flex_l"",""wrist_dev_l""]","[""1"",""2"",""3"",""4"",""5"",""6""]","[""AS"",""CB"",""EF"",""ER"",""OR""]","[""hand(1)"",""wrist(2)"",""Forearm(3)"",""Biceps(4)"",""Triceps(5)"",""Deltoid(6)""]","[""hand(1)"",""wrist(2)"",""Forearm(3)"",""Biceps(4)"",""Triceps(5)"",""Deltoid(6)""]","256","[""AS"",""CB"",""EF"",""ER"",""OR""]","[""N"",""90"",""180"",""M""]","[""F"",""N"",""S"",""VF"",""90"",""180"",""M""]","[""subject_13""]","[""AS"",""CB"",""EF"",""ER"",""OR""]","[""N"",""90"",""180"",""M""]","[""F"",""N"",""S"",""VF"",""90"",""180"",""M""]","[""subject_1"",""subject_2"",""subject_3"",""subject_4"",""subject_5"",""subject_6"",""subject_7"",""subject_8"",""subject_9"",""subject_10"",""subject_11"",""subject_12""]","[""fc1"",""fc2_1"",""fc2_2"",""fc2_3""]","lopo","256","128","0.5","16","3","0.5","false","false","13","27.52535907190714","55.95090473191824","43.98549924240891","51.336546712911534","38.7251237847188","77.2014042800274","7.037516130033479","8.038636323824903","21.395888155057825","46.37727689305729","33.785032956470054","48.72763815006507","80.61570357543475","8.503555762211397","14.247846198259868","36.236134527222326","2.9413801262403716","3.822373012290679","5.9320246136403725","6.462366751525204","9.770130799218007","9.51991477865166","2.4316369031088283","5.295461728228426"
"hernandez2021cnnlstm_12.04","finished","-","","","2026-04-12T18:55:04.000Z","2345","y5jp8oqw","0.3","128","3","0.3","32","0.2","64","8","0.5","64","3","false","by_var","StandardScaler","All_subjects_data.h5","/home/benedikt_nothhelfer/data_share/ULTra-MoCap/ULTra-MoCap-processed/","cuda","ultramocap_dataset.p","/home/benedikt_nothhelfer/data_share/ULTra-MoCap/","[""ACCX"",""ACCY"",""ACCZ"",""GYROX"",""GYROY"",""GYROZ""]","true","[""1"",""2"",""3"",""4"",""5"",""6""]","false","0.001","true","0.0001","false","[""subject_1"",""subject_2"",""subject_3"",""subject_4"",""subject_5"",""subject_6"",""subject_7"",""subject_8"",""subject_9"",""subject_10"",""subject_11"",""subject_12"",""subject_13""]","MSE","[1,1,1,1,1,1,1]","","","","bilstm","100","","5","true","Adam","1600","0.5","","","","","","","","","","","","","","","","","","","","","","","","false","/home/benedikt_nothhelfer/ba_upki_benedikt/projects/UpKi_BioMat_Ultra/results","false","fixedwindow","[""all""]","[""imu""]","[""baseline""]","[""ACCX"",""ACCY"",""ACCZ"",""GYROX"",""GYROY"",""GYROZ""]","[""arm_flex_r"",""arm_add_r"",""arm_rot_r"",""elbow_flex_r"",""pro_sup_r"",""wrist_flex_r"",""wrist_dev_r""]","[""arm_flex_r"",""arm_add_r"",""arm_rot_r"",""elbow_flex_r"",""pro_sup_r"",""wrist_flex_r"",""wrist_dev_r"",""arm_flex_l"",""arm_add_l"",""arm_rot_l"",""elbow_flex_l"",""pro_sup_l"",""wrist_flex_l"",""wrist_dev_l""]","[""1"",""2"",""3"",""4"",""5"",""6""]","[""AS"",""CB"",""EF"",""ER"",""OR""]","[""hand(1)"",""wrist(2)"",""Forearm(3)"",""Biceps(4)"",""Triceps(5)"",""Deltoid(6)""]","[""hand(1)"",""wrist(2)"",""Forearm(3)"",""Biceps(4)"",""Triceps(5)"",""Deltoid(6)""]","256","[""AS"",""CB"",""EF"",""ER"",""OR""]","[""N"",""90"",""180"",""M""]","[""F"",""N"",""S"",""VF"",""90"",""180"",""M""]","[""subject_13""]","[""AS"",""CB"",""EF"",""ER"",""OR""]","[""N"",""90"",""180"",""M""]","[""F"",""N"",""S"",""VF"",""90"",""180"",""M""]","[""subject_1"",""subject_2"",""subject_3"",""subject_4"",""subject_5"",""subject_6"",""subject_7"",""subject_8"",""subject_9"",""subject_10"",""subject_11"",""subject_12""]","[""fc1"",""fc2_1"",""fc2_2"",""fc2_3""]","lopo","256","128","0.5","16","3","0.5","false","false","13","17.17268928528294","39.724792325069565","30.876093423726513","31.24499328034771","22.465573771526653","23.454453334359","8.34690219997858","6.439092551922256","13.605673017829476","24.909009050248212","24.01160795254223","21.50246262004549","19.70675366988592","7.602284827144042","11.878591589529812","17.602340389603597","2.9382656829185714","2.7034271145508675","5.805644770701499","6.107688418390335","5.420912996355616","4.718360799509897","2.6834879889682592","4.500920660989436"