"Name","State","Notes","User","Tags","Created","Runtime","Sweep","DecoderLSTM_dropout_p","DecoderLSTM_hidden_size","DecoderLSTM_num_layers","EncoderCNN_conv_l1_dropout","EncoderCNN_conv_l1_out_channel","EncoderCNN_conv_l2_dropout","EncoderCNN_conv_l2_out_channel","activity_list","activity_list_csv","batch_size","bilstm_dropout_p","bilstm_hidden_size","bilstm_num_layers","classification","data_transformer.data_transformer_by","data_transformer.data_transformer_method","dataset_name","dataset_path","device","dl_dataset","dl_dataset_path","imu_filter","individual_plot","l2_weight_decay","l2_weight_decay_status","learning_rate","load_model","lopo_subjects","loss","loss_weight","method","metric.goal","metric.name","model_name","n_epoch","name","nfold","noraxon_feature_mapping.ACCX","noraxon_feature_mapping.ACCY","noraxon_feature_mapping.ACCZ","noraxon_feature_mapping.GYROX","noraxon_feature_mapping.GYROY","noraxon_feature_mapping.GYROZ","noraxon_sensor_mapping.LeftForearm","noraxon_sensor_mapping.LeftUpperArm","noraxon_sensor_mapping.RightForearm","noraxon_sensor_mapping.RightUpperArm","noraxon_sensor_mapping.UpperThoracic","opensim_filter","optimizer_name","output_size1","overlap","parameters.DecoderLSTM_dropout_p.distribution","parameters.DecoderLSTM_dropout_ps","parameters.DecoderLSTM_hidden_size.distribution","parameters.DecoderLSTM_hidden_sizes","parameters.DecoderLSTM_num_layers.distribution","parameters.DecoderLSTM_num_layerss","parameters.EncoderCNN_conv_l1_dropout.distribution","parameters.EncoderCNN_conv_l1_dropouts","parameters.EncoderCNN_conv_l1_out_channel.distribution","parameters.EncoderCNN_conv_l1_out_channels","parameters.EncoderCNN_conv_l2_dropout.distribution","parameters.EncoderCNN_conv_l2_dropouts","parameters.EncoderCNN_conv_l2_out_channel.distribution","parameters.EncoderCNN_conv_l2_out_channels","parameters.batch_size.distribution","parameters.batch_sizes","parameters.bilstm_dropout_p.distribution","parameters.bilstm_dropout_ps","parameters.bilstm_hidden_size.distribution","parameters.bilstm_hidden_sizes","parameters.bilstm_num_layers.distribution","parameters.bilstm_num_layerss","parameters.l2_weight_decay.distribution","parameters.l2_weight_decays","parameters.learning_rate.distribution","parameters.learning_rates","parameters.model_name.distribution","parameters.model_names","parameters.n_epoch.distribution","parameters.n_epochs","parameters.tsai_d_ff.distribution","parameters.tsai_d_ffs","parameters.tsai_d_model.distribution","parameters.tsai_d_models","parameters.tsai_fc_dropout_p.distribution","parameters.tsai_fc_dropout_ps","parameters.tsai_n_heads.distribution","parameters.tsai_n_headss","parameters.tsai_n_layers.distribution","parameters.tsai_n_layerss","parameters.tsai_res_dropout_p.distribution","parameters.tsai_res_dropout_ps","program","resample","results_path","save_model","segmentation_method","selected_activity_label","selected_imu_features","selected_opensim_labels","selected_sensors","selected_trial_type","target_padding_length","test_activity","test_subjects","train_activity","train_subjects","training_style","tsai_d_ff","tsai_d_model","tsai_fc_dropout_p","tsai_n_heads","tsai_n_layers","tsai_res_dropout_p","tuning","y_scaling","Train Loss","Validation Loss","epoch","fold","fold_RMSE_elbow_flexion_l","fold_RMSE_elbow_flexion_r","fold_RMSE_elv_angle_l","fold_RMSE_elv_angle_r","fold_RMSE_mean","fold_RMSE_pro_sup_l","fold_RMSE_pro_sup_r","fold_RMSE_shoulder_elv_l","fold_RMSE_shoulder_elv_r","fold_RMSE_shoulder_rot_l","fold_RMSE_shoulder_rot_r","lopo_RMSE_mean_elbow_flexion_l","lopo_RMSE_mean_elbow_flexion_r","lopo_RMSE_mean_elv_angle_l","lopo_RMSE_mean_elv_angle_r","lopo_RMSE_mean_pro_sup_l","lopo_RMSE_mean_pro_sup_r","lopo_RMSE_mean_shoulder_elv_l","lopo_RMSE_mean_shoulder_elv_r","lopo_RMSE_mean_shoulder_rot_l","lopo_RMSE_mean_shoulder_rot_r","lopo_RMSE_overall_mean","lopo_RMSE_overall_std","lopo_RMSE_std_elbow_flexion_l","lopo_RMSE_std_elbow_flexion_r","lopo_RMSE_std_elv_angle_l","lopo_RMSE_std_elv_angle_r","lopo_RMSE_std_pro_sup_l","lopo_RMSE_std_pro_sup_r","lopo_RMSE_std_shoulder_elv_l","lopo_RMSE_std_shoulder_elv_r","lopo_RMSE_std_shoulder_rot_l","lopo_RMSE_std_shoulder_rot_r","n_test","n_train","val_MAE_elbow_flexion_l","val_MAE_elbow_flexion_r","val_MAE_elv_angle_l","val_MAE_elv_angle_r","val_MAE_mean","val_MAE_pro_sup_l","val_MAE_pro_sup_r","val_MAE_shoulder_elv_l","val_MAE_shoulder_elv_r","val_MAE_shoulder_rot_l","val_MAE_shoulder_rot_r","val_MAE_std","val_RMSE_elbow_flexion_l","val_RMSE_elbow_flexion_r","val_RMSE_elv_angle_l","val_RMSE_elv_angle_r","val_RMSE_mean","val_RMSE_pro_sup_l","val_RMSE_pro_sup_r","val_RMSE_shoulder_elv_l","val_RMSE_shoulder_elv_r","val_RMSE_shoulder_rot_l","val_RMSE_shoulder_rot_r","val_RMSE_std","val_nRMSE_elbow_flexion_l","val_nRMSE_elbow_flexion_r","val_nRMSE_elv_angle_l","val_nRMSE_elv_angle_r","val_nRMSE_mean","val_nRMSE_pro_sup_l","val_nRMSE_pro_sup_r","val_nRMSE_shoulder_elv_l","val_nRMSE_shoulder_elv_r","val_nRMSE_shoulder_rot_l","val_nRMSE_shoulder_rot_r","val_nRMSE_std","val_r_elbow_flexion_l","val_r_elbow_flexion_r","val_r_elv_angle_l","val_r_elv_angle_r","val_r_mean","val_r_pro_sup_l","val_r_pro_sup_r","val_r_shoulder_elv_l","val_r_shoulder_elv_r","val_r_shoulder_rot_l","val_r_shoulder_rot_r","val_r_std"
"hernandez2021cnnlstm_11.04","finished","-","","","2026-04-11T17:00:03.000Z","768","13hw3xr2","0.1","128","3","0.3","16","0.1","64","[""picking_up_pen"",""shelve_ordering""]","[""picking_up_pen.csv"",""shelve_ordering.csv""]","32","0.5","64","3","false","by_var","StandardScaler","mosurf","/home/benedikt_nothhelfer/data_share/MoSurf_Daten/MoSurf_synangle/","cuda","mosurf_dataset.p","/home/benedikt_nothhelfer/data_share/MoSurf_Daten/","true","false","0.01","true","0.0001","false","[""AMOAS01"",""AMOAS02"",""AMOAS03"",""AMOAS04"",""AMOAS05"",""AMOAS06"",""AMOAS07"",""AMOAS08"",""AMOAS09"",""AMOAS010"",""AMOAS011"",""AMOAS012"",""AMOAS013"",""AMOAS014"",""AMOAS015"",""AMOAS016"",""AMOAS017"",""AMOAS018"",""AMOAS019""]","MSE","[1,1,1,1,1,1,1,1,1,1]","","","","transformertsai","100","","5","Accel X","Accel Y","Accel Z","Gyro X","Gyro Y","Gyro Z","Noraxon MyoMotion Raw.Left Forearm","Noraxon MyoMotion Raw.Left Upper Arm","Noraxon MyoMotion Raw.Right Forearm","Noraxon MyoMotion Raw.Right Upper Arm","Noraxon MyoMotion Raw.Upper Thoracic","true","Adam","1600","0.5","","","","","","","","","","","","","","","","","","","","","","","","","","","","","","","","","","","","","","","","","","","","false","/home/benedikt_nothhelfer/ba_upki_benedikt/projects/UpKi_BioMat_Surf/results","false","fixedwindow","[""all""]","[""ACCX"",""ACCY"",""ACCZ"",""GYROX"",""GYROY"",""GYROZ""]","[""shoulder_elv_r"",""shoulder_rot_r"",""elv_angle_r"",""elbow_flexion_r"",""pro_sup_r"",""shoulder_elv_l"",""shoulder_rot_l"",""elv_angle_l"",""elbow_flexion_l"",""pro_sup_l""]","[""UpperThoracic"",""LeftUpperArm"",""LeftForearm"",""RightUpperArm"",""RightForearm""]","[""picking_up_pen"",""shelve_ordering""]","256","[""picking_up_pen"",""shelve_ordering""]","[""AMOAS01""]","[""picking_up_pen"",""shelve_ordering""]","[""AMOAS02"",""AMOAS03"",""AMOAS04"",""AMOAS05"",""AMOAS06"",""AMOAS07"",""AMOAS08"",""AMOAS09"",""AMOAS010"",""AMOAS011"",""AMOAS012"",""AMOAS013"",""AMOAS014"",""AMOAS015"",""AMOAS016"",""AMOAS017"",""AMOAS018"",""AMOAS019""]","lopo","256","128","0.5","16","3","0.5","true","false","","","","19","38.54041836445863","40.75366485428824","28.532068637511564","26.390526506355037","23.33377165400444","15.201807924353515","20.5251424539018","17.479444193074706","20.796321133563552","12.79022365386378","12.32809881867356","32.658410458468985","33.042119641637015","33.87917368247178","34.79718492495662","21.17066833119255","20.52339876089207","16.235544502336545","15.345627329814276","16.500137221639694","17.768621325331093","24.192088617874067","2.157773790457931","5.825034803564687","6.75228990505976","4.507995669219185","4.78284551536","5.158254759297932","3.675425102524912","4.152951981442355","4.633270443074358","3.591017019787732","3.920361682413967","","","","","","","","","","","","","","","","","","","","","","","","","","","","","","","","","","","","","","","","","","","","","","","","","",""
"hernandez2021cnnlstm_11.04","finished","-","","","2026-04-11T16:45:19.000Z","883","13hw3xr2","0.2","256","2","0.3","32","0.2","64","[""picking_up_pen"",""shelve_ordering""]","[""picking_up_pen.csv"",""shelve_ordering.csv""]","64","0.5","64","3","false","by_var","StandardScaler","mosurf","/home/benedikt_nothhelfer/data_share/MoSurf_Daten/MoSurf_synangle/","cuda","mosurf_dataset.p","/home/benedikt_nothhelfer/data_share/MoSurf_Daten/","true","false","0.001","true","0.0001","false","[""AMOAS01"",""AMOAS02"",""AMOAS03"",""AMOAS04"",""AMOAS05"",""AMOAS06"",""AMOAS07"",""AMOAS08"",""AMOAS09"",""AMOAS010"",""AMOAS011"",""AMOAS012"",""AMOAS013"",""AMOAS014"",""AMOAS015"",""AMOAS016"",""AMOAS017"",""AMOAS018"",""AMOAS019""]","MSE","[1,1,1,1,1,1,1,1,1,1]","","","","transformertsai","100","","5","Accel X","Accel Y","Accel Z","Gyro X","Gyro Y","Gyro Z","Noraxon MyoMotion Raw.Left Forearm","Noraxon MyoMotion Raw.Left Upper Arm","Noraxon MyoMotion Raw.Right Forearm","Noraxon MyoMotion Raw.Right Upper Arm","Noraxon MyoMotion Raw.Upper Thoracic","true","Adam","1600","0.5","","","","","","","","","","","","","","","","","","","","","","","","","","","","","","","","","","","","","","","","","","","","false","/home/benedikt_nothhelfer/ba_upki_benedikt/projects/UpKi_BioMat_Surf/results","false","fixedwindow","[""all""]","[""ACCX"",""ACCY"",""ACCZ"",""GYROX"",""GYROY"",""GYROZ""]","[""shoulder_elv_r"",""shoulder_rot_r"",""elv_angle_r"",""elbow_flexion_r"",""pro_sup_r"",""shoulder_elv_l"",""shoulder_rot_l"",""elv_angle_l"",""elbow_flexion_l"",""pro_sup_l""]","[""UpperThoracic"",""LeftUpperArm"",""LeftForearm"",""RightUpperArm"",""RightForearm""]","[""picking_up_pen"",""shelve_ordering""]","256","[""picking_up_pen"",""shelve_ordering""]","[""AMOAS01""]","[""picking_up_pen"",""shelve_ordering""]","[""AMOAS02"",""AMOAS03"",""AMOAS04"",""AMOAS05"",""AMOAS06"",""AMOAS07"",""AMOAS08"",""AMOAS09"",""AMOAS010"",""AMOAS011"",""AMOAS012"",""AMOAS013"",""AMOAS014"",""AMOAS015"",""AMOAS016"",""AMOAS017"",""AMOAS018"",""AMOAS019""]","lopo","256","128","0.5","16","3","0.5","true","false","","","","19","37.98361000215691","40.113366485026695","28.5737768877688","26.478205845148526","23.252146184658645","15.245753243006869","20.546329671965875","17.51908341237629","20.92077135197252","12.803134986846883","12.33742996031708","32.29547861920474","32.69620085419867","33.60684995051222","34.543286765669265","21.13177420897608","20.457188582797993","16.093321357638708","15.240548179643689","16.356047763153466","17.620599509817318","24.004129579161216","2.0942645741305665","5.738793235123269","6.547859083571853","4.475814118872936","4.707901304949969","5.167594818350216","3.661182650151979","4.15669493696691","4.653385975921997","3.592882734971986","3.8812021797519978","","","","","","","","","","","","","","","","","","","","","","","","","","","","","","","","","","","","","","","","","","","","","","","","","",""
"hernandez2021cnnlstm_11.04","finished","-","","","2026-04-11T16:30:25.000Z","892","13hw3xr2","0.1","256","2","0.3","32","0.1","64","[""picking_up_pen"",""shelve_ordering""]","[""picking_up_pen.csv"",""shelve_ordering.csv""]","64","0.5","64","3","false","by_var","StandardScaler","mosurf","/home/benedikt_nothhelfer/data_share/MoSurf_Daten/MoSurf_synangle/","cuda","mosurf_dataset.p","/home/benedikt_nothhelfer/data_share/MoSurf_Daten/","true","false","0.01","true","0.0001","false","[""AMOAS01"",""AMOAS02"",""AMOAS03"",""AMOAS04"",""AMOAS05"",""AMOAS06"",""AMOAS07"",""AMOAS08"",""AMOAS09"",""AMOAS010"",""AMOAS011"",""AMOAS012"",""AMOAS013"",""AMOAS014"",""AMOAS015"",""AMOAS016"",""AMOAS017"",""AMOAS018"",""AMOAS019""]","MSE","[1,1,1,1,1,1,1,1,1,1]","","","","transformertsai","100","","5","Accel X","Accel Y","Accel Z","Gyro X","Gyro Y","Gyro Z","Noraxon MyoMotion Raw.Left Forearm","Noraxon MyoMotion Raw.Left Upper Arm","Noraxon MyoMotion Raw.Right Forearm","Noraxon MyoMotion Raw.Right Upper Arm","Noraxon MyoMotion Raw.Upper Thoracic","true","Adam","1600","0.5","","","","","","","","","","","","","","","","","","","","","","","","","","","","","","","","","","","","","","","","","","","","false","/home/benedikt_nothhelfer/ba_upki_benedikt/projects/UpKi_BioMat_Surf/results","false","fixedwindow","[""all""]","[""ACCX"",""ACCY"",""ACCZ"",""GYROX"",""GYROY"",""GYROZ""]","[""shoulder_elv_r"",""shoulder_rot_r"",""elv_angle_r"",""elbow_flexion_r"",""pro_sup_r"",""shoulder_elv_l"",""shoulder_rot_l"",""elv_angle_l"",""elbow_flexion_l"",""pro_sup_l""]","[""UpperThoracic"",""LeftUpperArm"",""LeftForearm"",""RightUpperArm"",""RightForearm""]","[""picking_up_pen"",""shelve_ordering""]","256","[""picking_up_pen"",""shelve_ordering""]","[""AMOAS01""]","[""picking_up_pen"",""shelve_ordering""]","[""AMOAS02"",""AMOAS03"",""AMOAS04"",""AMOAS05"",""AMOAS06"",""AMOAS07"",""AMOAS08"",""AMOAS09"",""AMOAS010"",""AMOAS011"",""AMOAS012"",""AMOAS013"",""AMOAS014"",""AMOAS015"",""AMOAS016"",""AMOAS017"",""AMOAS018"",""AMOAS019""]","lopo","256","128","0.5","16","3","0.5","true","false","","","","19","38.000883186623355","40.13239530208149","28.57673226827862","26.480344424020576","23.258744461066716","15.25084785491748","20.549970241894098","17.52661546660382","20.927653066062977","12.804299474354414","12.337703325830317","32.2871750192906","32.699147997580376","33.71413162285605","34.63209438644218","21.18142107193872","20.511623551785295","16.167323703570407","15.284856400948389","16.410259019109873","17.685841828041752","24.057387460156367","2.11870350938491","5.7370610269461135","6.53488633145258","4.533694950479688","4.765038991777922","5.163723494132273","3.642143806954915","4.169976986135804","4.64385949600396","3.6192872370023768","3.9289938794278783","","","","","","","","","","","","","","","","","","","","","","","","","","","","","","","","","","","","","","","","","","","","","","","","","",""
"hernandez2021cnnlstm_11.04","finished","-","","","2026-04-11T16:13:42.000Z","1002","13hw3xr2","0.3","128","2","0.2","16","0.2","64","[""picking_up_pen"",""shelve_ordering""]","[""picking_up_pen.csv"",""shelve_ordering.csv""]","16","0.5","64","3","false","by_var","StandardScaler","mosurf","/home/benedikt_nothhelfer/data_share/MoSurf_Daten/MoSurf_synangle/","cuda","mosurf_dataset.p","/home/benedikt_nothhelfer/data_share/MoSurf_Daten/","true","false","0.01","true","0.0001","false","[""AMOAS01"",""AMOAS02"",""AMOAS03"",""AMOAS04"",""AMOAS05"",""AMOAS06"",""AMOAS07"",""AMOAS08"",""AMOAS09"",""AMOAS010"",""AMOAS011"",""AMOAS012"",""AMOAS013"",""AMOAS014"",""AMOAS015"",""AMOAS016"",""AMOAS017"",""AMOAS018"",""AMOAS019""]","MSE","[1,1,1,1,1,1,1,1,1,1]","","","","transformertsai","100","","5","Accel X","Accel Y","Accel Z","Gyro X","Gyro Y","Gyro Z","Noraxon MyoMotion Raw.Left Forearm","Noraxon MyoMotion Raw.Left Upper Arm","Noraxon MyoMotion Raw.Right Forearm","Noraxon MyoMotion Raw.Right Upper Arm","Noraxon MyoMotion Raw.Upper Thoracic","true","Adam","1600","0.5","","","","","","","","","","","","","","","","","","","","","","","","","","","","","","","","","","","","","","","","","","","","false","/home/benedikt_nothhelfer/ba_upki_benedikt/projects/UpKi_BioMat_Surf/results","false","fixedwindow","[""all""]","[""ACCX"",""ACCY"",""ACCZ"",""GYROX"",""GYROY"",""GYROZ""]","[""shoulder_elv_r"",""shoulder_rot_r"",""elv_angle_r"",""elbow_flexion_r"",""pro_sup_r"",""shoulder_elv_l"",""shoulder_rot_l"",""elv_angle_l"",""elbow_flexion_l"",""pro_sup_l""]","[""UpperThoracic"",""LeftUpperArm"",""LeftForearm"",""RightUpperArm"",""RightForearm""]","[""picking_up_pen"",""shelve_ordering""]","256","[""picking_up_pen"",""shelve_ordering""]","[""AMOAS01""]","[""picking_up_pen"",""shelve_ordering""]","[""AMOAS02"",""AMOAS03"",""AMOAS04"",""AMOAS05"",""AMOAS06"",""AMOAS07"",""AMOAS08"",""AMOAS09"",""AMOAS010"",""AMOAS011"",""AMOAS012"",""AMOAS013"",""AMOAS014"",""AMOAS015"",""AMOAS016"",""AMOAS017"",""AMOAS018"",""AMOAS019""]","lopo","256","128","0.5","16","3","0.5","true","false","","","","19","28.923238001185695","31.203144439950293","24.018477735719618","21.451606553738287","19.44022496112499","15.316960035287838","19.58419864463209","13.466735998229332","17.258132075310733","11.392198091214317","11.787558035981696","25.242757039225648","26.33850706621336","26.385727131700985","28.118431709837783","21.430815289387297","20.829350159530257","12.5124142715479","12.413485774519632","15.592113570875746","16.656571268933536","20.552017328177214","2.001254385874341","3.760952884796952","4.380849025926679","4.539381248299828","4.972867969044599","5.272427979806658","3.8270255931495134","3.076191039656149","3.8669278046313456","3.4694600798766677","3.610074373642767","","","","","","","","","","","","","","","","","","","","","","","","","","","","","","","","","","","","","","","","","","","","","","","","","",""
"hernandez2021cnnlstm_11.04","finished","-","","","2026-04-11T15:59:44.000Z","833","13hw3xr2","0.3","256","2","0.2","32","0.1","64","[""picking_up_pen"",""shelve_ordering""]","[""picking_up_pen.csv"",""shelve_ordering.csv""]","32","0.5","64","3","false","by_var","StandardScaler","mosurf","/home/benedikt_nothhelfer/data_share/MoSurf_Daten/MoSurf_synangle/","cuda","mosurf_dataset.p","/home/benedikt_nothhelfer/data_share/MoSurf_Daten/","true","false","0.001","true","0.0001","false","[""AMOAS01"",""AMOAS02"",""AMOAS03"",""AMOAS04"",""AMOAS05"",""AMOAS06"",""AMOAS07"",""AMOAS08"",""AMOAS09"",""AMOAS010"",""AMOAS011"",""AMOAS012"",""AMOAS013"",""AMOAS014"",""AMOAS015"",""AMOAS016"",""AMOAS017"",""AMOAS018"",""AMOAS019""]","MSE","[1,1,1,1,1,1,1,1,1,1]","","","","transformertsai","50","","5","Accel X","Accel Y","Accel Z","Gyro X","Gyro Y","Gyro Z","Noraxon MyoMotion Raw.Left Forearm","Noraxon MyoMotion Raw.Left Upper Arm","Noraxon MyoMotion Raw.Right Forearm","Noraxon MyoMotion Raw.Right Upper Arm","Noraxon MyoMotion Raw.Upper Thoracic","true","Adam","1600","0.5","","","","","","","","","","","","","","","","","","","","","","","","","","","","","","","","","","","","","","","","","","","","false","/home/benedikt_nothhelfer/ba_upki_benedikt/projects/UpKi_BioMat_Surf/results","false","fixedwindow","[""all""]","[""ACCX"",""ACCY"",""ACCZ"",""GYROX"",""GYROY"",""GYROZ""]","[""shoulder_elv_r"",""shoulder_rot_r"",""elv_angle_r"",""elbow_flexion_r"",""pro_sup_r"",""shoulder_elv_l"",""shoulder_rot_l"",""elv_angle_l"",""elbow_flexion_l"",""pro_sup_l""]","[""UpperThoracic"",""LeftUpperArm"",""LeftForearm"",""RightUpperArm"",""RightForearm""]","[""picking_up_pen"",""shelve_ordering""]","256","[""picking_up_pen"",""shelve_ordering""]","[""AMOAS01""]","[""picking_up_pen"",""shelve_ordering""]","[""AMOAS02"",""AMOAS03"",""AMOAS04"",""AMOAS05"",""AMOAS06"",""AMOAS07"",""AMOAS08"",""AMOAS09"",""AMOAS010"",""AMOAS011"",""AMOAS012"",""AMOAS013"",""AMOAS014"",""AMOAS015"",""AMOAS016"",""AMOAS017"",""AMOAS018"",""AMOAS019""]","lopo","256","128","0.5","16","3","0.5","true","false","","","","19","38.29541656239303","40.65948851283586","28.160544221499737","26.01476326598207","23.169276734000825","15.16726739823718","20.365837192486957","17.340547935224127","20.80563003816087","12.68366132986769","12.199610883320709","32.497268598344895","33.03510355116105","33.45627864330342","34.37897623376207","21.11248345479966","20.406219543344445","16.051667770228725","15.242358414340243","16.300417112141222","17.51691120289938","23.999768452432505","2.105654784598739","5.735935777675412","6.61974876705115","4.504038370669478","4.737292812485948","5.163367605336998","3.689661852137672","4.174928463572803","4.72848652672987","3.494768459147919","3.840756541811461","","","","","","","","","","","","","","","","","","","","","","","","","","","","","","","","","","","","","","","","","","","","","","","","","",""
"hernandez2021cnnlstm_11.04","finished","-","","","2026-04-11T15:55:04.000Z","278","13hw3xr2","0.2","128","2","0.1","16","0.3","32","[""picking_up_pen"",""shelve_ordering""]","[""picking_up_pen.csv"",""shelve_ordering.csv""]","64","0.5","64","3","false","by_var","StandardScaler","mosurf","/home/benedikt_nothhelfer/data_share/MoSurf_Daten/MoSurf_synangle/","cuda","mosurf_dataset.p","/home/benedikt_nothhelfer/data_share/MoSurf_Daten/","true","false","0.0001","true","0.001","false","[""AMOAS01"",""AMOAS02"",""AMOAS03"",""AMOAS04"",""AMOAS05"",""AMOAS06"",""AMOAS07"",""AMOAS08"",""AMOAS09"",""AMOAS010"",""AMOAS011"",""AMOAS012"",""AMOAS013"",""AMOAS014"",""AMOAS015"",""AMOAS016"",""AMOAS017"",""AMOAS018"",""AMOAS019""]","MSE","[1,1,1,1,1,1,1,1,1,1]","","","","transformertsai","50","","5","Accel X","Accel Y","Accel Z","Gyro X","Gyro Y","Gyro Z","Noraxon MyoMotion Raw.Left Forearm","Noraxon MyoMotion Raw.Left Upper Arm","Noraxon MyoMotion Raw.Right Forearm","Noraxon MyoMotion Raw.Right Upper Arm","Noraxon MyoMotion Raw.Upper Thoracic","true","Adam","1600","0.5","","","","","","","","","","","","","","","","","","","","","","","","","","","","","","","","","","","","","","","","","","","","false","/home/benedikt_nothhelfer/ba_upki_benedikt/projects/UpKi_BioMat_Surf/results","false","fixedwindow","[""all""]","[""ACCX"",""ACCY"",""ACCZ"",""GYROX"",""GYROY"",""GYROZ""]","[""shoulder_elv_r"",""shoulder_rot_r"",""elv_angle_r"",""elbow_flexion_r"",""pro_sup_r"",""shoulder_elv_l"",""shoulder_rot_l"",""elv_angle_l"",""elbow_flexion_l"",""pro_sup_l""]","[""UpperThoracic"",""LeftUpperArm"",""LeftForearm"",""RightUpperArm"",""RightForearm""]","[""picking_up_pen"",""shelve_ordering""]","256","[""picking_up_pen"",""shelve_ordering""]","[""AMOAS01""]","[""picking_up_pen"",""shelve_ordering""]","[""AMOAS02"",""AMOAS03"",""AMOAS04"",""AMOAS05"",""AMOAS06"",""AMOAS07"",""AMOAS08"",""AMOAS09"",""AMOAS010"",""AMOAS011"",""AMOAS012"",""AMOAS013"",""AMOAS014"",""AMOAS015"",""AMOAS016"",""AMOAS017"",""AMOAS018"",""AMOAS019""]","lopo","256","128","0.5","16","3","0.5","true","false","","","","19","30.330345655173737","28.381890899035035","29.08896935606508","26.74360120734404","21.375666836284346","15.380041607678464","20.51965103832515","17.683057966659923","20.625315102494916","12.737699126092728","12.26609640397436","28.798648147002865","28.540611673324275","33.88541433278631","34.703524732338984","21.211142260338537","20.503437797958615","16.30258694824293","15.455393774619552","16.440948787452697","17.721496339008628","23.35632047930734","1.7902152342609088","2.973449364096913","3.5177998853274755","4.69367295828785","4.896914303796348","5.213067817882013","3.711726367678653","4.080678922482987","4.251129482490095","3.572042373913165","3.857148848958009","","","","","","","","","","","","","","","","","","","","","","","","","","","","","","","","","","","","","","","","","","","","","","","","","",""
"hernandez2021cnnlstm_11.04","finished","-","","","2026-04-11T15:32:24.000Z","1355","13hw3xr2","0.1","256","3","0.3","16","0.3","64","[""picking_up_pen"",""shelve_ordering""]","[""picking_up_pen.csv"",""shelve_ordering.csv""]","16","0.5","64","3","false","by_var","StandardScaler","mosurf","/home/benedikt_nothhelfer/data_share/MoSurf_Daten/MoSurf_synangle/","cuda","mosurf_dataset.p","/home/benedikt_nothhelfer/data_share/MoSurf_Daten/","true","false","0.01","true","0.00001","false","[""AMOAS01"",""AMOAS02"",""AMOAS03"",""AMOAS04"",""AMOAS05"",""AMOAS06"",""AMOAS07"",""AMOAS08"",""AMOAS09"",""AMOAS010"",""AMOAS011"",""AMOAS012"",""AMOAS013"",""AMOAS014"",""AMOAS015"",""AMOAS016"",""AMOAS017"",""AMOAS018"",""AMOAS019""]","MSE","[1,1,1,1,1,1,1,1,1,1]","","","","transformertsai","50","","5","Accel X","Accel Y","Accel Z","Gyro X","Gyro Y","Gyro Z","Noraxon MyoMotion Raw.Left Forearm","Noraxon MyoMotion Raw.Left Upper Arm","Noraxon MyoMotion Raw.Right Forearm","Noraxon MyoMotion Raw.Right Upper Arm","Noraxon MyoMotion Raw.Upper Thoracic","true","Adam","1600","0.5","","","","","","","","","","","","","","","","","","","","","","","","","","","","","","","","","","","","","","","","","","","","false","/home/benedikt_nothhelfer/ba_upki_benedikt/projects/UpKi_BioMat_Surf/results","false","fixedwindow","[""all""]","[""ACCX"",""ACCY"",""ACCZ"",""GYROX"",""GYROY"",""GYROZ""]","[""shoulder_elv_r"",""shoulder_rot_r"",""elv_angle_r"",""elbow_flexion_r"",""pro_sup_r"",""shoulder_elv_l"",""shoulder_rot_l"",""elv_angle_l"",""elbow_flexion_l"",""pro_sup_l""]","[""UpperThoracic"",""LeftUpperArm"",""LeftForearm"",""RightUpperArm"",""RightForearm""]","[""picking_up_pen"",""shelve_ordering""]","256","[""picking_up_pen"",""shelve_ordering""]","[""AMOAS01""]","[""picking_up_pen"",""shelve_ordering""]","[""AMOAS02"",""AMOAS03"",""AMOAS04"",""AMOAS05"",""AMOAS06"",""AMOAS07"",""AMOAS08"",""AMOAS09"",""AMOAS010"",""AMOAS011"",""AMOAS012"",""AMOAS013"",""AMOAS014"",""AMOAS015"",""AMOAS016"",""AMOAS017"",""AMOAS018"",""AMOAS019""]","lopo","256","128","0.5","16","3","0.5","true","false","","","","19","58.78293481669523","61.829261527679634","28.533127459685495","25.11431619132891","29.18540260658427","15.736533105977134","23.355060229276177","24.239330215434293","28.401085973052897","13.365740519675237","12.496636027037706","49.88467560866686","51.38584533668523","35.93960048006315","36.54340147757939","23.49136941163309","24.07538595526147","22.59150889090521","22.423806446579043","16.628778827486784","17.76741304544287","30.073178548030313","3.0493257758368655","8.020080034517143","8.600896370329547","4.232880582658413","4.872197791016914","6.736719555961932","5.120066464533651","5.666390838263041","7.346498140741749","3.706807599888997","3.965047665726162","","","","","","","","","","","","","","","","","","","","","","","","","","","","","","","","","","","","","","","","","","","","","","","","","",""
"hernandez2021cnnlstm_11.04","finished","-","","","2026-04-11T15:06:13.000Z","1570","13hw3xr2","0.3","256","3","0.1","32","0.3","32","[""picking_up_pen"",""shelve_ordering""]","[""picking_up_pen.csv"",""shelve_ordering.csv""]","32","0.5","64","3","false","by_var","StandardScaler","mosurf","/home/benedikt_nothhelfer/data_share/MoSurf_Daten/MoSurf_synangle/","cuda","mosurf_dataset.p","/home/benedikt_nothhelfer/data_share/MoSurf_Daten/","true","false","0.0001","true","0.0001","false","[""AMOAS01"",""AMOAS02"",""AMOAS03"",""AMOAS04"",""AMOAS05"",""AMOAS06"",""AMOAS07"",""AMOAS08"",""AMOAS09"",""AMOAS010"",""AMOAS011"",""AMOAS012"",""AMOAS013"",""AMOAS014"",""AMOAS015"",""AMOAS016"",""AMOAS017"",""AMOAS018"",""AMOAS019""]","MSE","[1,1,1,1,1,1,1,1,1,1]","","","","transformertsai","100","","5","Accel X","Accel Y","Accel Z","Gyro X","Gyro Y","Gyro Z","Noraxon MyoMotion Raw.Left Forearm","Noraxon MyoMotion Raw.Left Upper Arm","Noraxon MyoMotion Raw.Right Forearm","Noraxon MyoMotion Raw.Right Upper Arm","Noraxon MyoMotion Raw.Upper Thoracic","true","Adam","1600","0.5","","","","","","","","","","","","","","","","","","","","","","","","","","","","","","","","","","","","","","","","","","","","false","/home/benedikt_nothhelfer/ba_upki_benedikt/projects/UpKi_BioMat_Surf/results","false","fixedwindow","[""all""]","[""ACCX"",""ACCY"",""ACCZ"",""GYROX"",""GYROY"",""GYROZ""]","[""shoulder_elv_r"",""shoulder_rot_r"",""elv_angle_r"",""elbow_flexion_r"",""pro_sup_r"",""shoulder_elv_l"",""shoulder_rot_l"",""elv_angle_l"",""elbow_flexion_l"",""pro_sup_l""]","[""UpperThoracic"",""LeftUpperArm"",""LeftForearm"",""RightUpperArm"",""RightForearm""]","[""picking_up_pen"",""shelve_ordering""]","256","[""picking_up_pen"",""shelve_ordering""]","[""AMOAS01""]","[""picking_up_pen"",""shelve_ordering""]","[""AMOAS02"",""AMOAS03"",""AMOAS04"",""AMOAS05"",""AMOAS06"",""AMOAS07"",""AMOAS08"",""AMOAS09"",""AMOAS010"",""AMOAS011"",""AMOAS012"",""AMOAS013"",""AMOAS014"",""AMOAS015"",""AMOAS016"",""AMOAS017"",""AMOAS018"",""AMOAS019""]","lopo","256","128","0.5","16","3","0.5","true","false","","","","19","30.71603400366381","29.214230506147103","29.1142877845081","26.76242805653942","21.50580145752395","15.291408058195112","20.51893251821392","17.696187890160093","20.62356510930382","12.795222743252406","12.325717905255722","28.84411651358644","28.62168071854728","34.001733593943406","34.833030871374","21.221412828800812","20.522607640325088","16.37730440357483","15.47880229722936","16.49683936165807","17.781020146340712","23.417854837538","1.7439511549043811","2.913879154782598","3.5056128778656017","4.582044128476825","4.778991181975564","5.226343414054283","3.7145627145323137","4.017829715147952","4.24737789864626","3.584091557964958","3.906360760787978","","","","","","","","","","","","","","","","","","","","","","","","","","","","","","","","","","","","","","","","","","","","","","","","","",""
"hernandez2021cnnlstm_11.04","finished","-","","","2026-04-11T15:00:47.000Z","323","13hw3xr2","0.1","64","2","0.3","32","0.2","32","[""picking_up_pen"",""shelve_ordering""]","[""picking_up_pen.csv"",""shelve_ordering.csv""]","64","0.5","64","3","false","by_var","StandardScaler","mosurf","/home/benedikt_nothhelfer/data_share/MoSurf_Daten/MoSurf_synangle/","cuda","mosurf_dataset.p","/home/benedikt_nothhelfer/data_share/MoSurf_Daten/","true","false","0.001","true","0.00001","false","[""AMOAS01"",""AMOAS02"",""AMOAS03"",""AMOAS04"",""AMOAS05"",""AMOAS06"",""AMOAS07"",""AMOAS08"",""AMOAS09"",""AMOAS010"",""AMOAS011"",""AMOAS012"",""AMOAS013"",""AMOAS014"",""AMOAS015"",""AMOAS016"",""AMOAS017"",""AMOAS018"",""AMOAS019""]","MSE","[1,1,1,1,1,1,1,1,1,1]","","","","transformertsai","50","","5","Accel X","Accel Y","Accel Z","Gyro X","Gyro Y","Gyro Z","Noraxon MyoMotion Raw.Left Forearm","Noraxon MyoMotion Raw.Left Upper Arm","Noraxon MyoMotion Raw.Right Forearm","Noraxon MyoMotion Raw.Right Upper Arm","Noraxon MyoMotion Raw.Upper Thoracic","true","Adam","1600","0.5","","","","","","","","","","","","","","","","","","","","","","","","","","","","","","","","","","","","","","","","","","","","false","/home/benedikt_nothhelfer/ba_upki_benedikt/projects/UpKi_BioMat_Surf/results","false","fixedwindow","[""all""]","[""ACCX"",""ACCY"",""ACCZ"",""GYROX"",""GYROY"",""GYROZ""]","[""shoulder_elv_r"",""shoulder_rot_r"",""elv_angle_r"",""elbow_flexion_r"",""pro_sup_r"",""shoulder_elv_l"",""shoulder_rot_l"",""elv_angle_l"",""elbow_flexion_l"",""pro_sup_l""]","[""UpperThoracic"",""LeftUpperArm"",""LeftForearm"",""RightUpperArm"",""RightForearm""]","[""picking_up_pen"",""shelve_ordering""]","256","[""picking_up_pen"",""shelve_ordering""]","[""AMOAS01""]","[""picking_up_pen"",""shelve_ordering""]","[""AMOAS02"",""AMOAS03"",""AMOAS04"",""AMOAS05"",""AMOAS06"",""AMOAS07"",""AMOAS08"",""AMOAS09"",""AMOAS010"",""AMOAS011"",""AMOAS012"",""AMOAS013"",""AMOAS014"",""AMOAS015"",""AMOAS016"",""AMOAS017"",""AMOAS018"",""AMOAS019""]","lopo","256","128","0.5","16","3","0.5","true","false","","","","19","67.2215860681862","72.67061314218795","31.887140840702735","27.606396696046804","34.46744279405108","20.250098628234824","28.03905116485243","32.65458125586387","35.45651244784491","15.42019177401254","13.468255922578596","59.11473159781051","60.863764134681645","39.445877418093254","39.49425855329894","27.41961226058547","28.69056094828468","30.61360972861937","30.020563228918615","17.714692861017557","17.94650643395973","35.13241771652697","3.4249545013626204","8.412735450507988","8.887143520263216","4.4950720326647176","5.1028279822598295","8.565723011000967","6.925476653236958","6.137441620040361","7.560463582825861","4.068802022740397","4.3926323256808395","","","","","","","","","","","","","","","","","","","","","","","","","","","","","","","","","","","","","","","","","","","","","","","","","",""
"hernandez2021cnnlstm_11.04","finished","-","","","2026-04-11T14:47:21.000Z","803","13hw3xr2","0.3","256","2","0.1","16","0.3","64","[""picking_up_pen"",""shelve_ordering""]","[""picking_up_pen.csv"",""shelve_ordering.csv""]","32","0.5","64","3","false","by_var","StandardScaler","mosurf","/home/benedikt_nothhelfer/data_share/MoSurf_Daten/MoSurf_synangle/","cuda","mosurf_dataset.p","/home/benedikt_nothhelfer/data_share/MoSurf_Daten/","true","false","0.0001","true","0.00001","false","[""AMOAS01"",""AMOAS02"",""AMOAS03"",""AMOAS04"",""AMOAS05"",""AMOAS06"",""AMOAS07"",""AMOAS08"",""AMOAS09"",""AMOAS010"",""AMOAS011"",""AMOAS012"",""AMOAS013"",""AMOAS014"",""AMOAS015"",""AMOAS016"",""AMOAS017"",""AMOAS018"",""AMOAS019""]","MSE","[1,1,1,1,1,1,1,1,1,1]","","","","transformertsai","50","","5","Accel X","Accel Y","Accel Z","Gyro X","Gyro Y","Gyro Z","Noraxon MyoMotion Raw.Left Forearm","Noraxon MyoMotion Raw.Left Upper Arm","Noraxon MyoMotion Raw.Right Forearm","Noraxon MyoMotion Raw.Right Upper Arm","Noraxon MyoMotion Raw.Upper Thoracic","true","Adam","1600","0.5","","","","","","","","","","","","","","","","","","","","","","","","","","","","","","","","","","","","","","","","","","","","false","/home/benedikt_nothhelfer/ba_upki_benedikt/projects/UpKi_BioMat_Surf/results","false","fixedwindow","[""all""]","[""ACCX"",""ACCY"",""ACCZ"",""GYROX"",""GYROY"",""GYROZ""]","[""shoulder_elv_r"",""shoulder_rot_r"",""elv_angle_r"",""elbow_flexion_r"",""pro_sup_r"",""shoulder_elv_l"",""shoulder_rot_l"",""elv_angle_l"",""elbow_flexion_l"",""pro_sup_l""]","[""UpperThoracic"",""LeftUpperArm"",""LeftForearm"",""RightUpperArm"",""RightForearm""]","[""picking_up_pen"",""shelve_ordering""]","256","[""picking_up_pen"",""shelve_ordering""]","[""AMOAS01""]","[""picking_up_pen"",""shelve_ordering""]","[""AMOAS02"",""AMOAS03"",""AMOAS04"",""AMOAS05"",""AMOAS06"",""AMOAS07"",""AMOAS08"",""AMOAS09"",""AMOAS010"",""AMOAS011"",""AMOAS012"",""AMOAS013"",""AMOAS014"",""AMOAS015"",""AMOAS016"",""AMOAS017"",""AMOAS018"",""AMOAS019""]","lopo","256","128","0.5","16","3","0.5","true","false","","","","19","61.88912961406945","66.95212743719979","29.63879438171095","25.666583882197312","31.237682626389297","17.814871046378073","25.199049818482024","27.57299866881951","31.191513151029326","13.711476482672138","12.740281781334383","53.37621571772899","54.94998801174676","37.02658910088601","37.55214970198429","25.110658725743583","26.017217371465193","26.101966243181735","25.481594052887893","16.84889726667951","17.721931954441075","32.0187208146745","3.23993967104551","8.409996055278432","8.855787954262157","4.256852618374566","5.015793767830535","7.451668841836277","5.921142617181561","6.085120944947727","7.520144584109052","3.8584436658913006","4.063443177626003","","","","","","","","","","","","","","","","","","","","","","","","","","","","","","","","","","","","","","","","","","","","","","","","","",""
"hernandez2021cnnlstm_11.04","finished","-","","","2026-04-11T14:35:43.000Z","696","13hw3xr2","0.3","64","2","0.3","16","0.2","32","[""picking_up_pen"",""shelve_ordering""]","[""picking_up_pen.csv"",""shelve_ordering.csv""]","32","0.5","64","3","false","by_var","StandardScaler","mosurf","/home/benedikt_nothhelfer/data_share/MoSurf_Daten/MoSurf_synangle/","cuda","mosurf_dataset.p","/home/benedikt_nothhelfer/data_share/MoSurf_Daten/","true","false","0.01","true","0.0001","false","[""AMOAS01"",""AMOAS02"",""AMOAS03"",""AMOAS04"",""AMOAS05"",""AMOAS06"",""AMOAS07"",""AMOAS08"",""AMOAS09"",""AMOAS010"",""AMOAS011"",""AMOAS012"",""AMOAS013"",""AMOAS014"",""AMOAS015"",""AMOAS016"",""AMOAS017"",""AMOAS018"",""AMOAS019""]","MSE","[1,1,1,1,1,1,1,1,1,1]","","","","transformertsai","100","","5","Accel X","Accel Y","Accel Z","Gyro X","Gyro Y","Gyro Z","Noraxon MyoMotion Raw.Left Forearm","Noraxon MyoMotion Raw.Left Upper Arm","Noraxon MyoMotion Raw.Right Forearm","Noraxon MyoMotion Raw.Right Upper Arm","Noraxon MyoMotion Raw.Upper Thoracic","true","Adam","1600","0.5","","","","","","","","","","","","","","","","","","","","","","","","","","","","","","","","","","","","","","","","","","","","false","/home/benedikt_nothhelfer/ba_upki_benedikt/projects/UpKi_BioMat_Surf/results","false","fixedwindow","[""all""]","[""ACCX"",""ACCY"",""ACCZ"",""GYROX"",""GYROY"",""GYROZ""]","[""shoulder_elv_r"",""shoulder_rot_r"",""elv_angle_r"",""elbow_flexion_r"",""pro_sup_r"",""shoulder_elv_l"",""shoulder_rot_l"",""elv_angle_l"",""elbow_flexion_l"",""pro_sup_l""]","[""UpperThoracic"",""LeftUpperArm"",""LeftForearm"",""RightUpperArm"",""RightForearm""]","[""picking_up_pen"",""shelve_ordering""]","256","[""picking_up_pen"",""shelve_ordering""]","[""AMOAS01""]","[""picking_up_pen"",""shelve_ordering""]","[""AMOAS02"",""AMOAS03"",""AMOAS04"",""AMOAS05"",""AMOAS06"",""AMOAS07"",""AMOAS08"",""AMOAS09"",""AMOAS010"",""AMOAS011"",""AMOAS012"",""AMOAS013"",""AMOAS014"",""AMOAS015"",""AMOAS016"",""AMOAS017"",""AMOAS018"",""AMOAS019""]","lopo","256","128","0.5","16","3","0.5","true","false","","","","19","51.10215604031792","55.00728532821864","27.593041759799338","25.086567072263087","26.25727316246872","14.398752478227504","21.005700716929212","18.843291190152268","24.37443521656911","12.82400796443744","12.337493857772689","42.4697153565792","43.90212510870426","34.09719766536928","35.070318220728","21.34814252395435","21.221663511785717","17.784246090893017","17.22215091858372","16.446355906327","17.715149562790106","26.727706486571467","2.681670989333077","7.656528819311889","8.508778837013466","4.343937395969166","4.825301616956203","5.107595750798644","3.81442663908573","5.0404937157710465","6.442938154614389","3.5781555529611686","3.929134884448977","","","","","","","","","","","","","","","","","","","","","","","","","","","","","","","","","","","","","","","","","","","","","","","","","",""
"hernandez2021cnnlstm_11.04","finished","-","","","2026-04-11T14:26:30.000Z","550","13hw3xr2","0.2","64","3","0.1","32","0.1","64","[""picking_up_pen"",""shelve_ordering""]","[""picking_up_pen.csv"",""shelve_ordering.csv""]","32","0.5","64","3","false","by_var","StandardScaler","mosurf","/home/benedikt_nothhelfer/data_share/MoSurf_Daten/MoSurf_synangle/","cuda","mosurf_dataset.p","/home/benedikt_nothhelfer/data_share/MoSurf_Daten/","true","false","0.0001","true","0.0001","false","[""AMOAS01"",""AMOAS02"",""AMOAS03"",""AMOAS04"",""AMOAS05"",""AMOAS06"",""AMOAS07"",""AMOAS08"",""AMOAS09"",""AMOAS010"",""AMOAS011"",""AMOAS012"",""AMOAS013"",""AMOAS014"",""AMOAS015"",""AMOAS016"",""AMOAS017"",""AMOAS018"",""AMOAS019""]","MSE","[1,1,1,1,1,1,1,1,1,1]","","","","transformertsai","50","","5","Accel X","Accel Y","Accel Z","Gyro X","Gyro Y","Gyro Z","Noraxon MyoMotion Raw.Left Forearm","Noraxon MyoMotion Raw.Left Upper Arm","Noraxon MyoMotion Raw.Right Forearm","Noraxon MyoMotion Raw.Right Upper Arm","Noraxon MyoMotion Raw.Upper Thoracic","true","Adam","1600","0.5","","","","","","","","","","","","","","","","","","","","","","","","","","","","","","","","","","","","","","","","","","","","false","/home/benedikt_nothhelfer/ba_upki_benedikt/projects/UpKi_BioMat_Surf/results","false","fixedwindow","[""all""]","[""ACCX"",""ACCY"",""ACCZ"",""GYROX"",""GYROY"",""GYROZ""]","[""shoulder_elv_r"",""shoulder_rot_r"",""elv_angle_r"",""elbow_flexion_r"",""pro_sup_r"",""shoulder_elv_l"",""shoulder_rot_l"",""elv_angle_l"",""elbow_flexion_l"",""pro_sup_l""]","[""UpperThoracic"",""LeftUpperArm"",""LeftForearm"",""RightUpperArm"",""RightForearm""]","[""picking_up_pen"",""shelve_ordering""]","256","[""picking_up_pen"",""shelve_ordering""]","[""AMOAS01""]","[""picking_up_pen"",""shelve_ordering""]","[""AMOAS02"",""AMOAS03"",""AMOAS04"",""AMOAS05"",""AMOAS06"",""AMOAS07"",""AMOAS08"",""AMOAS09"",""AMOAS010"",""AMOAS011"",""AMOAS012"",""AMOAS013"",""AMOAS014"",""AMOAS015"",""AMOAS016"",""AMOAS017"",""AMOAS018"",""AMOAS019""]","lopo","256","128","0.5","16","3","0.5","true","false","","","","19","58.18180191322176","62.250947999230064","28.192248782349665","24.99173244056923","28.949540506787997","15.477826679510056","22.753521116266175","24.25422970549924","27.99437416598506","13.024170443189243","12.374551822059498","49.74718674033043","51.495672040581184","35.538441803398065","36.30599699764501","23.101798266858378","23.569792933614764","22.00748744143779","21.594263102004653","16.527634871511932","17.749651559851873","29.763792575723404","2.9828118725001325","8.192299283289188","8.753099160214349","4.191589922039872","4.8460163061808865","6.464351906180605","4.7797400982525335","5.788488804851527","7.270076015124728","3.6533568116869977","3.939148869047467","","","","","","","","","","","","","","","","","","","","","","","","","","","","","","","","","","","","","","","","","","","","","","","","","",""
"hernandez2021cnnlstm_11.04","finished","-","","","2026-04-11T14:17:22.000Z","544","13hw3xr2","0.2","128","2","0.2","32","0.1","32","[""picking_up_pen"",""shelve_ordering""]","[""picking_up_pen.csv"",""shelve_ordering.csv""]","32","0.5","64","3","false","by_var","StandardScaler","mosurf","/home/benedikt_nothhelfer/data_share/MoSurf_Daten/MoSurf_synangle/","cuda","mosurf_dataset.p","/home/benedikt_nothhelfer/data_share/MoSurf_Daten/","true","false","0.001","true","0.0001","false","[""AMOAS01"",""AMOAS02"",""AMOAS03"",""AMOAS04"",""AMOAS05"",""AMOAS06"",""AMOAS07"",""AMOAS08"",""AMOAS09"",""AMOAS010"",""AMOAS011"",""AMOAS012"",""AMOAS013"",""AMOAS014"",""AMOAS015"",""AMOAS016"",""AMOAS017"",""AMOAS018"",""AMOAS019""]","MSE","[1,1,1,1,1,1,1,1,1,1]","","","","transformertsai","50","","5","Accel X","Accel Y","Accel Z","Gyro X","Gyro Y","Gyro Z","Noraxon MyoMotion Raw.Left Forearm","Noraxon MyoMotion Raw.Left Upper Arm","Noraxon MyoMotion Raw.Right Forearm","Noraxon MyoMotion Raw.Right Upper Arm","Noraxon MyoMotion Raw.Upper Thoracic","true","Adam","1600","0.5","","","","","","","","","","","","","","","","","","","","","","","","","","","","","","","","","","","","","","","","","","","","false","/home/benedikt_nothhelfer/ba_upki_benedikt/projects/UpKi_BioMat_Surf/results","false","fixedwindow","[""all""]","[""ACCX"",""ACCY"",""ACCZ"",""GYROX"",""GYROY"",""GYROZ""]","[""shoulder_elv_r"",""shoulder_rot_r"",""elv_angle_r"",""elbow_flexion_r"",""pro_sup_r"",""shoulder_elv_l"",""shoulder_rot_l"",""elv_angle_l"",""elbow_flexion_l"",""pro_sup_l""]","[""UpperThoracic"",""LeftUpperArm"",""LeftForearm"",""RightUpperArm"",""RightForearm""]","[""picking_up_pen"",""shelve_ordering""]","256","[""picking_up_pen"",""shelve_ordering""]","[""AMOAS01""]","[""picking_up_pen"",""shelve_ordering""]","[""AMOAS02"",""AMOAS03"",""AMOAS04"",""AMOAS05"",""AMOAS06"",""AMOAS07"",""AMOAS08"",""AMOAS09"",""AMOAS010"",""AMOAS011"",""AMOAS012"",""AMOAS013"",""AMOAS014"",""AMOAS015"",""AMOAS016"",""AMOAS017"",""AMOAS018"",""AMOAS019""]","lopo","256","128","0.5","16","3","0.5","true","false","","","","19","51.42237105018952","54.17966430473034","27.62489793578416","25.106700520822308","26.183261404227988","14.40422331593836","21.104153301104084","19.135374431668637","23.706220598740337","12.817904200236004","12.331104383066128","42.17700255874011","43.31712378179937","34.149603048406824","35.07761556663144","21.460588620072027","21.375785004664095","17.866666831866297","17.223964017206487","16.470285156098683","17.736027703874395","26.685466228935972","2.67077785251997","7.921651677327758","8.477117382278319","4.3054160125770915","4.804005815985422","5.251562698290039","3.831435114645966","5.005216320185122","6.512814281089067","3.5795396513332207","3.898819656405937","","","","","","","","","","","","","","","","","","","","","","","","","","","","","","","","","","","","","","","","","","","","","","","","","",""
"hernandez2021cnnlstm_11.04","finished","-","","","2026-04-11T13:59:17.000Z","1084","13hw3xr2","0.3","128","3","0.1","16","0.2","32","[""picking_up_pen"",""shelve_ordering""]","[""picking_up_pen.csv"",""shelve_ordering.csv""]","16","0.5","64","3","false","by_var","StandardScaler","mosurf","/home/benedikt_nothhelfer/data_share/MoSurf_Daten/MoSurf_synangle/","cuda","mosurf_dataset.p","/home/benedikt_nothhelfer/data_share/MoSurf_Daten/","true","false","0.01","true","0.0001","false","[""AMOAS01"",""AMOAS02"",""AMOAS03"",""AMOAS04"",""AMOAS05"",""AMOAS06"",""AMOAS07"",""AMOAS08"",""AMOAS09"",""AMOAS010"",""AMOAS011"",""AMOAS012"",""AMOAS013"",""AMOAS014"",""AMOAS015"",""AMOAS016"",""AMOAS017"",""AMOAS018"",""AMOAS019""]","MSE","[1,1,1,1,1,1,1,1,1,1]","","","","transformertsai","70","","5","Accel X","Accel Y","Accel Z","Gyro X","Gyro Y","Gyro Z","Noraxon MyoMotion Raw.Left Forearm","Noraxon MyoMotion Raw.Left Upper Arm","Noraxon MyoMotion Raw.Right Forearm","Noraxon MyoMotion Raw.Right Upper Arm","Noraxon MyoMotion Raw.Upper Thoracic","true","Adam","1600","0.5","","","","","","","","","","","","","","","","","","","","","","","","","","","","","","","","","","","","","","","","","","","","false","/home/benedikt_nothhelfer/ba_upki_benedikt/projects/UpKi_BioMat_Surf/results","false","fixedwindow","[""all""]","[""ACCX"",""ACCY"",""ACCZ"",""GYROX"",""GYROY"",""GYROZ""]","[""shoulder_elv_r"",""shoulder_rot_r"",""elv_angle_r"",""elbow_flexion_r"",""pro_sup_r"",""shoulder_elv_l"",""shoulder_rot_l"",""elv_angle_l"",""elbow_flexion_l"",""pro_sup_l""]","[""UpperThoracic"",""LeftUpperArm"",""LeftForearm"",""RightUpperArm"",""RightForearm""]","[""picking_up_pen"",""shelve_ordering""]","256","[""picking_up_pen"",""shelve_ordering""]","[""AMOAS01""]","[""picking_up_pen"",""shelve_ordering""]","[""AMOAS02"",""AMOAS03"",""AMOAS04"",""AMOAS05"",""AMOAS06"",""AMOAS07"",""AMOAS08"",""AMOAS09"",""AMOAS010"",""AMOAS011"",""AMOAS012"",""AMOAS013"",""AMOAS014"",""AMOAS015"",""AMOAS016"",""AMOAS017"",""AMOAS018"",""AMOAS019""]","lopo","256","128","0.5","16","3","0.5","true","false","","","","19","33.64277851349989","33.97259918866069","28.93775676041536","26.631332614082055","22.242575478611354","15.281136266296985","20.52154919072371","17.656374068125608","20.64889339995495","12.80346022892425","12.329874555430044","29.60434049614021","29.695097961725423","33.95583631379414","34.81601495099735","21.220575153369943","20.5316816251258","16.33101404111758","15.446307281013423","16.499953034108295","17.773797395707845","23.587461825310005","1.867600707016912","3.944380585674254","4.688414256016999","4.565544845936153","4.782608687616757","5.212876854812833","3.707837991127557","4.040345577734399","4.3135441823667975","3.5853651917378744","3.913028905944758","","","","","","","","","","","","","","","","","","","","","","","","","","","","","","","","","","","","","","","","","","","","","","","","","",""
"hernandez2021cnnlstm_11.04","finished","-","","","2026-04-11T13:42:34.000Z","999","13hw3xr2","0.2","128","3","0.2","32","0.2","64","[""picking_up_pen"",""shelve_ordering""]","[""picking_up_pen.csv"",""shelve_ordering.csv""]","16","0.5","64","3","false","by_var","StandardScaler","mosurf","/home/benedikt_nothhelfer/data_share/MoSurf_Daten/MoSurf_synangle/","cuda","mosurf_dataset.p","/home/benedikt_nothhelfer/data_share/MoSurf_Daten/","true","false","0.0001","true","0.00001","false","[""AMOAS01"",""AMOAS02"",""AMOAS03"",""AMOAS04"",""AMOAS05"",""AMOAS06"",""AMOAS07"",""AMOAS08"",""AMOAS09"",""AMOAS010"",""AMOAS011"",""AMOAS012"",""AMOAS013"",""AMOAS014"",""AMOAS015"",""AMOAS016"",""AMOAS017"",""AMOAS018"",""AMOAS019""]","MSE","[1,1,1,1,1,1,1,1,1,1]","","","","transformertsai","50","","5","Accel X","Accel Y","Accel Z","Gyro X","Gyro Y","Gyro Z","Noraxon MyoMotion Raw.Left Forearm","Noraxon MyoMotion Raw.Left Upper Arm","Noraxon MyoMotion Raw.Right Forearm","Noraxon MyoMotion Raw.Right Upper Arm","Noraxon MyoMotion Raw.Upper Thoracic","true","Adam","1600","0.5","","","","","","","","","","","","","","","","","","","","","","","","","","","","","","","","","","","","","","","","","","","","false","/home/benedikt_nothhelfer/ba_upki_benedikt/projects/UpKi_BioMat_Surf/results","false","fixedwindow","[""all""]","[""ACCX"",""ACCY"",""ACCZ"",""GYROX"",""GYROY"",""GYROZ""]","[""shoulder_elv_r"",""shoulder_rot_r"",""elv_angle_r"",""elbow_flexion_r"",""pro_sup_r"",""shoulder_elv_l"",""shoulder_rot_l"",""elv_angle_l"",""elbow_flexion_l"",""pro_sup_l""]","[""UpperThoracic"",""LeftUpperArm"",""LeftForearm"",""RightUpperArm"",""RightForearm""]","[""picking_up_pen"",""shelve_ordering""]","256","[""picking_up_pen"",""shelve_ordering""]","[""AMOAS01""]","[""picking_up_pen"",""shelve_ordering""]","[""AMOAS02"",""AMOAS03"",""AMOAS04"",""AMOAS05"",""AMOAS06"",""AMOAS07"",""AMOAS08"",""AMOAS09"",""AMOAS010"",""AMOAS011"",""AMOAS012"",""AMOAS013"",""AMOAS014"",""AMOAS015"",""AMOAS016"",""AMOAS017"",""AMOAS018"",""AMOAS019""]","lopo","256","128","0.5","16","3","0.5","true","false","","","","19","64.11075414545859","66.71811932423596","29.846227273051184","25.942790371488","31.61696407415383","17.387930359590584","25.15380014487955","27.923633276227037","32.345800906755066","14.055633781479326","12.684951158373","54.676301133526","56.05197205213839","37.28541267899854","37.843355861267185","25.195893405014623","26.137421424533","26.394173715354423","25.760260143201204","16.939441324405784","17.71644727823578","32.40006790166749","3.2405542272885604","8.391088287479056","8.613170129623631","4.1598735205099935","4.995110757342546","7.747250195009386","5.94159391303222","6.171909937231558","7.548796382730127","3.922027360245933","4.0698752773979","","","","","","","","","","","","","","","","","","","","","","","","","","","","","","","","","","","","","","","","","","","","","","","","","",""
"hernandez2021cnnlstm_11.04","finished","-","","","2026-04-11T13:32:44.000Z","584","13hw3xr2","0.2","128","3","0.2","32","0.2","32","[""picking_up_pen"",""shelve_ordering""]","[""picking_up_pen.csv"",""shelve_ordering.csv""]","32","0.5","64","3","false","by_var","StandardScaler","mosurf","/home/benedikt_nothhelfer/data_share/MoSurf_Daten/MoSurf_synangle/","cuda","mosurf_dataset.p","/home/benedikt_nothhelfer/data_share/MoSurf_Daten/","true","false","0.001","true","0.00001","false","[""AMOAS01"",""AMOAS02"",""AMOAS03"",""AMOAS04"",""AMOAS05"",""AMOAS06"",""AMOAS07"",""AMOAS08"",""AMOAS09"",""AMOAS010"",""AMOAS011"",""AMOAS012"",""AMOAS013"",""AMOAS014"",""AMOAS015"",""AMOAS016"",""AMOAS017"",""AMOAS018"",""AMOAS019""]","MSE","[1,1,1,1,1,1,1,1,1,1]","","","","transformertsai","50","","5","Accel X","Accel Y","Accel Z","Gyro X","Gyro Y","Gyro Z","Noraxon MyoMotion Raw.Left Forearm","Noraxon MyoMotion Raw.Left Upper Arm","Noraxon MyoMotion Raw.Right Forearm","Noraxon MyoMotion Raw.Right Upper Arm","Noraxon MyoMotion Raw.Upper Thoracic","true","Adam","1600","0.5","","","","","","","","","","","","","","","","","","","","","","","","","","","","","","","","","","","","","","","","","","","","false","/home/benedikt_nothhelfer/ba_upki_benedikt/projects/UpKi_BioMat_Surf/results","false","fixedwindow","[""all""]","[""ACCX"",""ACCY"",""ACCZ"",""GYROX"",""GYROY"",""GYROZ""]","[""shoulder_elv_r"",""shoulder_rot_r"",""elv_angle_r"",""elbow_flexion_r"",""pro_sup_r"",""shoulder_elv_l"",""shoulder_rot_l"",""elv_angle_l"",""elbow_flexion_l"",""pro_sup_l""]","[""UpperThoracic"",""LeftUpperArm"",""LeftForearm"",""RightUpperArm"",""RightForearm""]","[""picking_up_pen"",""shelve_ordering""]","256","[""picking_up_pen"",""shelve_ordering""]","[""AMOAS01""]","[""picking_up_pen"",""shelve_ordering""]","[""AMOAS02"",""AMOAS03"",""AMOAS04"",""AMOAS05"",""AMOAS06"",""AMOAS07"",""AMOAS08"",""AMOAS09"",""AMOAS010"",""AMOAS011"",""AMOAS012"",""AMOAS013"",""AMOAS014"",""AMOAS015"",""AMOAS016"",""AMOAS017"",""AMOAS018"",""AMOAS019""]","lopo","256","128","0.5","16","3","0.5","true","false","","","","19","64.43644458083276","69.01373016635819","30.80326834135652","26.382749338511083","32.74747696151776","19.60878393865014","26.42846070220885","30.348204198388373","33.05791028322838","14.779678308790896","12.615539756852378","56.36419802945402","57.699839948630355","38.23031057188967","38.48844515944988","26.388654634814262","27.276035288084472","28.20322978416814","27.663178462695154","17.24909986314165","17.832528789359877","33.53955205316875","3.332343258301785","8.370176831124093","8.845745503940753","4.224757598038634","5.053232054463109","8.12438708639388","6.404944557071406","6.007131050832054","7.482205556375342","3.9518732133952126","4.173603277003938","","","","","","","","","","","","","","","","","","","","","","","","","","","","","","","","","","","","","","","","","","","","","","","","","",""
"hernandez2021cnnlstm_11.04","finished","-","","","2026-04-11T13:18:42.000Z","840","13hw3xr2","0.3","128","2","0.1","16","0.3","64","[""picking_up_pen"",""shelve_ordering""]","[""picking_up_pen.csv"",""shelve_ordering.csv""]","32","0.5","64","3","false","by_var","StandardScaler","mosurf","/home/benedikt_nothhelfer/data_share/MoSurf_Daten/MoSurf_synangle/","cuda","mosurf_dataset.p","/home/benedikt_nothhelfer/data_share/MoSurf_Daten/","true","false","0.0001","true","0.001","false","[""AMOAS01"",""AMOAS02"",""AMOAS03"",""AMOAS04"",""AMOAS05"",""AMOAS06"",""AMOAS07"",""AMOAS08"",""AMOAS09"",""AMOAS010"",""AMOAS011"",""AMOAS012"",""AMOAS013"",""AMOAS014"",""AMOAS015"",""AMOAS016"",""AMOAS017"",""AMOAS018"",""AMOAS019""]","MSE","[1,1,1,1,1,1,1,1,1,1]","","","","transformertsai","70","","5","Accel X","Accel Y","Accel Z","Gyro X","Gyro Y","Gyro Z","Noraxon MyoMotion Raw.Left Forearm","Noraxon MyoMotion Raw.Left Upper Arm","Noraxon MyoMotion Raw.Right Forearm","Noraxon MyoMotion Raw.Right Upper Arm","Noraxon MyoMotion Raw.Upper Thoracic","true","Adam","1600","0.5","","","","","","","","","","","","","","","","","","","","","","","","","","","","","","","","","","","","","","","","","","","","false","/home/benedikt_nothhelfer/ba_upki_benedikt/projects/UpKi_BioMat_Surf/results","false","fixedwindow","[""all""]","[""ACCX"",""ACCY"",""ACCZ"",""GYROX"",""GYROY"",""GYROZ""]","[""shoulder_elv_r"",""shoulder_rot_r"",""elv_angle_r"",""elbow_flexion_r"",""pro_sup_r"",""shoulder_elv_l"",""shoulder_rot_l"",""elv_angle_l"",""elbow_flexion_l"",""pro_sup_l""]","[""UpperThoracic"",""LeftUpperArm"",""LeftForearm"",""RightUpperArm"",""RightForearm""]","[""picking_up_pen"",""shelve_ordering""]","256","[""picking_up_pen"",""shelve_ordering""]","[""AMOAS01""]","[""picking_up_pen"",""shelve_ordering""]","[""AMOAS02"",""AMOAS03"",""AMOAS04"",""AMOAS05"",""AMOAS06"",""AMOAS07"",""AMOAS08"",""AMOAS09"",""AMOAS010"",""AMOAS011"",""AMOAS012"",""AMOAS013"",""AMOAS014"",""AMOAS015"",""AMOAS016"",""AMOAS017"",""AMOAS018"",""AMOAS019""]","lopo","256","128","0.5","16","3","0.5","true","false","","","","19","21.963112855275483","21.560249973447057","19.0682810618122","16.348114376044606","15.75238315766099","16.695433983970076","15.128631887047897","11.617366687107562","16.723459919113584","7.707933633491197","10.71124719930022","20.397981493669796","20.787855435346803","19.563852163553054","20.314005916435452","19.48414999932561","18.442354423849764","11.668482185774495","12.521383766299618","11.831193204777922","13.023146030029466","16.8034404619062","1.602273641243428","2.3535631234938976","3.271253347879245","3.17219392416028","3.6857189288614736","4.56424801194688","3.8620410117249504","2.8679348425160436","3.757814200883592","2.9171543597273333","3.1894536178284363","","","","","","","","","","","","","","","","","","","","","","","","","","","","","","","","","","","","","","","","","","","","","","","","","",""
"hernandez2021cnnlstm_11.04","finished","-","","","2026-04-11T13:09:07.000Z","572","13hw3xr2","0.1","128","3","0.2","32","0.2","64","[""picking_up_pen"",""shelve_ordering""]","[""picking_up_pen.csv"",""shelve_ordering.csv""]","64","0.5","64","3","false","by_var","StandardScaler","mosurf","/home/benedikt_nothhelfer/data_share/MoSurf_Daten/MoSurf_synangle/","cuda","mosurf_dataset.p","/home/benedikt_nothhelfer/data_share/MoSurf_Daten/","true","false","0.001","true","0.00001","false","[""AMOAS01"",""AMOAS02"",""AMOAS03"",""AMOAS04"",""AMOAS05"",""AMOAS06"",""AMOAS07"",""AMOAS08"",""AMOAS09"",""AMOAS010"",""AMOAS011"",""AMOAS012"",""AMOAS013"",""AMOAS014"",""AMOAS015"",""AMOAS016"",""AMOAS017"",""AMOAS018"",""AMOAS019""]","MSE","[1,1,1,1,1,1,1,1,1,1]","","","","transformertsai","50","","5","Accel X","Accel Y","Accel Z","Gyro X","Gyro Y","Gyro Z","Noraxon MyoMotion Raw.Left Forearm","Noraxon MyoMotion Raw.Left Upper Arm","Noraxon MyoMotion Raw.Right Forearm","Noraxon MyoMotion Raw.Right Upper Arm","Noraxon MyoMotion Raw.Upper Thoracic","true","Adam","1600","0.5","","","","","","","","","","","","","","","","","","","","","","","","","","","","","","","","","","","","","","","","","","","","false","/home/benedikt_nothhelfer/ba_upki_benedikt/projects/UpKi_BioMat_Surf/results","false","fixedwindow","[""all""]","[""ACCX"",""ACCY"",""ACCZ"",""GYROX"",""GYROY"",""GYROZ""]","[""shoulder_elv_r"",""shoulder_rot_r"",""elv_angle_r"",""elbow_flexion_r"",""pro_sup_r"",""shoulder_elv_l"",""shoulder_rot_l"",""elv_angle_l"",""elbow_flexion_l"",""pro_sup_l""]","[""UpperThoracic"",""LeftUpperArm"",""LeftForearm"",""RightUpperArm"",""RightForearm""]","[""picking_up_pen"",""shelve_ordering""]","256","[""picking_up_pen"",""shelve_ordering""]","[""AMOAS01""]","[""picking_up_pen"",""shelve_ordering""]","[""AMOAS02"",""AMOAS03"",""AMOAS04"",""AMOAS05"",""AMOAS06"",""AMOAS07"",""AMOAS08"",""AMOAS09"",""AMOAS010"",""AMOAS011"",""AMOAS012"",""AMOAS013"",""AMOAS014"",""AMOAS015"",""AMOAS016"",""AMOAS017"",""AMOAS018"",""AMOAS019""]","lopo","256","128","0.5","16","3","0.5","true","false","","","","19","67.09481656208186","69.94177051850028","31.181301489910403","26.965326104588232","33.54276976089167","19.309410836490823","27.032108061665745","30.74724040167117","34.91257777895329","15.155665630652292","13.087480224402658","57.82207501053614","59.25294570277842","38.68966387390745","39.05911818542387","26.862228890225715","28.02730905840924","29.300410774406235","28.7019600227566","17.50357606279368","17.754493538823425","34.29737811200608","3.3783939481592893","8.45795043530002","8.646728722195734","4.285032246015161","5.101673968729784","8.479845250420123","6.613182737047672","6.226515447301202","7.506196564893181","4.109433435450696","4.220127401476524","","","","","","","","","","","","","","","","","","","","","","","","","","","","","","","","","","","","","","","","","","","","","","","","","",""
"hernandez2021cnnlstm_11.04","finished","-","","","2026-04-11T12:52:14.000Z","1012","13hw3xr2","0.2","128","3","0.3","16","0.2","32","[""picking_up_pen"",""shelve_ordering""]","[""picking_up_pen.csv"",""shelve_ordering.csv""]","32","0.5","64","3","false","by_var","StandardScaler","mosurf","/home/benedikt_nothhelfer/data_share/MoSurf_Daten/MoSurf_synangle/","cuda","mosurf_dataset.p","/home/benedikt_nothhelfer/data_share/MoSurf_Daten/","true","false","0.01","true","0.0001","false","[""AMOAS01"",""AMOAS02"",""AMOAS03"",""AMOAS04"",""AMOAS05"",""AMOAS06"",""AMOAS07"",""AMOAS08"",""AMOAS09"",""AMOAS010"",""AMOAS011"",""AMOAS012"",""AMOAS013"",""AMOAS014"",""AMOAS015"",""AMOAS016"",""AMOAS017"",""AMOAS018"",""AMOAS019""]","MSE","[1,1,1,1,1,1,1,1,1,1]","","","","transformertsai","100","","5","Accel X","Accel Y","Accel Z","Gyro X","Gyro Y","Gyro Z","Noraxon MyoMotion Raw.Left Forearm","Noraxon MyoMotion Raw.Left Upper Arm","Noraxon MyoMotion Raw.Right Forearm","Noraxon MyoMotion Raw.Right Upper Arm","Noraxon MyoMotion Raw.Upper Thoracic","true","Adam","1600","0.5","","","","","","","","","","","","","","","","","","","","","","","","","","","","","","","","","","","","","","","","","","","","false","/home/benedikt_nothhelfer/ba_upki_benedikt/projects/UpKi_BioMat_Surf/results","false","fixedwindow","[""all""]","[""ACCX"",""ACCY"",""ACCZ"",""GYROX"",""GYROY"",""GYROZ""]","[""shoulder_elv_r"",""shoulder_rot_r"",""elv_angle_r"",""elbow_flexion_r"",""pro_sup_r"",""shoulder_elv_l"",""shoulder_rot_l"",""elv_angle_l"",""elbow_flexion_l"",""pro_sup_l""]","[""UpperThoracic"",""LeftUpperArm"",""LeftForearm"",""RightUpperArm"",""RightForearm""]","[""picking_up_pen"",""shelve_ordering""]","256","[""picking_up_pen"",""shelve_ordering""]","[""AMOAS01""]","[""picking_up_pen"",""shelve_ordering""]","[""AMOAS02"",""AMOAS03"",""AMOAS04"",""AMOAS05"",""AMOAS06"",""AMOAS07"",""AMOAS08"",""AMOAS09"",""AMOAS010"",""AMOAS011"",""AMOAS012"",""AMOAS013"",""AMOAS014"",""AMOAS015"",""AMOAS016"",""AMOAS017"",""AMOAS018"",""AMOAS019""]","lopo","256","128","0.5","16","3","0.5","true","false","","","","19","38.89569936972717","40.81010184148339","28.55649513860001","26.377564126059852","23.38147464568781","15.166467522873829","20.525914267617612","17.486377082484612","20.872156847513367","12.7957413506413","12.328228909876964","32.55773250713961","33.1828543370674","33.86442893715096","34.78920197370471","21.211423433835968","20.546543263288367","16.249964728564024","15.306682241357953","16.50743970359386","17.780352997911347","24.199662412361416","2.1598696092823","5.832465374907834","6.684871353091239","4.513266515559251","4.7828023023911745","5.184471675088143","3.6634645763829887","4.147123207503627","4.68638823072828","3.5802126833724848","3.9071321965236674","","","","","","","","","","","","","","","","","","","","","","","","","","","","","","","","","","","","","","","","","","","","","","","","","",""
"hernandez2021cnnlstm_11.04","finished","-","","","2026-04-11T12:35:31.000Z","1002","13hw3xr2","0.2","64","3","0.2","16","0.3","32","[""picking_up_pen"",""shelve_ordering""]","[""picking_up_pen.csv"",""shelve_ordering.csv""]","16","0.5","64","3","false","by_var","StandardScaler","mosurf","/home/benedikt_nothhelfer/data_share/MoSurf_Daten/MoSurf_synangle/","cuda","mosurf_dataset.p","/home/benedikt_nothhelfer/data_share/MoSurf_Daten/","true","false","0.001","true","0.001","false","[""AMOAS01"",""AMOAS02"",""AMOAS03"",""AMOAS04"",""AMOAS05"",""AMOAS06"",""AMOAS07"",""AMOAS08"",""AMOAS09"",""AMOAS010"",""AMOAS011"",""AMOAS012"",""AMOAS013"",""AMOAS014"",""AMOAS015"",""AMOAS016"",""AMOAS017"",""AMOAS018"",""AMOAS019""]","MSE","[1,1,1,1,1,1,1,1,1,1]","","","","transformertsai","100","","5","Accel X","Accel Y","Accel Z","Gyro X","Gyro Y","Gyro Z","Noraxon MyoMotion Raw.Left Forearm","Noraxon MyoMotion Raw.Left Upper Arm","Noraxon MyoMotion Raw.Right Forearm","Noraxon MyoMotion Raw.Right Upper Arm","Noraxon MyoMotion Raw.Upper Thoracic","true","Adam","1600","0.5","","","","","","","","","","","","","","","","","","","","","","","","","","","","","","","","","","","","","","","","","","","","false","/home/benedikt_nothhelfer/ba_upki_benedikt/projects/UpKi_BioMat_Surf/results","false","fixedwindow","[""all""]","[""ACCX"",""ACCY"",""ACCZ"",""GYROX"",""GYROY"",""GYROZ""]","[""shoulder_elv_r"",""shoulder_rot_r"",""elv_angle_r"",""elbow_flexion_r"",""pro_sup_r"",""shoulder_elv_l"",""shoulder_rot_l"",""elv_angle_l"",""elbow_flexion_l"",""pro_sup_l""]","[""UpperThoracic"",""LeftUpperArm"",""LeftForearm"",""RightUpperArm"",""RightForearm""]","[""picking_up_pen"",""shelve_ordering""]","256","[""picking_up_pen"",""shelve_ordering""]","[""AMOAS01""]","[""picking_up_pen"",""shelve_ordering""]","[""AMOAS02"",""AMOAS03"",""AMOAS04"",""AMOAS05"",""AMOAS06"",""AMOAS07"",""AMOAS08"",""AMOAS09"",""AMOAS010"",""AMOAS011"",""AMOAS012"",""AMOAS013"",""AMOAS014"",""AMOAS015"",""AMOAS016"",""AMOAS017"",""AMOAS018"",""AMOAS019""]","lopo","256","128","0.5","16","3","0.5","true","false","","","","19","17.351494751465122","16.97937088337137","17.78302311514514","15.972401273972736","14.368165427318155","16.706292877424847","16.564442808040567","10.637479165046065","14.86627596124208","7.714534888729744","9.106338548743867","17.491491573533494","17.270557756123555","17.949391381814298","18.785529067282333","19.034227188451595","17.76802118538346","11.5366296813468","12.236831367983363","11.466777459025536","12.895767757693177","15.64352244186376","2.9499503203060855","5.555481326222848","5.91421697571377","4.078758949328975","5.192113935774764","5.430362672839478","4.598229896327965","3.616838082278102","4.138112430041792","3.627144016570494","3.4706209601157068","","","","","","","","","","","","","","","","","","","","","","","","","","","","","","","","","","","","","","","","","","","","","","","","","",""
"hernandez2021cnnlstm_10.04","finished","-","","","2026-04-10T15:34:07.000Z","864","dqq1dpws","0.2","128","2","0.1","16","0.1","64","[""picking_up_pen"",""shelve_ordering""]","[""picking_up_pen.csv"",""shelve_ordering.csv""]","16","0.5","64","3","false","by_var","HierarchicalScaler","mosurf","/home/benedikt_nothhelfer/data_share/MoSurf_Daten/MoSurf_synangle/","cuda","mosurf_dataset.p","/home/benedikt_nothhelfer/data_share/MoSurf_Daten/","true","false","0.001","true","0.001","false","[""AMOAS01"",""AMOAS02"",""AMOAS03"",""AMOAS04"",""AMOAS05"",""AMOAS06"",""AMOAS07"",""AMOAS08"",""AMOAS09"",""AMOAS010"",""AMOAS011"",""AMOAS012"",""AMOAS013"",""AMOAS014"",""AMOAS015"",""AMOAS016"",""AMOAS017"",""AMOAS018"",""AMOAS019""]","MSE","[1,1,1,1,1,1,1,1,1,1]","","","","transformertsai","50","","5","Accel X","Accel Y","Accel Z","Gyro X","Gyro Y","Gyro Z","Noraxon MyoMotion Raw.Left Forearm","Noraxon MyoMotion Raw.Left Upper Arm","Noraxon MyoMotion Raw.Right Forearm","Noraxon MyoMotion Raw.Right Upper Arm","Noraxon MyoMotion Raw.Upper Thoracic","true","Adam","1600","0.5","","","","","","","","","","","","","","","","","","","","","","","","","","","","","","","","","","","","","","","","","","","","false","/home/benedikt_nothhelfer/ba_upki_benedikt/projects/UpKi_BioMat_Surf/results","false","fixedwindow","[""all""]","[""ACCX"",""ACCY"",""ACCZ"",""GYROX"",""GYROY"",""GYROZ""]","[""shoulder_elv_r"",""shoulder_rot_r"",""elv_angle_r"",""elbow_flexion_r"",""pro_sup_r"",""shoulder_elv_l"",""shoulder_rot_l"",""elv_angle_l"",""elbow_flexion_l"",""pro_sup_l""]","[""UpperThoracic"",""LeftUpperArm"",""LeftForearm"",""RightUpperArm"",""RightForearm""]","[""picking_up_pen"",""shelve_ordering""]","256","[""picking_up_pen"",""shelve_ordering""]","[""AMOAS01""]","[""picking_up_pen"",""shelve_ordering""]","[""AMOAS02"",""AMOAS03"",""AMOAS04"",""AMOAS05"",""AMOAS06"",""AMOAS07"",""AMOAS08"",""AMOAS09"",""AMOAS010"",""AMOAS011"",""AMOAS012"",""AMOAS013"",""AMOAS014"",""AMOAS015"",""AMOAS016"",""AMOAS017"",""AMOAS018"",""AMOAS019""]","lopo","256","128","0.5","16","3","0.5","true","false","","","","19","18.650628990558452","18.20006520332751","19.037058416665943","17.914143061354196","15.270531769598495","17.446053984584793","14.288693437224566","10.38845613467062","15.158915994273396","9.774291056767154","11.847011416558326","15.669817580786662","15.39825338965769","16.486922750646585","16.560288838494515","19.000746345171375","17.587799626073554","11.836181017535091","12.83148439235142","11.35898491779969","12.397319930861329","14.912779878937789","1.1103405609789088","2.219329686825362","2.5630308718285915","3.3477481133916007","3.469960353473583","4.918336398335481","4.996193379732481","2.6545568812479066","3.5716458889379843","2.040452173588742","2.6956347878608313","","","","","","","","","","","","","","","","","","","","","","","","","","","","","","","","","","","","","","","","","","","","","","","","","",""
"hernandez2021cnnlstm_10.04","finished","-","","","2026-04-10T15:22:48.000Z","674","dqq1dpws","0.1","256","2","0.2","32","0.2","32","[""picking_up_pen"",""shelve_ordering""]","[""picking_up_pen.csv"",""shelve_ordering.csv""]","64","0.5","64","3","false","by_var","HierarchicalScaler","mosurf","/home/benedikt_nothhelfer/data_share/MoSurf_Daten/MoSurf_synangle/","cuda","mosurf_dataset.p","/home/benedikt_nothhelfer/data_share/MoSurf_Daten/","true","false","0.0001","true","0.0001","false","[""AMOAS01"",""AMOAS02"",""AMOAS03"",""AMOAS04"",""AMOAS05"",""AMOAS06"",""AMOAS07"",""AMOAS08"",""AMOAS09"",""AMOAS010"",""AMOAS011"",""AMOAS012"",""AMOAS013"",""AMOAS014"",""AMOAS015"",""AMOAS016"",""AMOAS017"",""AMOAS018"",""AMOAS019""]","MSE","[1,1,1,1,1,1,1,1,1,1]","","","","transformertsai","50","","5","Accel X","Accel Y","Accel Z","Gyro X","Gyro Y","Gyro Z","Noraxon MyoMotion Raw.Left Forearm","Noraxon MyoMotion Raw.Left Upper Arm","Noraxon MyoMotion Raw.Right Forearm","Noraxon MyoMotion Raw.Right Upper Arm","Noraxon MyoMotion Raw.Upper Thoracic","true","Adam","1600","0.5","","","","","","","","","","","","","","","","","","","","","","","","","","","","","","","","","","","","","","","","","","","","false","/home/benedikt_nothhelfer/ba_upki_benedikt/projects/UpKi_BioMat_Surf/results","false","fixedwindow","[""all""]","[""ACCX"",""ACCY"",""ACCZ"",""GYROX"",""GYROY"",""GYROZ""]","[""shoulder_elv_r"",""shoulder_rot_r"",""elv_angle_r"",""elbow_flexion_r"",""pro_sup_r"",""shoulder_elv_l"",""shoulder_rot_l"",""elv_angle_l"",""elbow_flexion_l"",""pro_sup_l""]","[""UpperThoracic"",""LeftUpperArm"",""LeftForearm"",""RightUpperArm"",""RightForearm""]","[""picking_up_pen"",""shelve_ordering""]","256","[""picking_up_pen"",""shelve_ordering""]","[""AMOAS01""]","[""picking_up_pen"",""shelve_ordering""]","[""AMOAS02"",""AMOAS03"",""AMOAS04"",""AMOAS05"",""AMOAS06"",""AMOAS07"",""AMOAS08"",""AMOAS09"",""AMOAS010"",""AMOAS011"",""AMOAS012"",""AMOAS013"",""AMOAS014"",""AMOAS015"",""AMOAS016"",""AMOAS017"",""AMOAS018"",""AMOAS019""]","lopo","256","128","0.5","16","3","0.5","true","false","","","","19","49.04996324314","51.949148324242344","27.622168809831667","25.209160278259787","25.616206806057686","14.530897144211515","20.867408701409907","18.56057181302363","23.21058210308058","12.828034820423133","12.3341328229543","40.947849736755884","42.070798945692474","34.12624274463089","34.99463265670337","21.325519479483074","21.14181712451077","17.53799645452191","16.84902600266899","16.485531909413876","17.758574654531696","26.323798970891296","2.6011665454289945","7.474863797514598","8.432510093412782","4.318311373671974","4.773457180753285","5.211977058461507","3.6973509848862696","4.875019127455635","6.278323418970384","3.5557002238889237","3.8915706862733423","","","","","","","","","","","","","","","","","","","","","","","","","","","","","","","","","","","","","","","","","","","","","","","","","",""
"hernandez2021cnnlstm_10.04","finished","-","","","2026-04-10T15:08:19.000Z","866","dqq1dpws","0.1","128","3","0.2","16","0.2","32","[""picking_up_pen"",""shelve_ordering""]","[""picking_up_pen.csv"",""shelve_ordering.csv""]","16","0.5","64","3","false","by_var","HierarchicalScaler","mosurf","/home/benedikt_nothhelfer/data_share/MoSurf_Daten/MoSurf_synangle/","cuda","mosurf_dataset.p","/home/benedikt_nothhelfer/data_share/MoSurf_Daten/","true","false","0.001","true","0.0001","false","[""AMOAS01"",""AMOAS02"",""AMOAS03"",""AMOAS04"",""AMOAS05"",""AMOAS06"",""AMOAS07"",""AMOAS08"",""AMOAS09"",""AMOAS010"",""AMOAS011"",""AMOAS012"",""AMOAS013"",""AMOAS014"",""AMOAS015"",""AMOAS016"",""AMOAS017"",""AMOAS018"",""AMOAS019""]","MSE","[1,1,1,1,1,1,1,1,1,1]","","","","transformertsai","50","","5","Accel X","Accel Y","Accel Z","Gyro X","Gyro Y","Gyro Z","Noraxon MyoMotion Raw.Left Forearm","Noraxon MyoMotion Raw.Left Upper Arm","Noraxon MyoMotion Raw.Right Forearm","Noraxon MyoMotion Raw.Right Upper Arm","Noraxon MyoMotion Raw.Upper Thoracic","true","Adam","1600","0.5","","","","","","","","","","","","","","","","","","","","","","","","","","","","","","","","","","","","","","","","","","","","false","/home/benedikt_nothhelfer/ba_upki_benedikt/projects/UpKi_BioMat_Surf/results","false","fixedwindow","[""all""]","[""ACCX"",""ACCY"",""ACCZ"",""GYROX"",""GYROY"",""GYROZ""]","[""shoulder_elv_r"",""shoulder_rot_r"",""elv_angle_r"",""elbow_flexion_r"",""pro_sup_r"",""shoulder_elv_l"",""shoulder_rot_l"",""elv_angle_l"",""elbow_flexion_l"",""pro_sup_l""]","[""UpperThoracic"",""LeftUpperArm"",""LeftForearm"",""RightUpperArm"",""RightForearm""]","[""picking_up_pen"",""shelve_ordering""]","256","[""picking_up_pen"",""shelve_ordering""]","[""AMOAS01""]","[""picking_up_pen"",""shelve_ordering""]","[""AMOAS02"",""AMOAS03"",""AMOAS04"",""AMOAS05"",""AMOAS06"",""AMOAS07"",""AMOAS08"",""AMOAS09"",""AMOAS010"",""AMOAS011"",""AMOAS012"",""AMOAS013"",""AMOAS014"",""AMOAS015"",""AMOAS016"",""AMOAS017"",""AMOAS018"",""AMOAS019""]","lopo","256","128","0.5","16","3","0.5","true","false","","","","19","39.28010637347448","41.2313363878118","28.36894190115738","26.28829907966039","23.422902816839436","15.151893980810293","20.524516098674432","17.44654219334229","20.825540501053993","12.785455979367498","12.326395673041771","32.66423095586576","33.244660093283024","33.8536012357982","34.7773328622387","21.199307153873654","20.547529873441334","16.172896507405945","15.317132424635238","16.501291541875894","17.782225046574123","24.206020769499187","2.146913846915784","5.852960146884808","6.810338574537297","4.516170266584815","4.7742790809315645","5.146977309919107","3.6770578647465912","4.179889563457433","4.702561172319447","3.582449111255949","3.906685113762874","","","","","","","","","","","","","","","","","","","","","","","","","","","","","","","","","","","","","","","","","","","","","","","","","",""
"hernandez2021cnnlstm_10.04","finished","-","","","2026-04-10T14:45:42.000Z","1351","dqq1dpws","0.1","128","2","0.3","32","0.2","64","[""picking_up_pen"",""shelve_ordering""]","[""picking_up_pen.csv"",""shelve_ordering.csv""]","16","0.5","64","3","false","by_var","HierarchicalScaler","mosurf","/home/benedikt_nothhelfer/data_share/MoSurf_Daten/MoSurf_synangle/","cuda","mosurf_dataset.p","/home/benedikt_nothhelfer/data_share/MoSurf_Daten/","true","false","0.001","true","0.001","false","[""AMOAS01"",""AMOAS02"",""AMOAS03"",""AMOAS04"",""AMOAS05"",""AMOAS06"",""AMOAS07"",""AMOAS08"",""AMOAS09"",""AMOAS010"",""AMOAS011"",""AMOAS012"",""AMOAS013"",""AMOAS014"",""AMOAS015"",""AMOAS016"",""AMOAS017"",""AMOAS018"",""AMOAS019""]","MSE","[1,1,1,1,1,1,1,1,1,1]","","","","transformertsai","70","","5","Accel X","Accel Y","Accel Z","Gyro X","Gyro Y","Gyro Z","Noraxon MyoMotion Raw.Left Forearm","Noraxon MyoMotion Raw.Left Upper Arm","Noraxon MyoMotion Raw.Right Forearm","Noraxon MyoMotion Raw.Right Upper Arm","Noraxon MyoMotion Raw.Upper Thoracic","true","Adam","1600","0.5","","","","","","","","","","","","","","","","","","","","","","","","","","","","","","","","","","","","","","","","","","","","false","/home/benedikt_nothhelfer/ba_upki_benedikt/projects/UpKi_BioMat_Surf/results","false","fixedwindow","[""all""]","[""ACCX"",""ACCY"",""ACCZ"",""GYROX"",""GYROY"",""GYROZ""]","[""shoulder_elv_r"",""shoulder_rot_r"",""elv_angle_r"",""elbow_flexion_r"",""pro_sup_r"",""shoulder_elv_l"",""shoulder_rot_l"",""elv_angle_l"",""elbow_flexion_l"",""pro_sup_l""]","[""UpperThoracic"",""LeftUpperArm"",""LeftForearm"",""RightUpperArm"",""RightForearm""]","[""picking_up_pen"",""shelve_ordering""]","256","[""picking_up_pen"",""shelve_ordering""]","[""AMOAS01""]","[""picking_up_pen"",""shelve_ordering""]","[""AMOAS02"",""AMOAS03"",""AMOAS04"",""AMOAS05"",""AMOAS06"",""AMOAS07"",""AMOAS08"",""AMOAS09"",""AMOAS010"",""AMOAS011"",""AMOAS012"",""AMOAS013"",""AMOAS014"",""AMOAS015"",""AMOAS016"",""AMOAS017"",""AMOAS018"",""AMOAS019""]","lopo","256","128","0.5","16","3","0.5","true","false","","","","19","17.900995131379986","19.65312054972724","17.488048780940836","18.991065405980052","15.15360149290633","16.66077890440029","14.542800368574724","8.870009434256444","14.193398518740423","10.683038690803144","12.552759144260142","14.073139725620846","14.349951462704883","15.249397059326393","15.307017996913077","18.85126644461484","17.436009250250734","10.70790005453226","12.132238961483438","10.546219255390971","12.216165979943144","14.086930619078055","1.395489468403802","2.2654396477153234","2.654350346694639","3.423170852751243","3.707608317783917","4.795513135841624","4.8716711194466535","2.529621993406191","3.15357590898222","2.190139230997433","2.8966377624706516","","","","","","","","","","","","","","","","","","","","","","","","","","","","","","","","","","","","","","","","","","","","","","","","","",""
"hernandez2021cnnlstm_10.04","finished","-","","","2026-04-10T14:18:30.000Z","1631","dqq1dpws","0.2","256","2","0.1","32","0.2","64","[""picking_up_pen"",""shelve_ordering""]","[""picking_up_pen.csv"",""shelve_ordering.csv""]","64","0.5","64","3","false","by_var","HierarchicalScaler","mosurf","/home/benedikt_nothhelfer/data_share/MoSurf_Daten/MoSurf_synangle/","cuda","mosurf_dataset.p","/home/benedikt_nothhelfer/data_share/MoSurf_Daten/","true","false","0.0001","true","0.001","false","[""AMOAS01"",""AMOAS02"",""AMOAS03"",""AMOAS04"",""AMOAS05"",""AMOAS06"",""AMOAS07"",""AMOAS08"",""AMOAS09"",""AMOAS010"",""AMOAS011"",""AMOAS012"",""AMOAS013"",""AMOAS014"",""AMOAS015"",""AMOAS016"",""AMOAS017"",""AMOAS018"",""AMOAS019""]","MSE","[1,1,1,1,1,1,1,1,1,1]","","","","transformertsai","100","","5","Accel X","Accel Y","Accel Z","Gyro X","Gyro Y","Gyro Z","Noraxon MyoMotion Raw.Left Forearm","Noraxon MyoMotion Raw.Left Upper Arm","Noraxon MyoMotion Raw.Right Forearm","Noraxon MyoMotion Raw.Right Upper Arm","Noraxon MyoMotion Raw.Upper Thoracic","true","Adam","1600","0.5","","","","","","","","","","","","","","","","","","","","","","","","","","","","","","","","","","","","","","","","","","","","false","/home/benedikt_nothhelfer/ba_upki_benedikt/projects/UpKi_BioMat_Surf/results","false","fixedwindow","[""all""]","[""ACCX"",""ACCY"",""ACCZ"",""GYROX"",""GYROY"",""GYROZ""]","[""shoulder_elv_r"",""shoulder_rot_r"",""elv_angle_r"",""elbow_flexion_r"",""pro_sup_r"",""shoulder_elv_l"",""shoulder_rot_l"",""elv_angle_l"",""elbow_flexion_l"",""pro_sup_l""]","[""UpperThoracic"",""LeftUpperArm"",""LeftForearm"",""RightUpperArm"",""RightForearm""]","[""picking_up_pen"",""shelve_ordering""]","256","[""picking_up_pen"",""shelve_ordering""]","[""AMOAS01""]","[""picking_up_pen"",""shelve_ordering""]","[""AMOAS02"",""AMOAS03"",""AMOAS04"",""AMOAS05"",""AMOAS06"",""AMOAS07"",""AMOAS08"",""AMOAS09"",""AMOAS010"",""AMOAS011"",""AMOAS012"",""AMOAS013"",""AMOAS014"",""AMOAS015"",""AMOAS016"",""AMOAS017"",""AMOAS018"",""AMOAS019""]","lopo","256","128","0.5","16","3","0.5","true","false","","","","19","20.422515790357608","18.955460075045675","19.25873850750947","17.197589209298993","15.83672007587496","17.795093101717875","15.041415818217343","11.279853083600944","15.80300115854505","10.1868556068833","12.426678407573364","20.43705363543928","20.021658371112768","20.65986823658986","21.092692458110378","19.881506306784903","18.86299336957697","12.296645252488013","13.188957224252825","12.801214944162911","14.105750895379805","17.334834069389768","2.781086392401465","3.961646174378576","4.684966271258431","7.457715349399165","7.535376470525165","4.558814654885309","4.196857713557141","2.9076210216353853","3.9135362224064383","3.510329847826095","4.487323856758532","","","","","","","","","","","","","","","","","","","","","","","","","","","","","","","","","","","","","","","","","","","","","","","","","",""
"hernandez2021cnnlstm_10.04","finished","-","","","2026-04-10T13:55:53.000Z","1356","dqq1dpws","0.2","256","3","0.2","16","0.3","32","[""picking_up_pen"",""shelve_ordering""]","[""picking_up_pen.csv"",""shelve_ordering.csv""]","32","0.5","64","3","false","by_var","HierarchicalScaler","mosurf","/home/benedikt_nothhelfer/data_share/MoSurf_Daten/MoSurf_synangle/","cuda","mosurf_dataset.p","/home/benedikt_nothhelfer/data_share/MoSurf_Daten/","true","false","0.0001","true","0.001","false","[""AMOAS01"",""AMOAS02"",""AMOAS03"",""AMOAS04"",""AMOAS05"",""AMOAS06"",""AMOAS07"",""AMOAS08"",""AMOAS09"",""AMOAS010"",""AMOAS011"",""AMOAS012"",""AMOAS013"",""AMOAS014"",""AMOAS015"",""AMOAS016"",""AMOAS017"",""AMOAS018"",""AMOAS019""]","MSE","[1,1,1,1,1,1,1,1,1,1]","","","","transformertsai","70","","5","Accel X","Accel Y","Accel Z","Gyro X","Gyro Y","Gyro Z","Noraxon MyoMotion Raw.Left Forearm","Noraxon MyoMotion Raw.Left Upper Arm","Noraxon MyoMotion Raw.Right Forearm","Noraxon MyoMotion Raw.Right Upper Arm","Noraxon MyoMotion Raw.Upper Thoracic","true","Adam","1600","0.5","","","","","","","","","","","","","","","","","","","","","","","","","","","","","","","","","","","","","","","","","","","","false","/home/benedikt_nothhelfer/ba_upki_benedikt/projects/UpKi_BioMat_Surf/results","false","fixedwindow","[""all""]","[""ACCX"",""ACCY"",""ACCZ"",""GYROX"",""GYROY"",""GYROZ""]","[""shoulder_elv_r"",""shoulder_rot_r"",""elv_angle_r"",""elbow_flexion_r"",""pro_sup_r"",""shoulder_elv_l"",""shoulder_rot_l"",""elv_angle_l"",""elbow_flexion_l"",""pro_sup_l""]","[""UpperThoracic"",""LeftUpperArm"",""LeftForearm"",""RightUpperArm"",""RightForearm""]","[""picking_up_pen"",""shelve_ordering""]","256","[""picking_up_pen"",""shelve_ordering""]","[""AMOAS01""]","[""picking_up_pen"",""shelve_ordering""]","[""AMOAS02"",""AMOAS03"",""AMOAS04"",""AMOAS05"",""AMOAS06"",""AMOAS07"",""AMOAS08"",""AMOAS09"",""AMOAS010"",""AMOAS011"",""AMOAS012"",""AMOAS013"",""AMOAS014"",""AMOAS015"",""AMOAS016"",""AMOAS017"",""AMOAS018"",""AMOAS019""]","lopo","256","128","0.5","16","3","0.5","true","false","","","","19","21.69989270873056","20.268188956222826","20.09707173831236","17.304046135236494","16.091505337374564","16.944159187316384","15.06593816386978","11.52990434683474","16.08882271444883","9.562803680695314","12.354225742078349","27.43913910407661","27.554082410310283","30.292753581287528","31.24354819349616","20.939937295631427","19.656001546702043","14.973090567395449","14.014995905241536","15.389773452793795","16.633076332644265","21.813639838957915","2.9861407784983354","3.637520582821987","4.479775195584097","7.691163012584092","8.35216385784411","5.62199817762892","3.8819957096858615","3.759138663689724","4.060044041463874","3.575864441280129","3.9269817286983","","","","","","","","","","","","","","","","","","","","","","","","","","","","","","","","","","","","","","","","","","","","","","","","","",""
"hernandez2021cnnlstm_10.04","finished","-","","","2026-04-10T13:18:08.000Z","2262","dqq1dpws","0.2","256","2","0.1","16","0.2","64","[""picking_up_pen"",""shelve_ordering""]","[""picking_up_pen.csv"",""shelve_ordering.csv""]","16","0.5","64","3","false","by_var","HierarchicalScaler","mosurf","/home/benedikt_nothhelfer/data_share/MoSurf_Daten/MoSurf_synangle/","cuda","mosurf_dataset.p","/home/benedikt_nothhelfer/data_share/MoSurf_Daten/","true","false","0.01","true","0.0001","false","[""AMOAS01"",""AMOAS02"",""AMOAS03"",""AMOAS04"",""AMOAS05"",""AMOAS06"",""AMOAS07"",""AMOAS08"",""AMOAS09"",""AMOAS010"",""AMOAS011"",""AMOAS012"",""AMOAS013"",""AMOAS014"",""AMOAS015"",""AMOAS016"",""AMOAS017"",""AMOAS018"",""AMOAS019""]","MSE","[1,1,1,1,1,1,1,1,1,1]","","","","transformertsai","70","","5","Accel X","Accel Y","Accel Z","Gyro X","Gyro Y","Gyro Z","Noraxon MyoMotion Raw.Left Forearm","Noraxon MyoMotion Raw.Left Upper Arm","Noraxon MyoMotion Raw.Right Forearm","Noraxon MyoMotion Raw.Right Upper Arm","Noraxon MyoMotion Raw.Upper Thoracic","true","Adam","1600","0.5","","","","","","","","","","","","","","","","","","","","","","","","","","","","","","","","","","","","","","","","","","","","false","/home/benedikt_nothhelfer/ba_upki_benedikt/projects/UpKi_BioMat_Surf/results","false","fixedwindow","[""all""]","[""ACCX"",""ACCY"",""ACCZ"",""GYROX"",""GYROY"",""GYROZ""]","[""shoulder_elv_r"",""shoulder_rot_r"",""elv_angle_r"",""elbow_flexion_r"",""pro_sup_r"",""shoulder_elv_l"",""shoulder_rot_l"",""elv_angle_l"",""elbow_flexion_l"",""pro_sup_l""]","[""UpperThoracic"",""LeftUpperArm"",""LeftForearm"",""RightUpperArm"",""RightForearm""]","[""picking_up_pen"",""shelve_ordering""]","256","[""picking_up_pen"",""shelve_ordering""]","[""AMOAS01""]","[""picking_up_pen"",""shelve_ordering""]","[""AMOAS02"",""AMOAS03"",""AMOAS04"",""AMOAS05"",""AMOAS06"",""AMOAS07"",""AMOAS08"",""AMOAS09"",""AMOAS010"",""AMOAS011"",""AMOAS012"",""AMOAS013"",""AMOAS014"",""AMOAS015"",""AMOAS016"",""AMOAS017"",""AMOAS018"",""AMOAS019""]","lopo","256","128","0.5","16","3","0.5","true","false","","","","19","30.13166552439279","29.41763773580086","26.986341691268663","24.892537002446453","20.86275626992975","14.720641203786656","21.083862403519944","15.885170624554544","20.205920516393057","12.984916267034835","12.318869730099756","25.183407229702407","25.817705318574134","25.570171423397472","27.209044961284288","20.862449429698582","20.01937470978424","12.7696006591049","13.108276551020174","15.218830964173025","16.177976169050158","20.19368374157894","1.2127256824779082","2.686409707040178","3.5199787780487224","3.57751220157676","3.962229989448968","5.0001357025064275","3.877992594183803","3.007123946537246","4.208585451417381","3.0121110991113915","3.4854053872915327","","","","","","","","","","","","","","","","","","","","","","","","","","","","","","","","","","","","","","","","","","","","","","","","","",""
"hernandez2021cnnlstm_10.04","finished","-","","","2026-04-10T13:03:22.000Z","880","dqq1dpws","0.2","128","3","0.2","32","0.3","32","[""picking_up_pen"",""shelve_ordering""]","[""picking_up_pen.csv"",""shelve_ordering.csv""]","32","0.5","64","3","false","by_var","HierarchicalScaler","mosurf","/home/benedikt_nothhelfer/data_share/MoSurf_Daten/MoSurf_synangle/","cuda","mosurf_dataset.p","/home/benedikt_nothhelfer/data_share/MoSurf_Daten/","true","false","0.001","true","0.001","false","[""AMOAS01"",""AMOAS02"",""AMOAS03"",""AMOAS04"",""AMOAS05"",""AMOAS06"",""AMOAS07"",""AMOAS08"",""AMOAS09"",""AMOAS010"",""AMOAS011"",""AMOAS012"",""AMOAS013"",""AMOAS014"",""AMOAS015"",""AMOAS016"",""AMOAS017"",""AMOAS018"",""AMOAS019""]","MSE","[1,1,1,1,1,1,1,1,1,1]","","","","transformertsai","70","","5","Accel X","Accel Y","Accel Z","Gyro X","Gyro Y","Gyro Z","Noraxon MyoMotion Raw.Left Forearm","Noraxon MyoMotion Raw.Left Upper Arm","Noraxon MyoMotion Raw.Right Forearm","Noraxon MyoMotion Raw.Right Upper Arm","Noraxon MyoMotion Raw.Upper Thoracic","true","Adam","1600","0.5","","","","","","","","","","","","","","","","","","","","","","","","","","","","","","","","","","","","","","","","","","","","false","/home/benedikt_nothhelfer/ba_upki_benedikt/projects/UpKi_BioMat_Surf/results","false","fixedwindow","[""all""]","[""ACCX"",""ACCY"",""ACCZ"",""GYROX"",""GYROY"",""GYROZ""]","[""shoulder_elv_r"",""shoulder_rot_r"",""elv_angle_r"",""elbow_flexion_r"",""pro_sup_r"",""shoulder_elv_l"",""shoulder_rot_l"",""elv_angle_l"",""elbow_flexion_l"",""pro_sup_l""]","[""UpperThoracic"",""LeftUpperArm"",""LeftForearm"",""RightUpperArm"",""RightForearm""]","[""picking_up_pen"",""shelve_ordering""]","256","[""picking_up_pen"",""shelve_ordering""]","[""AMOAS01""]","[""picking_up_pen"",""shelve_ordering""]","[""AMOAS02"",""AMOAS03"",""AMOAS04"",""AMOAS05"",""AMOAS06"",""AMOAS07"",""AMOAS08"",""AMOAS09"",""AMOAS010"",""AMOAS011"",""AMOAS012"",""AMOAS013"",""AMOAS014"",""AMOAS015"",""AMOAS016"",""AMOAS017"",""AMOAS018"",""AMOAS019""]","lopo","256","128","0.5","16","3","0.5","true","false","","","","19","26.648639181447543","26.81699577600201","22.713726916721463","20.88159731835495","17.832514640326153","15.457475184365638","16.384419238063987","11.777469337600976","16.408629741208227","9.060102985130078","12.176090724366649","24.55499024855385","24.926351333563264","22.051087898850778","23.205418855838055","19.756433153347587","19.13464221987621","12.813513764527588","13.412399870723954","12.96259948404112","14.052063777436176","18.68695006067586","2.253830706652799","2.9592722266278466","3.8455784312540646","7.509854290178262","6.961462711736083","5.302331992091782","4.046233647958188","3.1879283750553102","3.4081117599968103","2.9840709085552533","3.1341361828018477","","","","","","","","","","","","","","","","","","","","","","","","","","","","","","","","","","","","","","","","","","","","","","","","","",""
"hernandez2021cnnlstm_10.04","finished","-","","","2026-04-10T12:37:55.000Z","1526","dqq1dpws","0.3","128","3","0.2","32","0.1","64","[""picking_up_pen"",""shelve_ordering""]","[""picking_up_pen.csv"",""shelve_ordering.csv""]","32","0.5","64","3","false","by_var","HierarchicalScaler","mosurf","/home/benedikt_nothhelfer/data_share/MoSurf_Daten/MoSurf_synangle/","cuda","mosurf_dataset.p","/home/benedikt_nothhelfer/data_share/MoSurf_Daten/","true","false","0.001","true","0.001","false","[""AMOAS01"",""AMOAS02"",""AMOAS03"",""AMOAS04"",""AMOAS05"",""AMOAS06"",""AMOAS07"",""AMOAS08"",""AMOAS09"",""AMOAS010"",""AMOAS011"",""AMOAS012"",""AMOAS013"",""AMOAS014"",""AMOAS015"",""AMOAS016"",""AMOAS017"",""AMOAS018"",""AMOAS019""]","MSE","[1,1,1,1,1,1,1,1,1,1]","","","","transformertsai","100","","5","Accel X","Accel Y","Accel Z","Gyro X","Gyro Y","Gyro Z","Noraxon MyoMotion Raw.Left Forearm","Noraxon MyoMotion Raw.Left Upper Arm","Noraxon MyoMotion Raw.Right Forearm","Noraxon MyoMotion Raw.Right Upper Arm","Noraxon MyoMotion Raw.Upper Thoracic","true","Adam","1600","0.5","","","","","","","","","","","","","","","","","","","","","","","","","","","","","","","","","","","","","","","","","","","","false","/home/benedikt_nothhelfer/ba_upki_benedikt/projects/UpKi_BioMat_Surf/results","false","fixedwindow","[""all""]","[""ACCX"",""ACCY"",""ACCZ"",""GYROX"",""GYROY"",""GYROZ""]","[""shoulder_elv_r"",""shoulder_rot_r"",""elv_angle_r"",""elbow_flexion_r"",""pro_sup_r"",""shoulder_elv_l"",""shoulder_rot_l"",""elv_angle_l"",""elbow_flexion_l"",""pro_sup_l""]","[""UpperThoracic"",""LeftUpperArm"",""LeftForearm"",""RightUpperArm"",""RightForearm""]","[""picking_up_pen"",""shelve_ordering""]","256","[""picking_up_pen"",""shelve_ordering""]","[""AMOAS01""]","[""picking_up_pen"",""shelve_ordering""]","[""AMOAS02"",""AMOAS03"",""AMOAS04"",""AMOAS05"",""AMOAS06"",""AMOAS07"",""AMOAS08"",""AMOAS09"",""AMOAS010"",""AMOAS011"",""AMOAS012"",""AMOAS013"",""AMOAS014"",""AMOAS015"",""AMOAS016"",""AMOAS017"",""AMOAS018"",""AMOAS019""]","lopo","256","128","0.5","16","3","0.5","true","false","","","","19","20.6462343311416","20.172276895932733","19.54494365278208","17.494768137083653","16.468688014869333","19.099745956927457","15.82815655357081","10.986764343785447","16.393305662794543","10.85543698817531","13.665247626499674","18.59976869580541","18.525394269722756","17.966642021413808","18.289655077398805","19.715312981818723","18.53801196922225","11.941893927729264","12.784436983504571","11.710787983798976","12.887208720198302","16.09591126306129","1.435093591957585","3.4310495818925144","4.615629123177593","3.072468529663707","3.2081650596336972","5.657086604256932","4.5902031862677415","2.49675294316423","3.5802343392640297","2.533810822054949","3.244663495335388","","","","","","","","","","","","","","","","","","","","","","","","","","","","","","","","","","","","","","","","","","","","","","","","","",""
"hernandez2021cnnlstm_10.04","finished","-","","","2026-04-10T12:23:51.000Z","841","dqq1dpws","0.3","128","3","0.2","16","0.3","32","[""picking_up_pen"",""shelve_ordering""]","[""picking_up_pen.csv"",""shelve_ordering.csv""]","64","0.5","64","3","false","by_var","HierarchicalScaler","mosurf","/home/benedikt_nothhelfer/data_share/MoSurf_Daten/MoSurf_synangle/","cuda","mosurf_dataset.p","/home/benedikt_nothhelfer/data_share/MoSurf_Daten/","true","false","0.01","true","0.0001","false","[""AMOAS01"",""AMOAS02"",""AMOAS03"",""AMOAS04"",""AMOAS05"",""AMOAS06"",""AMOAS07"",""AMOAS08"",""AMOAS09"",""AMOAS010"",""AMOAS011"",""AMOAS012"",""AMOAS013"",""AMOAS014"",""AMOAS015"",""AMOAS016"",""AMOAS017"",""AMOAS018"",""AMOAS019""]","MSE","[1,1,1,1,1,1,1,1,1,1]","","","","transformertsai","100","","5","Accel X","Accel Y","Accel Z","Gyro X","Gyro Y","Gyro Z","Noraxon MyoMotion Raw.Left Forearm","Noraxon MyoMotion Raw.Left Upper Arm","Noraxon MyoMotion Raw.Right Forearm","Noraxon MyoMotion Raw.Right Upper Arm","Noraxon MyoMotion Raw.Upper Thoracic","true","Adam","1600","0.5","","","","","","","","","","","","","","","","","","","","","","","","","","","","","","","","","","","","","","","","","","","","false","/home/benedikt_nothhelfer/ba_upki_benedikt/projects/UpKi_BioMat_Surf/results","false","fixedwindow","[""all""]","[""ACCX"",""ACCY"",""ACCZ"",""GYROX"",""GYROY"",""GYROZ""]","[""shoulder_elv_r"",""shoulder_rot_r"",""elv_angle_r"",""elbow_flexion_r"",""pro_sup_r"",""shoulder_elv_l"",""shoulder_rot_l"",""elv_angle_l"",""elbow_flexion_l"",""pro_sup_l""]","[""UpperThoracic"",""LeftUpperArm"",""LeftForearm"",""RightUpperArm"",""RightForearm""]","[""picking_up_pen"",""shelve_ordering""]","256","[""picking_up_pen"",""shelve_ordering""]","[""AMOAS01""]","[""picking_up_pen"",""shelve_ordering""]","[""AMOAS02"",""AMOAS03"",""AMOAS04"",""AMOAS05"",""AMOAS06"",""AMOAS07"",""AMOAS08"",""AMOAS09"",""AMOAS010"",""AMOAS011"",""AMOAS012"",""AMOAS013"",""AMOAS014"",""AMOAS015"",""AMOAS016"",""AMOAS017"",""AMOAS018"",""AMOAS019""]","lopo","256","128","0.5","16","3","0.5","true","false","","","","19","49.44219395711505","52.76777634071445","27.61758677797824","25.187831334094454","25.748331639039097","14.390417540503174","20.902967663528916","18.485509981340893","23.539405675191553","12.812760241342566","12.336866878581612","41.652604062369555","42.98332655713026","34.11431300619799","35.036142100376495","21.37416840985932","21.216136204748977","17.551210077872618","16.950827301077663","16.50344876871987","17.779108124782976","26.516128461313578","2.6397715076960453","7.714784100002389","8.330689373806274","4.310805635575769","4.787994960393241","5.310015397043401","3.8100137562299374","4.889559117487371","6.3405646537684","3.58520403960185","3.909912191126521","","","","","","","","","","","","","","","","","","","","","","","","","","","","","","","","","","","","","","","","","","","","","","","","","",""
"hernandez2021cnnlstm_10.04","finished","-","","","2026-04-10T12:14:57.000Z","531","dqq1dpws","0.2","128","3","0.1","16","0.1","32","[""picking_up_pen"",""shelve_ordering""]","[""picking_up_pen.csv"",""shelve_ordering.csv""]","32","0.5","64","3","false","by_var","HierarchicalScaler","mosurf","/home/benedikt_nothhelfer/data_share/MoSurf_Daten/MoSurf_synangle/","cuda","mosurf_dataset.p","/home/benedikt_nothhelfer/data_share/MoSurf_Daten/","true","false","0.001","true","0.001","false","[""AMOAS01"",""AMOAS02"",""AMOAS03"",""AMOAS04"",""AMOAS05"",""AMOAS06"",""AMOAS07"",""AMOAS08"",""AMOAS09"",""AMOAS010"",""AMOAS011"",""AMOAS012"",""AMOAS013"",""AMOAS014"",""AMOAS015"",""AMOAS016"",""AMOAS017"",""AMOAS018"",""AMOAS019""]","MSE","[1,1,1,1,1,1,1,1,1,1]","","","","transformertsai","50","","5","Accel X","Accel Y","Accel Z","Gyro X","Gyro Y","Gyro Z","Noraxon MyoMotion Raw.Left Forearm","Noraxon MyoMotion Raw.Left Upper Arm","Noraxon MyoMotion Raw.Right Forearm","Noraxon MyoMotion Raw.Right Upper Arm","Noraxon MyoMotion Raw.Upper Thoracic","true","Adam","1600","0.5","","","","","","","","","","","","","","","","","","","","","","","","","","","","","","","","","","","","","","","","","","","","false","/home/benedikt_nothhelfer/ba_upki_benedikt/projects/UpKi_BioMat_Surf/results","false","fixedwindow","[""all""]","[""ACCX"",""ACCY"",""ACCZ"",""GYROX"",""GYROY"",""GYROZ""]","[""shoulder_elv_r"",""shoulder_rot_r"",""elv_angle_r"",""elbow_flexion_r"",""pro_sup_r"",""shoulder_elv_l"",""shoulder_rot_l"",""elv_angle_l"",""elbow_flexion_l"",""pro_sup_l""]","[""UpperThoracic"",""LeftUpperArm"",""LeftForearm"",""RightUpperArm"",""RightForearm""]","[""picking_up_pen"",""shelve_ordering""]","256","[""picking_up_pen"",""shelve_ordering""]","[""AMOAS01""]","[""picking_up_pen"",""shelve_ordering""]","[""AMOAS02"",""AMOAS03"",""AMOAS04"",""AMOAS05"",""AMOAS06"",""AMOAS07"",""AMOAS08"",""AMOAS09"",""AMOAS010"",""AMOAS011"",""AMOAS012"",""AMOAS013"",""AMOAS014"",""AMOAS015"",""AMOAS016"",""AMOAS017"",""AMOAS018"",""AMOAS019""]","lopo","256","128","0.5","16","3","0.5","true","false","","","","19","27.197973026505036","27.823011565379396","25.673928923751973","24.20414517009197","19.786363399571098","14.827855692415897","20.725967387284697","14.18867752004585","18.705109653908988","11.968428497767338","12.548536558559857","25.88148434291344","26.44247952607239","28.54870628492228","29.738988559123595","21.2342715511253","20.553673060769647","13.90216343502216","13.693151979534742","15.240955741290136","16.748032838955307","21.198390731972903","1.8777156624344749","2.7209718935512233","3.2912255275496585","4.4354543604003025","4.673993247387919","5.157980706582016","4.113306876313658","3.79038857813663","4.692432785155494","3.781043415557157","4.342770420331047","","","","","","","","","","","","","","","","","","","","","","","","","","","","","","","","","","","","","","","","","","","","","","","","","",""
"hernandez2021cnnlstm_10.04","finished","-","","","2026-04-10T11:53:02.000Z","1314","dqq1dpws","0.3","128","3","0.3","32","0.3","32","[""picking_up_pen"",""shelve_ordering""]","[""picking_up_pen.csv"",""shelve_ordering.csv""]","32","0.5","64","3","false","by_var","HierarchicalScaler","mosurf","/home/benedikt_nothhelfer/data_share/MoSurf_Daten/MoSurf_synangle/","cuda","mosurf_dataset.p","/home/benedikt_nothhelfer/data_share/MoSurf_Daten/","true","false","0.001","true","0.00001","false","[""AMOAS01"",""AMOAS02"",""AMOAS03"",""AMOAS04"",""AMOAS05"",""AMOAS06"",""AMOAS07"",""AMOAS08"",""AMOAS09"",""AMOAS010"",""AMOAS011"",""AMOAS012"",""AMOAS013"",""AMOAS014"",""AMOAS015"",""AMOAS016"",""AMOAS017"",""AMOAS018"",""AMOAS019""]","MSE","[1,1,1,1,1,1,1,1,1,1]","","","","transformertsai","100","","5","Accel X","Accel Y","Accel Z","Gyro X","Gyro Y","Gyro Z","Noraxon MyoMotion Raw.Left Forearm","Noraxon MyoMotion Raw.Left Upper Arm","Noraxon MyoMotion Raw.Right Forearm","Noraxon MyoMotion Raw.Right Upper Arm","Noraxon MyoMotion Raw.Upper Thoracic","true","Adam","1600","0.5","","","","","","","","","","","","","","","","","","","","","","","","","","","","","","","","","","","","","","","","","","","","false","/home/benedikt_nothhelfer/ba_upki_benedikt/projects/UpKi_BioMat_Surf/results","false","fixedwindow","[""all""]","[""ACCX"",""ACCY"",""ACCZ"",""GYROX"",""GYROY"",""GYROZ""]","[""shoulder_elv_r"",""shoulder_rot_r"",""elv_angle_r"",""elbow_flexion_r"",""pro_sup_r"",""shoulder_elv_l"",""shoulder_rot_l"",""elv_angle_l"",""elbow_flexion_l"",""pro_sup_l""]","[""UpperThoracic"",""LeftUpperArm"",""LeftForearm"",""RightUpperArm"",""RightForearm""]","[""picking_up_pen"",""shelve_ordering""]","256","[""picking_up_pen"",""shelve_ordering""]","[""AMOAS01""]","[""picking_up_pen"",""shelve_ordering""]","[""AMOAS02"",""AMOAS03"",""AMOAS04"",""AMOAS05"",""AMOAS06"",""AMOAS07"",""AMOAS08"",""AMOAS09"",""AMOAS010"",""AMOAS011"",""AMOAS012"",""AMOAS013"",""AMOAS014"",""AMOAS015"",""AMOAS016"",""AMOAS017"",""AMOAS018"",""AMOAS019""]","lopo","256","128","0.5","16","3","0.5","true","false","","","","19","62.5878794228331","66.79613607060396","29.681667319442724","26.07025058513596","31.417195157406848","17.71139405723635","25.516663720022983","27.87316390978208","31.640652709919596","13.69938237908832","12.594761400003414","54.35110305224006","55.94660530926766","37.27894280269996","37.81079408263832","25.252989281593017","26.197201964760144","26.269997750174472","25.868520477692336","16.855713590768982","17.739793270134605","32.357166158196954","3.238083711120999","8.450690546040786","8.766178383040389","4.293565963387631","4.97126572125226","7.710132488296446","5.961420674488294","5.873955959330285","7.380933418666938","3.8183838311887586","4.036636409919707","","","","","","","","","","","","","","","","","","","","","","","","","","","","","","","","","","","","","","","","","","","","","","","","","",""
"hernandez2021cnnlstm_10.04","finished","-","","","2026-04-10T11:27:29.000Z","1529","dqq1dpws","0.3","256","3","0.1","16","0.2","32","[""picking_up_pen"",""shelve_ordering""]","[""picking_up_pen.csv"",""shelve_ordering.csv""]","16","0.5","64","3","false","by_var","HierarchicalScaler","mosurf","/home/benedikt_nothhelfer/data_share/MoSurf_Daten/MoSurf_synangle/","cuda","mosurf_dataset.p","/home/benedikt_nothhelfer/data_share/MoSurf_Daten/","true","false","0.0001","true","0.00001","false","[""AMOAS01"",""AMOAS02"",""AMOAS03"",""AMOAS04"",""AMOAS05"",""AMOAS06"",""AMOAS07"",""AMOAS08"",""AMOAS09"",""AMOAS010"",""AMOAS011"",""AMOAS012"",""AMOAS013"",""AMOAS014"",""AMOAS015"",""AMOAS016"",""AMOAS017"",""AMOAS018"",""AMOAS019""]","MSE","[1,1,1,1,1,1,1,1,1,1]","","","","transformertsai","50","","5","Accel X","Accel Y","Accel Z","Gyro X","Gyro Y","Gyro Z","Noraxon MyoMotion Raw.Left Forearm","Noraxon MyoMotion Raw.Left Upper Arm","Noraxon MyoMotion Raw.Right Forearm","Noraxon MyoMotion Raw.Right Upper Arm","Noraxon MyoMotion Raw.Upper Thoracic","true","Adam","1600","0.5","","","","","","","","","","","","","","","","","","","","","","","","","","","","","","","","","","","","","","","","","","","","false","/home/benedikt_nothhelfer/ba_upki_benedikt/projects/UpKi_BioMat_Surf/results","false","fixedwindow","[""all""]","[""ACCX"",""ACCY"",""ACCZ"",""GYROX"",""GYROY"",""GYROZ""]","[""shoulder_elv_r"",""shoulder_rot_r"",""elv_angle_r"",""elbow_flexion_r"",""pro_sup_r"",""shoulder_elv_l"",""shoulder_rot_l"",""elv_angle_l"",""elbow_flexion_l"",""pro_sup_l""]","[""UpperThoracic"",""LeftUpperArm"",""LeftForearm"",""RightUpperArm"",""RightForearm""]","[""picking_up_pen"",""shelve_ordering""]","256","[""picking_up_pen"",""shelve_ordering""]","[""AMOAS01""]","[""picking_up_pen"",""shelve_ordering""]","[""AMOAS02"",""AMOAS03"",""AMOAS04"",""AMOAS05"",""AMOAS06"",""AMOAS07"",""AMOAS08"",""AMOAS09"",""AMOAS010"",""AMOAS011"",""AMOAS012"",""AMOAS013"",""AMOAS014"",""AMOAS015"",""AMOAS016"",""AMOAS017"",""AMOAS018"",""AMOAS019""]","lopo","256","128","0.5","16","3","0.5","true","false","","","","19","58.29845185674503","61.745055994758275","28.5751131586925","25.444815257076822","29.183689118341665","16.08696976111009","23.018865935378095","24.256123901591387","28.67690566878558","13.268220288620167","12.466369360658684","50.011800074701895","51.40770386301518","35.89663261467767","36.545995393908704","23.484231277906296","24.13896686737358","22.85101911565013","22.396799389904533","16.625579110350497","17.77201676772969","30.11307444752182","3.040287775892166","8.110900487125674","8.608153134186333","4.164461967730163","4.844283815756564","6.574144402192874","5.1022131082051745","5.954348950563672","7.4150043096820095","3.728275953383181","3.988961330191606","","","","","","","","","","","","","","","","","","","","","","","","","","","","","","","","","","","","","","","","","","","","","","","","","",""
"hernandez2021cnnlstm_10.04","finished","-","","","2026-04-10T11:08:40.000Z","1126","dqq1dpws","0.3","64","2","0.3","32","0.1","32","[""picking_up_pen"",""shelve_ordering""]","[""picking_up_pen.csv"",""shelve_ordering.csv""]","16","0.5","64","3","false","by_var","HierarchicalScaler","mosurf","/home/benedikt_nothhelfer/data_share/MoSurf_Daten/MoSurf_synangle/","cuda","mosurf_dataset.p","/home/benedikt_nothhelfer/data_share/MoSurf_Daten/","true","false","0.01","true","0.00001","false","[""AMOAS01"",""AMOAS02"",""AMOAS03"",""AMOAS04"",""AMOAS05"",""AMOAS06"",""AMOAS07"",""AMOAS08"",""AMOAS09"",""AMOAS010"",""AMOAS011"",""AMOAS012"",""AMOAS013"",""AMOAS014"",""AMOAS015"",""AMOAS016"",""AMOAS017"",""AMOAS018"",""AMOAS019""]","MSE","[1,1,1,1,1,1,1,1,1,1]","","","","transformertsai","100","","5","Accel X","Accel Y","Accel Z","Gyro X","Gyro Y","Gyro Z","Noraxon MyoMotion Raw.Left Forearm","Noraxon MyoMotion Raw.Left Upper Arm","Noraxon MyoMotion Raw.Right Forearm","Noraxon MyoMotion Raw.Right Upper Arm","Noraxon MyoMotion Raw.Upper Thoracic","true","Adam","1600","0.5","","","","","","","","","","","","","","","","","","","","","","","","","","","","","","","","","","","","","","","","","","","","false","/home/benedikt_nothhelfer/ba_upki_benedikt/projects/UpKi_BioMat_Surf/results","false","fixedwindow","[""all""]","[""ACCX"",""ACCY"",""ACCZ"",""GYROX"",""GYROY"",""GYROZ""]","[""shoulder_elv_r"",""shoulder_rot_r"",""elv_angle_r"",""elbow_flexion_r"",""pro_sup_r"",""shoulder_elv_l"",""shoulder_rot_l"",""elv_angle_l"",""elbow_flexion_l"",""pro_sup_l""]","[""UpperThoracic"",""LeftUpperArm"",""LeftForearm"",""RightUpperArm"",""RightForearm""]","[""picking_up_pen"",""shelve_ordering""]","256","[""picking_up_pen"",""shelve_ordering""]","[""AMOAS01""]","[""picking_up_pen"",""shelve_ordering""]","[""AMOAS02"",""AMOAS03"",""AMOAS04"",""AMOAS05"",""AMOAS06"",""AMOAS07"",""AMOAS08"",""AMOAS09"",""AMOAS010"",""AMOAS011"",""AMOAS012"",""AMOAS013"",""AMOAS014"",""AMOAS015"",""AMOAS016"",""AMOAS017"",""AMOAS018"",""AMOAS019""]","lopo","256","128","0.5","16","3","0.5","true","false","","","","19","64.02992587627486","68.04476225833493","29.897400056782026","26.172117339862027","31.93979556001176","17.658787021162635","25.134947986434156","29.001395115322957","32.43661398434406","14.236052554726236","12.785953406873684","55.325534450782335","57.04007111939277","37.561623571136174","37.90965272588148","25.337141037877615","26.55725409440477","27.013589746985787","26.285041168340715","16.96359852443707","17.745224715003634","32.77387311542423","3.2311393543812783","8.510039620742003","8.892572095037883","4.215068992154561","4.964376422715695","7.631099981823144","6.227008226065393","6.069679770872191","7.354640989007154","3.925059856534273","4.105444578509973","","","","","","","","","","","","","","","","","","","","","","","","","","","","","","","","","","","","","","","","","","","","","","","","","",""
"hernandez2021cnnlstm_10.04","finished","-","","","2026-04-10T10:59:21.000Z","557","dqq1dpws","0.3","128","2","0.2","16","0.3","32","[""picking_up_pen"",""shelve_ordering""]","[""picking_up_pen.csv"",""shelve_ordering.csv""]","64","0.5","64","3","false","by_var","HierarchicalScaler","mosurf","/home/benedikt_nothhelfer/data_share/MoSurf_Daten/MoSurf_synangle/","cuda","mosurf_dataset.p","/home/benedikt_nothhelfer/data_share/MoSurf_Daten/","true","false","0.01","true","0.00001","false","[""AMOAS01"",""AMOAS02"",""AMOAS03"",""AMOAS04"",""AMOAS05"",""AMOAS06"",""AMOAS07"",""AMOAS08"",""AMOAS09"",""AMOAS010"",""AMOAS011"",""AMOAS012"",""AMOAS013"",""AMOAS014"",""AMOAS015"",""AMOAS016"",""AMOAS017"",""AMOAS018"",""AMOAS019""]","MSE","[1,1,1,1,1,1,1,1,1,1]","","","","transformertsai","70","","5","Accel X","Accel Y","Accel Z","Gyro X","Gyro Y","Gyro Z","Noraxon MyoMotion Raw.Left Forearm","Noraxon MyoMotion Raw.Left Upper Arm","Noraxon MyoMotion Raw.Right Forearm","Noraxon MyoMotion Raw.Right Upper Arm","Noraxon MyoMotion Raw.Upper Thoracic","true","Adam","1600","0.5","","","","","","","","","","","","","","","","","","","","","","","","","","","","","","","","","","","","","","","","","","","","false","/home/benedikt_nothhelfer/ba_upki_benedikt/projects/UpKi_BioMat_Surf/results","false","fixedwindow","[""all""]","[""ACCX"",""ACCY"",""ACCZ"",""GYROX"",""GYROY"",""GYROZ""]","[""shoulder_elv_r"",""shoulder_rot_r"",""elv_angle_r"",""elbow_flexion_r"",""pro_sup_r"",""shoulder_elv_l"",""shoulder_rot_l"",""elv_angle_l"",""elbow_flexion_l"",""pro_sup_l""]","[""UpperThoracic"",""LeftUpperArm"",""LeftForearm"",""RightUpperArm"",""RightForearm""]","[""picking_up_pen"",""shelve_ordering""]","256","[""picking_up_pen"",""shelve_ordering""]","[""AMOAS01""]","[""picking_up_pen"",""shelve_ordering""]","[""AMOAS02"",""AMOAS03"",""AMOAS04"",""AMOAS05"",""AMOAS06"",""AMOAS07"",""AMOAS08"",""AMOAS09"",""AMOAS010"",""AMOAS011"",""AMOAS012"",""AMOAS013"",""AMOAS014"",""AMOAS015"",""AMOAS016"",""AMOAS017"",""AMOAS018"",""AMOAS019""]","lopo","256","128","0.5","16","3","0.5","true","false","","","","19","65.45442713100661","68.54947105281799","31.111229374801574","26.769307055350065","32.96617303673948","19.11244699712914","26.7336899585012","29.59871792660116","34.108164497091806","15.039772443473671","13.184503930621547","56.969014637634366","58.461689329987024","38.469852713668715","38.797609378987346","26.58822232246387","27.643682450207613","28.887068974696724","28.232732411305996","17.337823191903134","17.79888103009252","33.91865764409473","3.341595938585759","8.496857147874499","8.7053382705836","4.374862239649368","5.072046783456949","8.485947640428025","6.557875015888802","6.113203134601893","7.608196716002089","4.017381953849085","4.20354118879088","","","","","","","","","","","","","","","","","","","","","","","","","","","","","","","","","","","","","","","","","","","","","","","","","",""
"hernandez2021cnnlstm_10.04","finished","-","","","2026-04-10T10:26:36.000Z","1964","dqq1dpws","0.3","256","3","0.2","16","0.3","32","[""picking_up_pen"",""shelve_ordering""]","[""picking_up_pen.csv"",""shelve_ordering.csv""]","32","0.5","64","3","false","by_var","HierarchicalScaler","mosurf","/home/benedikt_nothhelfer/data_share/MoSurf_Daten/MoSurf_synangle/","cuda","mosurf_dataset.p","/home/benedikt_nothhelfer/data_share/MoSurf_Daten/","true","false","0.001","true","0.00001","false","[""AMOAS01"",""AMOAS02"",""AMOAS03"",""AMOAS04"",""AMOAS05"",""AMOAS06"",""AMOAS07"",""AMOAS08"",""AMOAS09"",""AMOAS010"",""AMOAS011"",""AMOAS012"",""AMOAS013"",""AMOAS014"",""AMOAS015"",""AMOAS016"",""AMOAS017"",""AMOAS018"",""AMOAS019""]","MSE","[1,1,1,1,1,1,1,1,1,1]","","","","transformertsai","100","","5","Accel X","Accel Y","Accel Z","Gyro X","Gyro Y","Gyro Z","Noraxon MyoMotion Raw.Left Forearm","Noraxon MyoMotion Raw.Left Upper Arm","Noraxon MyoMotion Raw.Right Forearm","Noraxon MyoMotion Raw.Right Upper Arm","Noraxon MyoMotion Raw.Upper Thoracic","true","Adam","1600","0.5","","","","","","","","","","","","","","","","","","","","","","","","","","","","","","","","","","","","","","","","","","","","false","/home/benedikt_nothhelfer/ba_upki_benedikt/projects/UpKi_BioMat_Surf/results","false","fixedwindow","[""all""]","[""ACCX"",""ACCY"",""ACCZ"",""GYROX"",""GYROY"",""GYROZ""]","[""shoulder_elv_r"",""shoulder_rot_r"",""elv_angle_r"",""elbow_flexion_r"",""pro_sup_r"",""shoulder_elv_l"",""shoulder_rot_l"",""elv_angle_l"",""elbow_flexion_l"",""pro_sup_l""]","[""UpperThoracic"",""LeftUpperArm"",""LeftForearm"",""RightUpperArm"",""RightForearm""]","[""picking_up_pen"",""shelve_ordering""]","256","[""picking_up_pen"",""shelve_ordering""]","[""AMOAS01""]","[""picking_up_pen"",""shelve_ordering""]","[""AMOAS02"",""AMOAS03"",""AMOAS04"",""AMOAS05"",""AMOAS06"",""AMOAS07"",""AMOAS08"",""AMOAS09"",""AMOAS010"",""AMOAS011"",""AMOAS012"",""AMOAS013"",""AMOAS014"",""AMOAS015"",""AMOAS016"",""AMOAS017"",""AMOAS018"",""AMOAS019""]","lopo","256","128","0.5","16","3","0.5","true","false","","","","19","56.86548512849089","62.60154671512764","28.493209668763665","25.198876085342164","29.129151803042685","15.418533348624903","23.020388404122123","25.05160331671599","28.933214462361267","13.330617266796672","12.378043634081552","49.797622066354315","51.46402678813208","35.88790504712116","36.52164938786768","23.427925067627235","23.990785779617205","22.80125101649842","22.207118015509977","16.5749790901686","17.756695422068322","30.0429957680965","3.057690963839749","8.070362283894726","8.793055329337443","4.221656700076108","4.902283020693289","6.93615785247659","5.163454016637674","5.9183655327711335","7.417081672533736","3.6375668428692105","3.951760399025952","","","","","","","","","","","","","","","","","","","","","","","","","","","","","","","","","","","","","","","","","","","","","","","","","",""
"hernandez2021cnnlstm_10.04","finished","-","","","2026-04-10T10:16:24.000Z","609","dqq1dpws","0.1","64","3","0.2","16","0.1","64","[""picking_up_pen"",""shelve_ordering""]","[""picking_up_pen.csv"",""shelve_ordering.csv""]","64","0.5","64","3","false","by_var","HierarchicalScaler","mosurf","/home/benedikt_nothhelfer/data_share/MoSurf_Daten/MoSurf_synangle/","cuda","mosurf_dataset.p","/home/benedikt_nothhelfer/data_share/MoSurf_Daten/","true","false","0.01","true","0.00001","false","[""AMOAS01"",""AMOAS02"",""AMOAS03"",""AMOAS04"",""AMOAS05"",""AMOAS06"",""AMOAS07"",""AMOAS08"",""AMOAS09"",""AMOAS010"",""AMOAS011"",""AMOAS012"",""AMOAS013"",""AMOAS014"",""AMOAS015"",""AMOAS016"",""AMOAS017"",""AMOAS018"",""AMOAS019""]","MSE","[1,1,1,1,1,1,1,1,1,1]","","","","transformertsai","70","","5","Accel X","Accel Y","Accel Z","Gyro X","Gyro Y","Gyro Z","Noraxon MyoMotion Raw.Left Forearm","Noraxon MyoMotion Raw.Left Upper Arm","Noraxon MyoMotion Raw.Right Forearm","Noraxon MyoMotion Raw.Right Upper Arm","Noraxon MyoMotion Raw.Upper Thoracic","true","Adam","1600","0.5","","","","","","","","","","","","","","","","","","","","","","","","","","","","","","","","","","","","","","","","","","","","false","/home/benedikt_nothhelfer/ba_upki_benedikt/projects/UpKi_BioMat_Surf/results","false","fixedwindow","[""all""]","[""ACCX"",""ACCY"",""ACCZ"",""GYROX"",""GYROY"",""GYROZ""]","[""shoulder_elv_r"",""shoulder_rot_r"",""elv_angle_r"",""elbow_flexion_r"",""pro_sup_r"",""shoulder_elv_l"",""shoulder_rot_l"",""elv_angle_l"",""elbow_flexion_l"",""pro_sup_l""]","[""UpperThoracic"",""LeftUpperArm"",""LeftForearm"",""RightUpperArm"",""RightForearm""]","[""picking_up_pen"",""shelve_ordering""]","256","[""picking_up_pen"",""shelve_ordering""]","[""AMOAS01""]","[""picking_up_pen"",""shelve_ordering""]","[""AMOAS02"",""AMOAS03"",""AMOAS04"",""AMOAS05"",""AMOAS06"",""AMOAS07"",""AMOAS08"",""AMOAS09"",""AMOAS010"",""AMOAS011"",""AMOAS012"",""AMOAS013"",""AMOAS014"",""AMOAS015"",""AMOAS016"",""AMOAS017"",""AMOAS018"",""AMOAS019""]","lopo","256","128","0.5","16","3","0.5","true","false","","","","19","66.74438310089991","72.04868290719459","31.66238210588927","27.351542219137684","33.999765151328276","19.916217714555877","27.50804811383411","31.37006841694882","34.75353904032117","15.355125375848644","13.287662518652631","58.85895090520391","60.42261190397148","39.18245952153124","39.29037674435099","27.32903140092605","28.376297220605693","30.069097356541505","29.55935449002782","17.620134944081727","17.89090938880554","34.8599223876046","3.4054009110582437","8.165568720715378","9.05150349892961","4.486577630280643","5.068639938935464","8.459464726737968","6.731249303326921","6.171718860930368","7.500170106299832","4.001821940560048","4.302866503963542","","","","","","","","","","","","","","","","","","","","","","","","","","","","","","","","","","","","","","","","","","","","","","","","","",""
"hernandez2021cnnlstm_10.04","finished","-","","","2026-04-10T10:05:11.000Z","668","dqq1dpws","0.3","64","2","0.3","32","0.1","32","[""picking_up_pen"",""shelve_ordering""]","[""picking_up_pen.csv"",""shelve_ordering.csv""]","32","0.5","64","3","false","by_var","HierarchicalScaler","mosurf","/home/benedikt_nothhelfer/data_share/MoSurf_Daten/MoSurf_synangle/","cuda","mosurf_dataset.p","/home/benedikt_nothhelfer/data_share/MoSurf_Daten/","true","false","0.001","true","0.0001","false","[""AMOAS01"",""AMOAS02"",""AMOAS03"",""AMOAS04"",""AMOAS05"",""AMOAS06"",""AMOAS07"",""AMOAS08"",""AMOAS09"",""AMOAS010"",""AMOAS011"",""AMOAS012"",""AMOAS013"",""AMOAS014"",""AMOAS015"",""AMOAS016"",""AMOAS017"",""AMOAS018"",""AMOAS019""]","MSE","[1,1,1,1,1,1,1,1,1,1]","","","","transformertsai","70","","5","Accel X","Accel Y","Accel Z","Gyro X","Gyro Y","Gyro Z","Noraxon MyoMotion Raw.Left Forearm","Noraxon MyoMotion Raw.Left Upper Arm","Noraxon MyoMotion Raw.Right Forearm","Noraxon MyoMotion Raw.Right Upper Arm","Noraxon MyoMotion Raw.Upper Thoracic","true","Adam","1600","0.5","","","","","","","","","","","","","","","","","","","","","","","","","","","","","","","","","","","","","","","","","","","","false","/home/benedikt_nothhelfer/ba_upki_benedikt/projects/UpKi_BioMat_Surf/results","false","fixedwindow","[""all""]","[""ACCX"",""ACCY"",""ACCZ"",""GYROX"",""GYROY"",""GYROZ""]","[""shoulder_elv_r"",""shoulder_rot_r"",""elv_angle_r"",""elbow_flexion_r"",""pro_sup_r"",""shoulder_elv_l"",""shoulder_rot_l"",""elv_angle_l"",""elbow_flexion_l"",""pro_sup_l""]","[""UpperThoracic"",""LeftUpperArm"",""LeftForearm"",""RightUpperArm"",""RightForearm""]","[""picking_up_pen"",""shelve_ordering""]","256","[""picking_up_pen"",""shelve_ordering""]","[""AMOAS01""]","[""picking_up_pen"",""shelve_ordering""]","[""AMOAS02"",""AMOAS03"",""AMOAS04"",""AMOAS05"",""AMOAS06"",""AMOAS07"",""AMOAS08"",""AMOAS09"",""AMOAS010"",""AMOAS011"",""AMOAS012"",""AMOAS013"",""AMOAS014"",""AMOAS015"",""AMOAS016"",""AMOAS017"",""AMOAS018"",""AMOAS019""]","lopo","256","128","0.5","16","3","0.5","true","false","","","","19","54.58709581578154","58.51956408231791","27.979862428901292","24.94133283872987","27.558832614166356","14.514113424022362","21.94855238353221","21.71362367966471","26.137047730758617","12.89736319935707","12.349770558597974","46.88830783133531","48.100786330557504","34.902021556872725","35.66607286293654","22.120344394816687","22.37761105312138","19.89945493679325","19.485482789131694","16.497126220488738","17.762194426004946","28.36994024020588","2.8751407231030166","8.034342430175716","8.586914987688184","4.186809786696412","4.816320036289708","5.808521274695413","4.3117879017344976","5.52048931752407","7.255686509584513","3.6102422287620866","3.897974087712498","","","","","","","","","","","","","","","","","","","","","","","","","","","","","","","","","","","","","","","","","","","","","","","","","",""
"hernandez2021cnnlstm_10.04","finished","-","","","2026-04-10T09:26:39.000Z","2308","dqq1dpws","0.1","256","3","0.3","32","0.3","32","[""picking_up_pen"",""shelve_ordering""]","[""picking_up_pen.csv"",""shelve_ordering.csv""]","16","0.5","64","3","false","by_var","HierarchicalScaler","mosurf","/home/benedikt_nothhelfer/data_share/MoSurf_Daten/MoSurf_synangle/","cuda","mosurf_dataset.p","/home/benedikt_nothhelfer/data_share/MoSurf_Daten/","true","false","0.0001","true","0.0001","false","[""AMOAS01"",""AMOAS02"",""AMOAS03"",""AMOAS04"",""AMOAS05"",""AMOAS06"",""AMOAS07"",""AMOAS08"",""AMOAS09"",""AMOAS010"",""AMOAS011"",""AMOAS012"",""AMOAS013"",""AMOAS014"",""AMOAS015"",""AMOAS016"",""AMOAS017"",""AMOAS018"",""AMOAS019""]","MSE","[1,1,1,1,1,1,1,1,1,1]","","","","transformertsai","70","","5","Accel X","Accel Y","Accel Z","Gyro X","Gyro Y","Gyro Z","Noraxon MyoMotion Raw.Left Forearm","Noraxon MyoMotion Raw.Left Upper Arm","Noraxon MyoMotion Raw.Right Forearm","Noraxon MyoMotion Raw.Right Upper Arm","Noraxon MyoMotion Raw.Upper Thoracic","true","Adam","1600","0.5","","","","","","","","","","","","","","","","","","","","","","","","","","","","","","","","","","","","","","","","","","","","false","/home/benedikt_nothhelfer/ba_upki_benedikt/projects/UpKi_BioMat_Surf/results","false","fixedwindow","[""all""]","[""ACCX"",""ACCY"",""ACCZ"",""GYROX"",""GYROY"",""GYROZ""]","[""shoulder_elv_r"",""shoulder_rot_r"",""elv_angle_r"",""elbow_flexion_r"",""pro_sup_r"",""shoulder_elv_l"",""shoulder_rot_l"",""elv_angle_l"",""elbow_flexion_l"",""pro_sup_l""]","[""UpperThoracic"",""LeftUpperArm"",""LeftForearm"",""RightUpperArm"",""RightForearm""]","[""picking_up_pen"",""shelve_ordering""]","256","[""picking_up_pen"",""shelve_ordering""]","[""AMOAS01""]","[""picking_up_pen"",""shelve_ordering""]","[""AMOAS02"",""AMOAS03"",""AMOAS04"",""AMOAS05"",""AMOAS06"",""AMOAS07"",""AMOAS08"",""AMOAS09"",""AMOAS010"",""AMOAS011"",""AMOAS012"",""AMOAS013"",""AMOAS014"",""AMOAS015"",""AMOAS016"",""AMOAS017"",""AMOAS018"",""AMOAS019""]","lopo","256","128","0.5","16","3","0.5","true","false","","","","19","29.940144630287957","27.5753045557146","29.156167462112165","26.795179553574194","21.275644666082663","15.294981039735054","20.518263571590772","17.709631477859293","20.619029804348777","12.798007440559642","12.349737125044207","28.9353553656628","28.635863835110968","34.00725219528124","34.83330020876318","21.22228114992978","20.524290914817247","16.381514951815245","15.494063830933944","16.50405499070653","17.7764772838297","23.43144547268506","1.735250821895402","2.9420800909976546","3.514966075379633","4.582845829358517","4.778005262712048","5.214943036513542","3.707101553955769","4.005794609532497","4.242494192481998","3.578741246068704","3.90659243088426","","","","","","","","","","","","","","","","","","","","","","","","","","","","","","","","","","","","","","","","","","","","","","","","","",""
"hernandez2021cnnlstm_10.04","finished","-","","","2026-04-10T09:16:08.000Z","630","dqq1dpws","0.1","128","3","0.1","16","0.1","32","[""picking_up_pen"",""shelve_ordering""]","[""picking_up_pen.csv"",""shelve_ordering.csv""]","64","0.5","64","3","false","by_var","HierarchicalScaler","mosurf","/home/benedikt_nothhelfer/data_share/MoSurf_Daten/MoSurf_synangle/","cuda","mosurf_dataset.p","/home/benedikt_nothhelfer/data_share/MoSurf_Daten/","true","false","0.01","true","0.001","false","[""AMOAS01"",""AMOAS02"",""AMOAS03"",""AMOAS04"",""AMOAS05"",""AMOAS06"",""AMOAS07"",""AMOAS08"",""AMOAS09"",""AMOAS010"",""AMOAS011"",""AMOAS012"",""AMOAS013"",""AMOAS014"",""AMOAS015"",""AMOAS016"",""AMOAS017"",""AMOAS018"",""AMOAS019""]","MSE","[1,1,1,1,1,1,1,1,1,1]","","","","transformertsai","70","","5","Accel X","Accel Y","Accel Z","Gyro X","Gyro Y","Gyro Z","Noraxon MyoMotion Raw.Left Forearm","Noraxon MyoMotion Raw.Left Upper Arm","Noraxon MyoMotion Raw.Right Forearm","Noraxon MyoMotion Raw.Right Upper Arm","Noraxon MyoMotion Raw.Upper Thoracic","true","Adam","1600","0.5","","","","","","","","","","","","","","","","","","","","","","","","","","","","","","","","","","","","","","","","","","","","false","/home/benedikt_nothhelfer/ba_upki_benedikt/projects/UpKi_BioMat_Surf/results","false","fixedwindow","[""all""]","[""ACCX"",""ACCY"",""ACCZ"",""GYROX"",""GYROY"",""GYROZ""]","[""shoulder_elv_r"",""shoulder_rot_r"",""elv_angle_r"",""elbow_flexion_r"",""pro_sup_r"",""shoulder_elv_l"",""shoulder_rot_l"",""elv_angle_l"",""elbow_flexion_l"",""pro_sup_l""]","[""UpperThoracic"",""LeftUpperArm"",""LeftForearm"",""RightUpperArm"",""RightForearm""]","[""picking_up_pen"",""shelve_ordering""]","256","[""picking_up_pen"",""shelve_ordering""]","[""AMOAS01""]","[""picking_up_pen"",""shelve_ordering""]","[""AMOAS02"",""AMOAS03"",""AMOAS04"",""AMOAS05"",""AMOAS06"",""AMOAS07"",""AMOAS08"",""AMOAS09"",""AMOAS010"",""AMOAS011"",""AMOAS012"",""AMOAS013"",""AMOAS014"",""AMOAS015"",""AMOAS016"",""AMOAS017"",""AMOAS018"",""AMOAS019""]","lopo","256","128","0.5","16","3","0.5","true","false","","","","19","29.96255566061193","27.58296903024407","29.127847768723218","26.76492566558308","21.271452702993862","15.30196362923762","20.524300043756817","17.69187253437324","20.628033331896297","12.807106352393436","12.322953013118944","27.5898031539032","27.76788190945958","31.366408835957916","32.382138722753155","21.297111744543212","20.707970894034453","15.096665867542164","14.460012405486712","16.11547916402912","17.289917270539902","22.407338996824944","1.7895457194799989","3.0103811491270767","3.805814485493036","4.730364225864494","4.933100781561002","5.2251073178976055","3.917729023416333","3.972320155198748","4.336933653705192","3.245241190532949","3.778896876581472","","","","","","","","","","","","","","","","","","","","","","","","","","","","","","","","","","","","","","","","","","","","","","","","","",""