"Name","State","Notes","User","Tags","Created","Runtime","Sweep","batch_size","bilstm_dropout_p","bilstm_hidden_size","bilstm_num_layers","classification","data_transformer.data_transformer_by","data_transformer.data_transformer_method","dataset_name","dataset_path","device","dl_dataset","dl_dataset_path","imu_features","imu_filter","imu_sensors","individual_plot","l2_weight_decay","l2_weight_decay_status","learning_rate","load_model","lopo_subjects","loss","loss_weight","method","metric.goal","metric.name","model_name","n_epoch","name","nfold","opensim_filter","optimizer_name","output_size1","overlap","parameters.batch_size.distribution","parameters.batch_sizes","parameters.bilstm_dropout_p.distribution","parameters.bilstm_dropout_ps","parameters.bilstm_hidden_size.distribution","parameters.bilstm_hidden_sizes","parameters.bilstm_num_layers.distribution","parameters.bilstm_num_layerss","parameters.l2_weight_decay.distribution","parameters.l2_weight_decays","parameters.learning_rate.distribution","parameters.learning_rates","parameters.n_epoch.distribution","parameters.n_epochs","program","resample","results_path","save_model","segmentation_method","selected_activity_label","selected_data_status","selected_data_types","selected_imu_features","selected_opensim_labels","selected_opensim_labels2","selected_sensors","selected_trial_type","sensor_name","sensor_names","target_padding_length","test_activity","test_activity_speed","test_activity_speed2","test_subjects","train_activity","train_activity_speed","train_activity_speed2","train_subjects","trainable_layers","training_style","tsai_d_ff","tsai_d_model","tsai_fc_dropout_p","tsai_n_heads","tsai_n_layers","tsai_res_dropout_p","tuning","y_scaling","fold","fold_RMSE_arm_add_r","fold_RMSE_arm_flex_r","fold_RMSE_arm_rot_r","fold_RMSE_elbow_flex_r","fold_RMSE_mean","fold_RMSE_pro_sup_r","fold_RMSE_wrist_dev_r","fold_RMSE_wrist_flex_r","lopo_RMSE_mean_arm_add_r","lopo_RMSE_mean_arm_flex_r","lopo_RMSE_mean_arm_rot_r","lopo_RMSE_mean_elbow_flex_r","lopo_RMSE_mean_pro_sup_r","lopo_RMSE_mean_wrist_dev_r","lopo_RMSE_mean_wrist_flex_r","lopo_RMSE_overall_mean","lopo_RMSE_overall_std","lopo_RMSE_std_arm_add_r","lopo_RMSE_std_arm_flex_r","lopo_RMSE_std_arm_rot_r","lopo_RMSE_std_elbow_flex_r","lopo_RMSE_std_pro_sup_r","lopo_RMSE_std_wrist_dev_r","lopo_RMSE_std_wrist_flex_r"
"bilstm_14.04","finished","-","","","2026-04-14T15:50:31.000Z","5415","cxahpqr7","32","0.3","128","4","false","by_var","StandardScaler","All_subjects_data.h5","/home/benedikt_nothhelfer/data_share/ULTra-MoCap/ULTra-MoCap-processed/","cuda","ultramocap_dataset.p","/home/benedikt_nothhelfer/data_share/ULTra-MoCap/","[""ACCX"",""ACCY"",""ACCZ"",""GYROX"",""GYROY"",""GYROZ""]","true","[""1"",""2"",""3"",""4"",""5"",""6""]","false","0.01","true","0.00001","false","[""subject_1"",""subject_2"",""subject_3"",""subject_4"",""subject_5"",""subject_6"",""subject_7"",""subject_8"",""subject_9"",""subject_10"",""subject_11"",""subject_12"",""subject_13""]","MSE","[1,1,1,1,1,1,1]","","","","bilstm","100","","5","true","Adam","1600","0.5","","","","","","","","","","","","","","","","false","/home/benedikt_nothhelfer/ba_upki_benedikt/projects/UpKi_BioMat_Ultra/results","false","fixedwindow","[""all""]","[""imu""]","[""baseline""]","[""ACCX"",""ACCY"",""ACCZ"",""GYROX"",""GYROY"",""GYROZ""]","[""arm_flex_r"",""arm_add_r"",""arm_rot_r"",""elbow_flex_r"",""pro_sup_r"",""wrist_flex_r"",""wrist_dev_r""]","[""arm_flex_r"",""arm_add_r"",""arm_rot_r"",""elbow_flex_r"",""pro_sup_r"",""wrist_flex_r"",""wrist_dev_r"",""arm_flex_l"",""arm_add_l"",""arm_rot_l"",""elbow_flex_l"",""pro_sup_l"",""wrist_flex_l"",""wrist_dev_l""]","[""1"",""2"",""3"",""4"",""5"",""6""]","[""AS"",""CB"",""EF"",""ER"",""OR""]","[""hand(1)"",""wrist(2)"",""Forearm(3)"",""Biceps(4)"",""Triceps(5)"",""Deltoid(6)""]","[""hand(1)"",""wrist(2)"",""Forearm(3)"",""Biceps(4)"",""Triceps(5)"",""Deltoid(6)""]","256","[""AS"",""CB"",""EF"",""ER"",""OR""]","[""F"",""N"",""S"",""VF"",""90"",""180"",""M""]","[""N"",""90"",""180"",""M""]","[""subject_13""]","[""AS"",""CB"",""EF"",""ER"",""OR""]","[""F"",""N"",""S"",""VF"",""90"",""180"",""M""]","[""N"",""90"",""180"",""M""]","[""subject_1"",""subject_2"",""subject_3"",""subject_4"",""subject_5"",""subject_6"",""subject_7"",""subject_8"",""subject_9"",""subject_10"",""subject_11"",""subject_12""]","[""fc1"",""fc2_1"",""fc2_2"",""fc2_3""]","lopo","256","128","0.5","16","3","0.5","false","false","13","13.217514329933891","28.415189929754384","27.928868975359308","18.133868146517734","18.714224502067054","22.606372064240368","10.357745522357884","10.340012546305866","12.35500695571675","22.21450740550861","25.71130128584398","16.80257998718474","19.751663086221473","8.80091035534703","13.546479464523513","17.026064077192295","2.366315819156982","2.4484536269577","4.777424917186417","6.176538245881329","3.738688269126609","4.790857194317578","2.410591846122747","4.07705277074468"
"bilstm_14.04","finished","-","","","2026-04-14T13:28:11.000Z","8537","cxahpqr7","16","0.5","128","2","false","by_var","StandardScaler","All_subjects_data.h5","/home/benedikt_nothhelfer/data_share/ULTra-MoCap/ULTra-MoCap-processed/","cuda","ultramocap_dataset.p","/home/benedikt_nothhelfer/data_share/ULTra-MoCap/","[""ACCX"",""ACCY"",""ACCZ"",""GYROX"",""GYROY"",""GYROZ""]","true","[""1"",""2"",""3"",""4"",""5"",""6""]","false","0.001","true","0.00001","false","[""subject_1"",""subject_2"",""subject_3"",""subject_4"",""subject_5"",""subject_6"",""subject_7"",""subject_8"",""subject_9"",""subject_10"",""subject_11"",""subject_12"",""subject_13""]","MSE","[1,1,1,1,1,1,1]","","","","bilstm","100","","5","true","Adam","1600","0.5","","","","","","","","","","","","","","","","false","/home/benedikt_nothhelfer/ba_upki_benedikt/projects/UpKi_BioMat_Ultra/results","false","fixedwindow","[""all""]","[""imu""]","[""baseline""]","[""ACCX"",""ACCY"",""ACCZ"",""GYROX"",""GYROY"",""GYROZ""]","[""arm_flex_r"",""arm_add_r"",""arm_rot_r"",""elbow_flex_r"",""pro_sup_r"",""wrist_flex_r"",""wrist_dev_r""]","[""arm_flex_r"",""arm_add_r"",""arm_rot_r"",""elbow_flex_r"",""pro_sup_r"",""wrist_flex_r"",""wrist_dev_r"",""arm_flex_l"",""arm_add_l"",""arm_rot_l"",""elbow_flex_l"",""pro_sup_l"",""wrist_flex_l"",""wrist_dev_l""]","[""1"",""2"",""3"",""4"",""5"",""6""]","[""AS"",""CB"",""EF"",""ER"",""OR""]","[""hand(1)"",""wrist(2)"",""Forearm(3)"",""Biceps(4)"",""Triceps(5)"",""Deltoid(6)""]","[""hand(1)"",""wrist(2)"",""Forearm(3)"",""Biceps(4)"",""Triceps(5)"",""Deltoid(6)""]","256","[""AS"",""CB"",""EF"",""ER"",""OR""]","[""F"",""N"",""S"",""VF"",""90"",""180"",""M""]","[""N"",""90"",""180"",""M""]","[""subject_13""]","[""AS"",""CB"",""EF"",""ER"",""OR""]","[""F"",""N"",""S"",""VF"",""90"",""180"",""M""]","[""N"",""90"",""180"",""M""]","[""subject_1"",""subject_2"",""subject_3"",""subject_4"",""subject_5"",""subject_6"",""subject_7"",""subject_8"",""subject_9"",""subject_10"",""subject_11"",""subject_12""]","[""fc1"",""fc2_1"",""fc2_2"",""fc2_3""]","lopo","256","128","0.5","16","3","0.5","false","false","13","14.02640799405935","30.290097891429745","32.542762969805324","13.391670659466277","18.744238020142415","17.077080816553377","11.29790991796036","12.583735891722489","11.20000003800519","21.393900115383943","25.041698633255372","15.045336848016388","18.073245359742725","9.003679033885991","13.123292305839126","16.125878904875535","2.5068470510776355","2.192512088930129","6.466727615597028","6.913537503664541","3.1605528981677127","4.205069128058027","2.827235644607004","3.291926692764286"
"bilstm_14.04","finished","-","","","2026-04-14T13:01:25.000Z","1601","cxahpqr7","32","0.3","64","2","false","by_var","StandardScaler","All_subjects_data.h5","/home/benedikt_nothhelfer/data_share/ULTra-MoCap/ULTra-MoCap-processed/","cuda","ultramocap_dataset.p","/home/benedikt_nothhelfer/data_share/ULTra-MoCap/","[""ACCX"",""ACCY"",""ACCZ"",""GYROX"",""GYROY"",""GYROZ""]","true","[""1"",""2"",""3"",""4"",""5"",""6""]","false","0.0001","true","0.0001","false","[""subject_1"",""subject_2"",""subject_3"",""subject_4"",""subject_5"",""subject_6"",""subject_7"",""subject_8"",""subject_9"",""subject_10"",""subject_11"",""subject_12"",""subject_13""]","MSE","[1,1,1,1,1,1,1]","","","","bilstm","70","","5","true","Adam","1600","0.5","","","","","","","","","","","","","","","","false","/home/benedikt_nothhelfer/ba_upki_benedikt/projects/UpKi_BioMat_Ultra/results","false","fixedwindow","[""all""]","[""imu""]","[""baseline""]","[""ACCX"",""ACCY"",""ACCZ"",""GYROX"",""GYROY"",""GYROZ""]","[""arm_flex_r"",""arm_add_r"",""arm_rot_r"",""elbow_flex_r"",""pro_sup_r"",""wrist_flex_r"",""wrist_dev_r""]","[""arm_flex_r"",""arm_add_r"",""arm_rot_r"",""elbow_flex_r"",""pro_sup_r"",""wrist_flex_r"",""wrist_dev_r"",""arm_flex_l"",""arm_add_l"",""arm_rot_l"",""elbow_flex_l"",""pro_sup_l"",""wrist_flex_l"",""wrist_dev_l""]","[""1"",""2"",""3"",""4"",""5"",""6""]","[""AS"",""CB"",""EF"",""ER"",""OR""]","[""hand(1)"",""wrist(2)"",""Forearm(3)"",""Biceps(4)"",""Triceps(5)"",""Deltoid(6)""]","[""hand(1)"",""wrist(2)"",""Forearm(3)"",""Biceps(4)"",""Triceps(5)"",""Deltoid(6)""]","256","[""AS"",""CB"",""EF"",""ER"",""OR""]","[""F"",""N"",""S"",""VF"",""90"",""180"",""M""]","[""N"",""90"",""180"",""M""]","[""subject_13""]","[""AS"",""CB"",""EF"",""ER"",""OR""]","[""F"",""N"",""S"",""VF"",""90"",""180"",""M""]","[""N"",""90"",""180"",""M""]","[""subject_1"",""subject_2"",""subject_3"",""subject_4"",""subject_5"",""subject_6"",""subject_7"",""subject_8"",""subject_9"",""subject_10"",""subject_11"",""subject_12""]","[""fc1"",""fc2_1"",""fc2_2"",""fc2_3""]","lopo","256","128","0.5","16","3","0.5","false","false","13","11.885148866316786","25.584606427211508","31.213161899977628","14.78904736103531","16.638972162798307","13.849369332285374","7.705882742972494","11.445588509789063","11.197793666178187","22.137987036785628","25.590153381237617","15.16735480889875","18.554234581860655","8.788977976846724","13.937542952770032","16.482006343511088","2.8252491729631615","2.683637225079504","5.158104770080005","7.594439827386167","4.459083203945334","5.362498062387768","2.5455221747218184","4.390235475077701"
"bilstm_14.04","finished","-","","","2026-04-14T11:13:35.000Z","6468","cxahpqr7","16","0.5","128","3","false","by_var","StandardScaler","All_subjects_data.h5","/home/benedikt_nothhelfer/data_share/ULTra-MoCap/ULTra-MoCap-processed/","cuda","ultramocap_dataset.p","/home/benedikt_nothhelfer/data_share/ULTra-MoCap/","[""ACCX"",""ACCY"",""ACCZ"",""GYROX"",""GYROY"",""GYROZ""]","true","[""1"",""2"",""3"",""4"",""5"",""6""]","false","0.001","true","0.0001","false","[""subject_1"",""subject_2"",""subject_3"",""subject_4"",""subject_5"",""subject_6"",""subject_7"",""subject_8"",""subject_9"",""subject_10"",""subject_11"",""subject_12"",""subject_13""]","MSE","[1,1,1,1,1,1,1]","","","","bilstm","70","","5","true","Adam","1600","0.5","","","","","","","","","","","","","","","","false","/home/benedikt_nothhelfer/ba_upki_benedikt/projects/UpKi_BioMat_Ultra/results","false","fixedwindow","[""all""]","[""imu""]","[""baseline""]","[""ACCX"",""ACCY"",""ACCZ"",""GYROX"",""GYROY"",""GYROZ""]","[""arm_flex_r"",""arm_add_r"",""arm_rot_r"",""elbow_flex_r"",""pro_sup_r"",""wrist_flex_r"",""wrist_dev_r""]","[""arm_flex_r"",""arm_add_r"",""arm_rot_r"",""elbow_flex_r"",""pro_sup_r"",""wrist_flex_r"",""wrist_dev_r"",""arm_flex_l"",""arm_add_l"",""arm_rot_l"",""elbow_flex_l"",""pro_sup_l"",""wrist_flex_l"",""wrist_dev_l""]","[""1"",""2"",""3"",""4"",""5"",""6""]","[""AS"",""CB"",""EF"",""ER"",""OR""]","[""hand(1)"",""wrist(2)"",""Forearm(3)"",""Biceps(4)"",""Triceps(5)"",""Deltoid(6)""]","[""hand(1)"",""wrist(2)"",""Forearm(3)"",""Biceps(4)"",""Triceps(5)"",""Deltoid(6)""]","256","[""AS"",""CB"",""EF"",""ER"",""OR""]","[""F"",""N"",""S"",""VF"",""90"",""180"",""M""]","[""N"",""90"",""180"",""M""]","[""subject_13""]","[""AS"",""CB"",""EF"",""ER"",""OR""]","[""F"",""N"",""S"",""VF"",""90"",""180"",""M""]","[""N"",""90"",""180"",""M""]","[""subject_1"",""subject_2"",""subject_3"",""subject_4"",""subject_5"",""subject_6"",""subject_7"",""subject_8"",""subject_9"",""subject_10"",""subject_11"",""subject_12""]","[""fc1"",""fc2_1"",""fc2_2"",""fc2_3""]","lopo","256","128","0.5","16","3","0.5","false","false","13","11.298838852604296","22.76348617727789","27.62748843522232","13.244220844025392","15.268332975927146","17.130455143411677","6.921603530844462","7.892237848103974","10.840660969710871","20.583208658145164","24.24856074527988","14.737634201965362","18.252453836534833","8.695416054231263","12.75696638550052","15.730700121623986","2.7581544545702643","2.6808678943348743","4.665496624831051","7.570363767074338","4.005336991677369","4.769535788719176","2.628418486923323","4.13498943612291"
"bilstm_14.04","finished","-","","","2026-04-14T09:59:48.000Z","4422","cxahpqr7","16","0.3","64","3","false","by_var","StandardScaler","All_subjects_data.h5","/home/benedikt_nothhelfer/data_share/ULTra-MoCap/ULTra-MoCap-processed/","cuda","ultramocap_dataset.p","/home/benedikt_nothhelfer/data_share/ULTra-MoCap/","[""ACCX"",""ACCY"",""ACCZ"",""GYROX"",""GYROY"",""GYROZ""]","true","[""1"",""2"",""3"",""4"",""5"",""6""]","false","0.001","true","0.00001","false","[""subject_1"",""subject_2"",""subject_3"",""subject_4"",""subject_5"",""subject_6"",""subject_7"",""subject_8"",""subject_9"",""subject_10"",""subject_11"",""subject_12"",""subject_13""]","MSE","[1,1,1,1,1,1,1]","","","","bilstm","100","","5","true","Adam","1600","0.5","","","","","","","","","","","","","","","","false","/home/benedikt_nothhelfer/ba_upki_benedikt/projects/UpKi_BioMat_Ultra/results","false","fixedwindow","[""all""]","[""imu""]","[""baseline""]","[""ACCX"",""ACCY"",""ACCZ"",""GYROX"",""GYROY"",""GYROZ""]","[""arm_flex_r"",""arm_add_r"",""arm_rot_r"",""elbow_flex_r"",""pro_sup_r"",""wrist_flex_r"",""wrist_dev_r""]","[""arm_flex_r"",""arm_add_r"",""arm_rot_r"",""elbow_flex_r"",""pro_sup_r"",""wrist_flex_r"",""wrist_dev_r"",""arm_flex_l"",""arm_add_l"",""arm_rot_l"",""elbow_flex_l"",""pro_sup_l"",""wrist_flex_l"",""wrist_dev_l""]","[""1"",""2"",""3"",""4"",""5"",""6""]","[""AS"",""CB"",""EF"",""ER"",""OR""]","[""hand(1)"",""wrist(2)"",""Forearm(3)"",""Biceps(4)"",""Triceps(5)"",""Deltoid(6)""]","[""hand(1)"",""wrist(2)"",""Forearm(3)"",""Biceps(4)"",""Triceps(5)"",""Deltoid(6)""]","256","[""AS"",""CB"",""EF"",""ER"",""OR""]","[""F"",""N"",""S"",""VF"",""90"",""180"",""M""]","[""N"",""90"",""180"",""M""]","[""subject_13""]","[""AS"",""CB"",""EF"",""ER"",""OR""]","[""F"",""N"",""S"",""VF"",""90"",""180"",""M""]","[""N"",""90"",""180"",""M""]","[""subject_1"",""subject_2"",""subject_3"",""subject_4"",""subject_5"",""subject_6"",""subject_7"",""subject_8"",""subject_9"",""subject_10"",""subject_11"",""subject_12""]","[""fc1"",""fc2_1"",""fc2_2"",""fc2_3""]","lopo","256","128","0.5","16","3","0.5","false","false","13","17.626851588976827","28.09823272605405","30.708374492167376","14.295176044972331","18.992871256873688","21.925392911203488","10.387324733761387","9.908746300980368","12.78926905795829","21.655967624198865","25.93426833420188","15.701578325739868","19.834685241235334","8.649782514431367","13.106712428445302","16.81032336088727","2.2707191445051467","2.8748227657065564","4.177730470709041","6.644904794846981","3.076528809245657","4.5896460682597695","2.6457021145682256","3.937766140904599"
"bilstm_14.04","finished","-","","","2026-04-14T08:50:14.000Z","4168","cxahpqr7","16","0.1","128","2","false","by_var","StandardScaler","All_subjects_data.h5","/home/benedikt_nothhelfer/data_share/ULTra-MoCap/ULTra-MoCap-processed/","cuda","ultramocap_dataset.p","/home/benedikt_nothhelfer/data_share/ULTra-MoCap/","[""ACCX"",""ACCY"",""ACCZ"",""GYROX"",""GYROY"",""GYROZ""]","true","[""1"",""2"",""3"",""4"",""5"",""6""]","false","0.01","true","0.0001","false","[""subject_1"",""subject_2"",""subject_3"",""subject_4"",""subject_5"",""subject_6"",""subject_7"",""subject_8"",""subject_9"",""subject_10"",""subject_11"",""subject_12"",""subject_13""]","MSE","[1,1,1,1,1,1,1]","","","","bilstm","50","","5","true","Adam","1600","0.5","","","","","","","","","","","","","","","","false","/home/benedikt_nothhelfer/ba_upki_benedikt/projects/UpKi_BioMat_Ultra/results","false","fixedwindow","[""all""]","[""imu""]","[""baseline""]","[""ACCX"",""ACCY"",""ACCZ"",""GYROX"",""GYROY"",""GYROZ""]","[""arm_flex_r"",""arm_add_r"",""arm_rot_r"",""elbow_flex_r"",""pro_sup_r"",""wrist_flex_r"",""wrist_dev_r""]","[""arm_flex_r"",""arm_add_r"",""arm_rot_r"",""elbow_flex_r"",""pro_sup_r"",""wrist_flex_r"",""wrist_dev_r"",""arm_flex_l"",""arm_add_l"",""arm_rot_l"",""elbow_flex_l"",""pro_sup_l"",""wrist_flex_l"",""wrist_dev_l""]","[""1"",""2"",""3"",""4"",""5"",""6""]","[""AS"",""CB"",""EF"",""ER"",""OR""]","[""hand(1)"",""wrist(2)"",""Forearm(3)"",""Biceps(4)"",""Triceps(5)"",""Deltoid(6)""]","[""hand(1)"",""wrist(2)"",""Forearm(3)"",""Biceps(4)"",""Triceps(5)"",""Deltoid(6)""]","256","[""AS"",""CB"",""EF"",""ER"",""OR""]","[""F"",""N"",""S"",""VF"",""90"",""180"",""M""]","[""N"",""90"",""180"",""M""]","[""subject_13""]","[""AS"",""CB"",""EF"",""ER"",""OR""]","[""F"",""N"",""S"",""VF"",""90"",""180"",""M""]","[""N"",""90"",""180"",""M""]","[""subject_1"",""subject_2"",""subject_3"",""subject_4"",""subject_5"",""subject_6"",""subject_7"",""subject_8"",""subject_9"",""subject_10"",""subject_11"",""subject_12""]","[""fc1"",""fc2_1"",""fc2_2"",""fc2_3""]","lopo","256","128","0.5","16","3","0.5","false","false","13","11.06223291404364","22.93601397822375","25.49777606024215","11.064247915326195","14.630807585523527","15.46712760009205","6.627310835234951","9.760943795501962","11.247261134221285","21.785968557572986","25.059741728202145","14.16566909408873","18.17105086290672","8.630975200392239","13.196232706442377","16.0366998976895","2.4853266612553555","3.08946750536426","5.69049338654714","6.19940607547083","3.53023590363806","4.91017043288403","2.575353472931263","3.578256826460831"
"bilstm_14.04","finished","-","","","2026-04-14T07:24:22.000Z","5149","cxahpqr7","16","0.5","128","4","false","by_var","StandardScaler","All_subjects_data.h5","/home/benedikt_nothhelfer/data_share/ULTra-MoCap/ULTra-MoCap-processed/","cuda","ultramocap_dataset.p","/home/benedikt_nothhelfer/data_share/ULTra-MoCap/","[""ACCX"",""ACCY"",""ACCZ"",""GYROX"",""GYROY"",""GYROZ""]","true","[""1"",""2"",""3"",""4"",""5"",""6""]","false","0.001","true","0.00001","false","[""subject_1"",""subject_2"",""subject_3"",""subject_4"",""subject_5"",""subject_6"",""subject_7"",""subject_8"",""subject_9"",""subject_10"",""subject_11"",""subject_12"",""subject_13""]","MSE","[1,1,1,1,1,1,1]","","","","bilstm","50","","5","true","Adam","1600","0.5","","","","","","","","","","","","","","","","false","/home/benedikt_nothhelfer/ba_upki_benedikt/projects/UpKi_BioMat_Ultra/results","false","fixedwindow","[""all""]","[""imu""]","[""baseline""]","[""ACCX"",""ACCY"",""ACCZ"",""GYROX"",""GYROY"",""GYROZ""]","[""arm_flex_r"",""arm_add_r"",""arm_rot_r"",""elbow_flex_r"",""pro_sup_r"",""wrist_flex_r"",""wrist_dev_r""]","[""arm_flex_r"",""arm_add_r"",""arm_rot_r"",""elbow_flex_r"",""pro_sup_r"",""wrist_flex_r"",""wrist_dev_r"",""arm_flex_l"",""arm_add_l"",""arm_rot_l"",""elbow_flex_l"",""pro_sup_l"",""wrist_flex_l"",""wrist_dev_l""]","[""1"",""2"",""3"",""4"",""5"",""6""]","[""AS"",""CB"",""EF"",""ER"",""OR""]","[""hand(1)"",""wrist(2)"",""Forearm(3)"",""Biceps(4)"",""Triceps(5)"",""Deltoid(6)""]","[""hand(1)"",""wrist(2)"",""Forearm(3)"",""Biceps(4)"",""Triceps(5)"",""Deltoid(6)""]","256","[""AS"",""CB"",""EF"",""ER"",""OR""]","[""F"",""N"",""S"",""VF"",""90"",""180"",""M""]","[""N"",""90"",""180"",""M""]","[""subject_13""]","[""AS"",""CB"",""EF"",""ER"",""OR""]","[""F"",""N"",""S"",""VF"",""90"",""180"",""M""]","[""N"",""90"",""180"",""M""]","[""subject_1"",""subject_2"",""subject_3"",""subject_4"",""subject_5"",""subject_6"",""subject_7"",""subject_8"",""subject_9"",""subject_10"",""subject_11"",""subject_12""]","[""fc1"",""fc2_1"",""fc2_2"",""fc2_3""]","lopo","256","128","0.5","16","3","0.5","false","false","13","15.4420507410946","30.86309476390345","27.947074773982656","17.36666787096609","18.36597708720955","18.74733370231031","10.061606894867356","8.134010863342361","13.274158012083424","23.057116181783563","24.894935061620743","17.17907349899931","18.999186621780005","8.32290061549959","12.567802191651252","16.899310311916842","1.9703162604323512","2.2924448590630817","4.843889233715983","6.685026432286262","2.9226238267432643","5.2208127786576926","2.235246349910722","4.308289100557404"
"bilstm_14.04","finished","-","","","2026-04-14T06:46:35.000Z","2266","cxahpqr7","32","0.3","64","2","false","by_var","StandardScaler","All_subjects_data.h5","/home/benedikt_nothhelfer/data_share/ULTra-MoCap/ULTra-MoCap-processed/","cuda","ultramocap_dataset.p","/home/benedikt_nothhelfer/data_share/ULTra-MoCap/","[""ACCX"",""ACCY"",""ACCZ"",""GYROX"",""GYROY"",""GYROZ""]","true","[""1"",""2"",""3"",""4"",""5"",""6""]","false","0.001","true","0.0001","false","[""subject_1"",""subject_2"",""subject_3"",""subject_4"",""subject_5"",""subject_6"",""subject_7"",""subject_8"",""subject_9"",""subject_10"",""subject_11"",""subject_12"",""subject_13""]","MSE","[1,1,1,1,1,1,1]","","","","bilstm","100","","5","true","Adam","1600","0.5","","","","","","","","","","","","","","","","false","/home/benedikt_nothhelfer/ba_upki_benedikt/projects/UpKi_BioMat_Ultra/results","false","fixedwindow","[""all""]","[""imu""]","[""baseline""]","[""ACCX"",""ACCY"",""ACCZ"",""GYROX"",""GYROY"",""GYROZ""]","[""arm_flex_r"",""arm_add_r"",""arm_rot_r"",""elbow_flex_r"",""pro_sup_r"",""wrist_flex_r"",""wrist_dev_r""]","[""arm_flex_r"",""arm_add_r"",""arm_rot_r"",""elbow_flex_r"",""pro_sup_r"",""wrist_flex_r"",""wrist_dev_r"",""arm_flex_l"",""arm_add_l"",""arm_rot_l"",""elbow_flex_l"",""pro_sup_l"",""wrist_flex_l"",""wrist_dev_l""]","[""1"",""2"",""3"",""4"",""5"",""6""]","[""AS"",""CB"",""EF"",""ER"",""OR""]","[""hand(1)"",""wrist(2)"",""Forearm(3)"",""Biceps(4)"",""Triceps(5)"",""Deltoid(6)""]","[""hand(1)"",""wrist(2)"",""Forearm(3)"",""Biceps(4)"",""Triceps(5)"",""Deltoid(6)""]","256","[""AS"",""CB"",""EF"",""ER"",""OR""]","[""F"",""N"",""S"",""VF"",""90"",""180"",""M""]","[""N"",""90"",""180"",""M""]","[""subject_13""]","[""AS"",""CB"",""EF"",""ER"",""OR""]","[""F"",""N"",""S"",""VF"",""90"",""180"",""M""]","[""N"",""90"",""180"",""M""]","[""subject_1"",""subject_2"",""subject_3"",""subject_4"",""subject_5"",""subject_6"",""subject_7"",""subject_8"",""subject_9"",""subject_10"",""subject_11"",""subject_12""]","[""fc1"",""fc2_1"",""fc2_2"",""fc2_3""]","lopo","256","128","0.5","16","3","0.5","false","false","13","11.64219522994225","24.652284224860892","25.5059698415315","11.090335826181349","14.567294055178277","13.518461313613283","6.396621749373757","9.165190200744911","11.487479935673193","21.04704389860565","25.26091552640765","15.353386504515264","17.818646105840394","8.541798689787168","13.146823143394512","16.093727686317692","2.7224353703851176","2.6518952141126557","5.398415931053622","6.765673778794598","4.308109046340748","4.844041460835445","2.4625738441020175","3.567228704525828"
"bilstm_14.04","finished","-","","","2026-04-14T05:49:00.000Z","3451","cxahpqr7","32","0.1","128","3","false","by_var","StandardScaler","All_subjects_data.h5","/home/benedikt_nothhelfer/data_share/ULTra-MoCap/ULTra-MoCap-processed/","cuda","ultramocap_dataset.p","/home/benedikt_nothhelfer/data_share/ULTra-MoCap/","[""ACCX"",""ACCY"",""ACCZ"",""GYROX"",""GYROY"",""GYROZ""]","true","[""1"",""2"",""3"",""4"",""5"",""6""]","false","0.001","true","0.0001","false","[""subject_1"",""subject_2"",""subject_3"",""subject_4"",""subject_5"",""subject_6"",""subject_7"",""subject_8"",""subject_9"",""subject_10"",""subject_11"",""subject_12"",""subject_13""]","MSE","[1,1,1,1,1,1,1]","","","","bilstm","70","","5","true","Adam","1600","0.5","","","","","","","","","","","","","","","","false","/home/benedikt_nothhelfer/ba_upki_benedikt/projects/UpKi_BioMat_Ultra/results","false","fixedwindow","[""all""]","[""imu""]","[""baseline""]","[""ACCX"",""ACCY"",""ACCZ"",""GYROX"",""GYROY"",""GYROZ""]","[""arm_flex_r"",""arm_add_r"",""arm_rot_r"",""elbow_flex_r"",""pro_sup_r"",""wrist_flex_r"",""wrist_dev_r""]","[""arm_flex_r"",""arm_add_r"",""arm_rot_r"",""elbow_flex_r"",""pro_sup_r"",""wrist_flex_r"",""wrist_dev_r"",""arm_flex_l"",""arm_add_l"",""arm_rot_l"",""elbow_flex_l"",""pro_sup_l"",""wrist_flex_l"",""wrist_dev_l""]","[""1"",""2"",""3"",""4"",""5"",""6""]","[""AS"",""CB"",""EF"",""ER"",""OR""]","[""hand(1)"",""wrist(2)"",""Forearm(3)"",""Biceps(4)"",""Triceps(5)"",""Deltoid(6)""]","[""hand(1)"",""wrist(2)"",""Forearm(3)"",""Biceps(4)"",""Triceps(5)"",""Deltoid(6)""]","256","[""AS"",""CB"",""EF"",""ER"",""OR""]","[""F"",""N"",""S"",""VF"",""90"",""180"",""M""]","[""N"",""90"",""180"",""M""]","[""subject_13""]","[""AS"",""CB"",""EF"",""ER"",""OR""]","[""F"",""N"",""S"",""VF"",""90"",""180"",""M""]","[""N"",""90"",""180"",""M""]","[""subject_1"",""subject_2"",""subject_3"",""subject_4"",""subject_5"",""subject_6"",""subject_7"",""subject_8"",""subject_9"",""subject_10"",""subject_11"",""subject_12""]","[""fc1"",""fc2_1"",""fc2_2"",""fc2_3""]","lopo","256","128","0.5","16","3","0.5","false","false","13","11.616291050411016","25.28382563044832","27.622208941491596","11.203488619768851","15.66423632575238","15.865855816135786","8.1413746006802","9.916609621330874","10.879272678314654","21.525263489970367","24.96941355488144","13.99337307708449","18.0208924035867","8.967979248431032","13.700458412122009","16.00809326634153","2.6450817368633395","2.7603195794660667","5.408351153421797","7.646678974329604","3.56969075011813","4.774593991524022","2.5429947488345945","4.2695202346338395"
"bilstm_14.04","finished","-","","","2026-04-14T04:57:44.000Z","3073","cxahpqr7","32","0.5","128","2","false","by_var","StandardScaler","All_subjects_data.h5","/home/benedikt_nothhelfer/data_share/ULTra-MoCap/ULTra-MoCap-processed/","cuda","ultramocap_dataset.p","/home/benedikt_nothhelfer/data_share/ULTra-MoCap/","[""ACCX"",""ACCY"",""ACCZ"",""GYROX"",""GYROY"",""GYROZ""]","true","[""1"",""2"",""3"",""4"",""5"",""6""]","false","0.001","true","0.00001","false","[""subject_1"",""subject_2"",""subject_3"",""subject_4"",""subject_5"",""subject_6"",""subject_7"",""subject_8"",""subject_9"",""subject_10"",""subject_11"",""subject_12"",""subject_13""]","MSE","[1,1,1,1,1,1,1]","","","","bilstm","70","","5","true","Adam","1600","0.5","","","","","","","","","","","","","","","","false","/home/benedikt_nothhelfer/ba_upki_benedikt/projects/UpKi_BioMat_Ultra/results","false","fixedwindow","[""all""]","[""imu""]","[""baseline""]","[""ACCX"",""ACCY"",""ACCZ"",""GYROX"",""GYROY"",""GYROZ""]","[""arm_flex_r"",""arm_add_r"",""arm_rot_r"",""elbow_flex_r"",""pro_sup_r"",""wrist_flex_r"",""wrist_dev_r""]","[""arm_flex_r"",""arm_add_r"",""arm_rot_r"",""elbow_flex_r"",""pro_sup_r"",""wrist_flex_r"",""wrist_dev_r"",""arm_flex_l"",""arm_add_l"",""arm_rot_l"",""elbow_flex_l"",""pro_sup_l"",""wrist_flex_l"",""wrist_dev_l""]","[""1"",""2"",""3"",""4"",""5"",""6""]","[""AS"",""CB"",""EF"",""ER"",""OR""]","[""hand(1)"",""wrist(2)"",""Forearm(3)"",""Biceps(4)"",""Triceps(5)"",""Deltoid(6)""]","[""hand(1)"",""wrist(2)"",""Forearm(3)"",""Biceps(4)"",""Triceps(5)"",""Deltoid(6)""]","256","[""AS"",""CB"",""EF"",""ER"",""OR""]","[""F"",""N"",""S"",""VF"",""90"",""180"",""M""]","[""N"",""90"",""180"",""M""]","[""subject_13""]","[""AS"",""CB"",""EF"",""ER"",""OR""]","[""F"",""N"",""S"",""VF"",""90"",""180"",""M""]","[""N"",""90"",""180"",""M""]","[""subject_1"",""subject_2"",""subject_3"",""subject_4"",""subject_5"",""subject_6"",""subject_7"",""subject_8"",""subject_9"",""subject_10"",""subject_11"",""subject_12""]","[""fc1"",""fc2_1"",""fc2_2"",""fc2_3""]","lopo","256","128","0.5","16","3","0.5","false","false","13","14.690465810429629","27.06643413456724","31.104241683780195","15.164237324147374","18.326576841267546","22.166346753634095","10.157642222771752","7.936669959542478","12.8204577828528","20.89122682473909","26.017911056150428","16.496888737796915","19.400988441203747","8.60385769520286","12.759396065689357","16.712960943376455","2.3237546760468573","2.635202550477272","4.795138273823641","7.512487624276103","3.2638000942020957","6.113703118584157","2.6584898295735653","4.019126915777651"
"bilstm_14.04","finished","-","","","2026-04-14T03:36:29.000Z","4871","cxahpqr7","32","0.3","128","3","false","by_var","StandardScaler","All_subjects_data.h5","/home/benedikt_nothhelfer/data_share/ULTra-MoCap/ULTra-MoCap-processed/","cuda","ultramocap_dataset.p","/home/benedikt_nothhelfer/data_share/ULTra-MoCap/","[""ACCX"",""ACCY"",""ACCZ"",""GYROX"",""GYROY"",""GYROZ""]","true","[""1"",""2"",""3"",""4"",""5"",""6""]","false","0.01","true","0.00001","false","[""subject_1"",""subject_2"",""subject_3"",""subject_4"",""subject_5"",""subject_6"",""subject_7"",""subject_8"",""subject_9"",""subject_10"",""subject_11"",""subject_12"",""subject_13""]","MSE","[1,1,1,1,1,1,1]","","","","bilstm","100","","5","true","Adam","1600","0.5","","","","","","","","","","","","","","","","false","/home/benedikt_nothhelfer/ba_upki_benedikt/projects/UpKi_BioMat_Ultra/results","false","fixedwindow","[""all""]","[""imu""]","[""baseline""]","[""ACCX"",""ACCY"",""ACCZ"",""GYROX"",""GYROY"",""GYROZ""]","[""arm_flex_r"",""arm_add_r"",""arm_rot_r"",""elbow_flex_r"",""pro_sup_r"",""wrist_flex_r"",""wrist_dev_r""]","[""arm_flex_r"",""arm_add_r"",""arm_rot_r"",""elbow_flex_r"",""pro_sup_r"",""wrist_flex_r"",""wrist_dev_r"",""arm_flex_l"",""arm_add_l"",""arm_rot_l"",""elbow_flex_l"",""pro_sup_l"",""wrist_flex_l"",""wrist_dev_l""]","[""1"",""2"",""3"",""4"",""5"",""6""]","[""AS"",""CB"",""EF"",""ER"",""OR""]","[""hand(1)"",""wrist(2)"",""Forearm(3)"",""Biceps(4)"",""Triceps(5)"",""Deltoid(6)""]","[""hand(1)"",""wrist(2)"",""Forearm(3)"",""Biceps(4)"",""Triceps(5)"",""Deltoid(6)""]","256","[""AS"",""CB"",""EF"",""ER"",""OR""]","[""F"",""N"",""S"",""VF"",""90"",""180"",""M""]","[""N"",""90"",""180"",""M""]","[""subject_13""]","[""AS"",""CB"",""EF"",""ER"",""OR""]","[""F"",""N"",""S"",""VF"",""90"",""180"",""M""]","[""N"",""90"",""180"",""M""]","[""subject_1"",""subject_2"",""subject_3"",""subject_4"",""subject_5"",""subject_6"",""subject_7"",""subject_8"",""subject_9"",""subject_10"",""subject_11"",""subject_12""]","[""fc1"",""fc2_1"",""fc2_2"",""fc2_3""]","lopo","256","128","0.5","16","3","0.5","false","false","13","14.266815892594508","25.21343469751653","27.65005311382141","16.326988185223353","17.854950907193523","21.26911344977849","10.16079270045856","10.097458310961818","12.129928521959371","22.0447190388132","26.505740104768336","15.963890799789274","19.58448176693012","9.093174798600112","13.081343190384452","16.91475403160641","2.1723506026049866","2.725636219078148","4.927407021486731","6.756421397673712","3.2362432620967523","5.051918005918867","2.4933044915057505","3.9498081358838855"
"bilstm_14.04","finished","-","","","2026-04-14T02:39:05.000Z","3443","cxahpqr7","32","0.5","128","3","false","by_var","StandardScaler","All_subjects_data.h5","/home/benedikt_nothhelfer/data_share/ULTra-MoCap/ULTra-MoCap-processed/","cuda","ultramocap_dataset.p","/home/benedikt_nothhelfer/data_share/ULTra-MoCap/","[""ACCX"",""ACCY"",""ACCZ"",""GYROX"",""GYROY"",""GYROZ""]","true","[""1"",""2"",""3"",""4"",""5"",""6""]","false","0.001","true","0.00001","false","[""subject_1"",""subject_2"",""subject_3"",""subject_4"",""subject_5"",""subject_6"",""subject_7"",""subject_8"",""subject_9"",""subject_10"",""subject_11"",""subject_12"",""subject_13""]","MSE","[1,1,1,1,1,1,1]","","","","bilstm","70","","5","true","Adam","1600","0.5","","","","","","","","","","","","","","","","false","/home/benedikt_nothhelfer/ba_upki_benedikt/projects/UpKi_BioMat_Ultra/results","false","fixedwindow","[""all""]","[""imu""]","[""baseline""]","[""ACCX"",""ACCY"",""ACCZ"",""GYROX"",""GYROY"",""GYROZ""]","[""arm_flex_r"",""arm_add_r"",""arm_rot_r"",""elbow_flex_r"",""pro_sup_r"",""wrist_flex_r"",""wrist_dev_r""]","[""arm_flex_r"",""arm_add_r"",""arm_rot_r"",""elbow_flex_r"",""pro_sup_r"",""wrist_flex_r"",""wrist_dev_r"",""arm_flex_l"",""arm_add_l"",""arm_rot_l"",""elbow_flex_l"",""pro_sup_l"",""wrist_flex_l"",""wrist_dev_l""]","[""1"",""2"",""3"",""4"",""5"",""6""]","[""AS"",""CB"",""EF"",""ER"",""OR""]","[""hand(1)"",""wrist(2)"",""Forearm(3)"",""Biceps(4)"",""Triceps(5)"",""Deltoid(6)""]","[""hand(1)"",""wrist(2)"",""Forearm(3)"",""Biceps(4)"",""Triceps(5)"",""Deltoid(6)""]","256","[""AS"",""CB"",""EF"",""ER"",""OR""]","[""F"",""N"",""S"",""VF"",""90"",""180"",""M""]","[""N"",""90"",""180"",""M""]","[""subject_13""]","[""AS"",""CB"",""EF"",""ER"",""OR""]","[""F"",""N"",""S"",""VF"",""90"",""180"",""M""]","[""N"",""90"",""180"",""M""]","[""subject_1"",""subject_2"",""subject_3"",""subject_4"",""subject_5"",""subject_6"",""subject_7"",""subject_8"",""subject_9"",""subject_10"",""subject_11"",""subject_12""]","[""fc1"",""fc2_1"",""fc2_2"",""fc2_3""]","lopo","256","128","0.5","16","3","0.5","false","false","13","17.800106672793987","27.655059990941073","27.52472886667323","16.33868640085255","18.29950234973331","20.426514223123807","10.628341637683832","7.723078656064709","13.268087081119669","21.761107777167545","24.969921227637617","16.599552063821292","20.000595624043697","8.551795715883186","12.555188826535884","16.815178330886987","2.026387571325734","2.8504596650257574","4.753867947058101","7.209266557195985","2.642519433384599","4.971911701273114","2.3914467337869003","4.193848254226256"
"bilstm_14.04","finished","-","","","2026-04-14T02:08:38.000Z","1822","cxahpqr7","32","0.3","64","4","false","by_var","StandardScaler","All_subjects_data.h5","/home/benedikt_nothhelfer/data_share/ULTra-MoCap/ULTra-MoCap-processed/","cuda","ultramocap_dataset.p","/home/benedikt_nothhelfer/data_share/ULTra-MoCap/","[""ACCX"",""ACCY"",""ACCZ"",""GYROX"",""GYROY"",""GYROZ""]","true","[""1"",""2"",""3"",""4"",""5"",""6""]","false","0.01","true","0.00001","false","[""subject_1"",""subject_2"",""subject_3"",""subject_4"",""subject_5"",""subject_6"",""subject_7"",""subject_8"",""subject_9"",""subject_10"",""subject_11"",""subject_12"",""subject_13""]","MSE","[1,1,1,1,1,1,1]","","","","bilstm","70","","5","true","Adam","1600","0.5","","","","","","","","","","","","","","","","false","/home/benedikt_nothhelfer/ba_upki_benedikt/projects/UpKi_BioMat_Ultra/results","false","fixedwindow","[""all""]","[""imu""]","[""baseline""]","[""ACCX"",""ACCY"",""ACCZ"",""GYROX"",""GYROY"",""GYROZ""]","[""arm_flex_r"",""arm_add_r"",""arm_rot_r"",""elbow_flex_r"",""pro_sup_r"",""wrist_flex_r"",""wrist_dev_r""]","[""arm_flex_r"",""arm_add_r"",""arm_rot_r"",""elbow_flex_r"",""pro_sup_r"",""wrist_flex_r"",""wrist_dev_r"",""arm_flex_l"",""arm_add_l"",""arm_rot_l"",""elbow_flex_l"",""pro_sup_l"",""wrist_flex_l"",""wrist_dev_l""]","[""1"",""2"",""3"",""4"",""5"",""6""]","[""AS"",""CB"",""EF"",""ER"",""OR""]","[""hand(1)"",""wrist(2)"",""Forearm(3)"",""Biceps(4)"",""Triceps(5)"",""Deltoid(6)""]","[""hand(1)"",""wrist(2)"",""Forearm(3)"",""Biceps(4)"",""Triceps(5)"",""Deltoid(6)""]","256","[""AS"",""CB"",""EF"",""ER"",""OR""]","[""F"",""N"",""S"",""VF"",""90"",""180"",""M""]","[""N"",""90"",""180"",""M""]","[""subject_13""]","[""AS"",""CB"",""EF"",""ER"",""OR""]","[""F"",""N"",""S"",""VF"",""90"",""180"",""M""]","[""N"",""90"",""180"",""M""]","[""subject_1"",""subject_2"",""subject_3"",""subject_4"",""subject_5"",""subject_6"",""subject_7"",""subject_8"",""subject_9"",""subject_10"",""subject_11"",""subject_12""]","[""fc1"",""fc2_1"",""fc2_2"",""fc2_3""]","lopo","256","128","0.5","16","3","0.5","false","false","13","16.144866084112426","33.96394485521039","34.304779274751944","19.466362639587594","20.599403123925715","21.564010339300985","10.932981212573733","7.818877461942914","13.829966140179977","22.498452059651747","24.886856765880072","18.111461647936512","19.46369865802469","8.38848448287902","12.70697254341999","17.12655604256743","2.0026405825460323","2.4688879880204744","4.761691191584443","6.6151144339983174","2.900294320394055","5.996093599751776","2.407460570427939","4.684639930602885"
"bilstm_14.04","finished","-","","","2026-04-14T01:04:39.000Z","3835","cxahpqr7","32","0.3","128","4","false","by_var","StandardScaler","All_subjects_data.h5","/home/benedikt_nothhelfer/data_share/ULTra-MoCap/ULTra-MoCap-processed/","cuda","ultramocap_dataset.p","/home/benedikt_nothhelfer/data_share/ULTra-MoCap/","[""ACCX"",""ACCY"",""ACCZ"",""GYROX"",""GYROY"",""GYROZ""]","true","[""1"",""2"",""3"",""4"",""5"",""6""]","false","0.001","true","0.00001","false","[""subject_1"",""subject_2"",""subject_3"",""subject_4"",""subject_5"",""subject_6"",""subject_7"",""subject_8"",""subject_9"",""subject_10"",""subject_11"",""subject_12"",""subject_13""]","MSE","[1,1,1,1,1,1,1]","","","","bilstm","70","","5","true","Adam","1600","0.5","","","","","","","","","","","","","","","","false","/home/benedikt_nothhelfer/ba_upki_benedikt/projects/UpKi_BioMat_Ultra/results","false","fixedwindow","[""all""]","[""imu""]","[""baseline""]","[""ACCX"",""ACCY"",""ACCZ"",""GYROX"",""GYROY"",""GYROZ""]","[""arm_flex_r"",""arm_add_r"",""arm_rot_r"",""elbow_flex_r"",""pro_sup_r"",""wrist_flex_r"",""wrist_dev_r""]","[""arm_flex_r"",""arm_add_r"",""arm_rot_r"",""elbow_flex_r"",""pro_sup_r"",""wrist_flex_r"",""wrist_dev_r"",""arm_flex_l"",""arm_add_l"",""arm_rot_l"",""elbow_flex_l"",""pro_sup_l"",""wrist_flex_l"",""wrist_dev_l""]","[""1"",""2"",""3"",""4"",""5"",""6""]","[""AS"",""CB"",""EF"",""ER"",""OR""]","[""hand(1)"",""wrist(2)"",""Forearm(3)"",""Biceps(4)"",""Triceps(5)"",""Deltoid(6)""]","[""hand(1)"",""wrist(2)"",""Forearm(3)"",""Biceps(4)"",""Triceps(5)"",""Deltoid(6)""]","256","[""AS"",""CB"",""EF"",""ER"",""OR""]","[""F"",""N"",""S"",""VF"",""90"",""180"",""M""]","[""N"",""90"",""180"",""M""]","[""subject_13""]","[""AS"",""CB"",""EF"",""ER"",""OR""]","[""F"",""N"",""S"",""VF"",""90"",""180"",""M""]","[""N"",""90"",""180"",""M""]","[""subject_1"",""subject_2"",""subject_3"",""subject_4"",""subject_5"",""subject_6"",""subject_7"",""subject_8"",""subject_9"",""subject_10"",""subject_11"",""subject_12""]","[""fc1"",""fc2_1"",""fc2_2"",""fc2_3""]","lopo","256","128","0.5","16","3","0.5","false","false","13","15.59364414251264","25.832387658873593","27.96838110099755","18.826651173812756","18.45839038416933","22.278029876389073","10.304609393298946","8.405029343300765","13.149796270356118","21.999441320046422","25.7843207608174","17.29384352664549","20.32647935882525","8.458965259516786","12.525155601083952","17.076857442470207","2.187366068628622","2.5588867100009054","4.389291655785395","6.488978418935523","3.0280628432616736","5.661484090414217","2.457187945391044","4.23334134931104"
"bilstm_14.04","finished","-","","","2026-04-13T22:31:11.000Z","9206","cxahpqr7","16","0.1","128","3","false","by_var","StandardScaler","All_subjects_data.h5","/home/benedikt_nothhelfer/data_share/ULTra-MoCap/ULTra-MoCap-processed/","cuda","ultramocap_dataset.p","/home/benedikt_nothhelfer/data_share/ULTra-MoCap/","[""ACCX"",""ACCY"",""ACCZ"",""GYROX"",""GYROY"",""GYROZ""]","true","[""1"",""2"",""3"",""4"",""5"",""6""]","false","0.001","true","0.00001","false","[""subject_1"",""subject_2"",""subject_3"",""subject_4"",""subject_5"",""subject_6"",""subject_7"",""subject_8"",""subject_9"",""subject_10"",""subject_11"",""subject_12"",""subject_13""]","MSE","[1,1,1,1,1,1,1]","","","","bilstm","100","","5","true","Adam","1600","0.5","","","","","","","","","","","","","","","","false","/home/benedikt_nothhelfer/ba_upki_benedikt/projects/UpKi_BioMat_Ultra/results","false","fixedwindow","[""all""]","[""imu""]","[""baseline""]","[""ACCX"",""ACCY"",""ACCZ"",""GYROX"",""GYROY"",""GYROZ""]","[""arm_flex_r"",""arm_add_r"",""arm_rot_r"",""elbow_flex_r"",""pro_sup_r"",""wrist_flex_r"",""wrist_dev_r""]","[""arm_flex_r"",""arm_add_r"",""arm_rot_r"",""elbow_flex_r"",""pro_sup_r"",""wrist_flex_r"",""wrist_dev_r"",""arm_flex_l"",""arm_add_l"",""arm_rot_l"",""elbow_flex_l"",""pro_sup_l"",""wrist_flex_l"",""wrist_dev_l""]","[""1"",""2"",""3"",""4"",""5"",""6""]","[""AS"",""CB"",""EF"",""ER"",""OR""]","[""hand(1)"",""wrist(2)"",""Forearm(3)"",""Biceps(4)"",""Triceps(5)"",""Deltoid(6)""]","[""hand(1)"",""wrist(2)"",""Forearm(3)"",""Biceps(4)"",""Triceps(5)"",""Deltoid(6)""]","256","[""AS"",""CB"",""EF"",""ER"",""OR""]","[""F"",""N"",""S"",""VF"",""90"",""180"",""M""]","[""N"",""90"",""180"",""M""]","[""subject_13""]","[""AS"",""CB"",""EF"",""ER"",""OR""]","[""F"",""N"",""S"",""VF"",""90"",""180"",""M""]","[""N"",""90"",""180"",""M""]","[""subject_1"",""subject_2"",""subject_3"",""subject_4"",""subject_5"",""subject_6"",""subject_7"",""subject_8"",""subject_9"",""subject_10"",""subject_11"",""subject_12""]","[""fc1"",""fc2_1"",""fc2_2"",""fc2_3""]","lopo","256","128","0.5","16","3","0.5","false","false","13","11.19306803865184","28.562213432736208","28.310055322378","13.716359564547624","18.052755093286205","21.724445518788475","10.72236013433164","12.140783641569644","11.442090302932671","22.511073711695797","26.34063158382084","15.165756411356517","19.47650350265156","9.183449994415144","13.178166152172915","16.756810237006494","2.549649447157196","2.800418351431208","5.6404926658234","7.074141750197919","3.4116930015157876","5.132404261142674","2.5131304461977764","3.5529953034393027"
"bilstm_13.04","finished","-","","","2026-04-13T21:11:56.000Z","4751","cxahpqr7","16","0.5","64","4","false","by_var","StandardScaler","All_subjects_data.h5","/home/benedikt_nothhelfer/data_share/ULTra-MoCap/ULTra-MoCap-processed/","cuda","ultramocap_dataset.p","/home/benedikt_nothhelfer/data_share/ULTra-MoCap/","[""ACCX"",""ACCY"",""ACCZ"",""GYROX"",""GYROY"",""GYROZ""]","true","[""1"",""2"",""3"",""4"",""5"",""6""]","false","0.01","true","0.00001","false","[""subject_1"",""subject_2"",""subject_3"",""subject_4"",""subject_5"",""subject_6"",""subject_7"",""subject_8"",""subject_9"",""subject_10"",""subject_11"",""subject_12"",""subject_13""]","MSE","[1,1,1,1,1,1,1]","","","","bilstm","100","","5","true","Adam","1600","0.5","","","","","","","","","","","","","","","","false","/home/benedikt_nothhelfer/ba_upki_benedikt/projects/UpKi_BioMat_Ultra/results","false","fixedwindow","[""all""]","[""imu""]","[""baseline""]","[""ACCX"",""ACCY"",""ACCZ"",""GYROX"",""GYROY"",""GYROZ""]","[""arm_flex_r"",""arm_add_r"",""arm_rot_r"",""elbow_flex_r"",""pro_sup_r"",""wrist_flex_r"",""wrist_dev_r""]","[""arm_flex_r"",""arm_add_r"",""arm_rot_r"",""elbow_flex_r"",""pro_sup_r"",""wrist_flex_r"",""wrist_dev_r"",""arm_flex_l"",""arm_add_l"",""arm_rot_l"",""elbow_flex_l"",""pro_sup_l"",""wrist_flex_l"",""wrist_dev_l""]","[""1"",""2"",""3"",""4"",""5"",""6""]","[""AS"",""CB"",""EF"",""ER"",""OR""]","[""hand(1)"",""wrist(2)"",""Forearm(3)"",""Biceps(4)"",""Triceps(5)"",""Deltoid(6)""]","[""hand(1)"",""wrist(2)"",""Forearm(3)"",""Biceps(4)"",""Triceps(5)"",""Deltoid(6)""]","256","[""AS"",""CB"",""EF"",""ER"",""OR""]","[""F"",""N"",""S"",""VF"",""90"",""180"",""M""]","[""N"",""90"",""180"",""M""]","[""subject_13""]","[""AS"",""CB"",""EF"",""ER"",""OR""]","[""F"",""N"",""S"",""VF"",""90"",""180"",""M""]","[""N"",""90"",""180"",""M""]","[""subject_1"",""subject_2"",""subject_3"",""subject_4"",""subject_5"",""subject_6"",""subject_7"",""subject_8"",""subject_9"",""subject_10"",""subject_11"",""subject_12""]","[""fc1"",""fc2_1"",""fc2_2"",""fc2_3""]","lopo","256","128","0.5","16","3","0.5","false","false","13","17.831084536548722","29.49342661839685","31.66488505673484","15.17964233889129","18.794115447839953","18.174444283469477","10.097318793768483","9.118006507070024","12.919220425223443","22.424972120716077","25.443846971436408","16.76044510424147","19.471018434977537","8.586168391021376","12.583108053437776","16.88411135729344","2.413421127672664","2.8077254314277336","5.1226596135576905","6.373340100568796","3.4199044910949516","5.116268818045053","2.6520584129382945","4.1274262763545515"
"bilstm_13.04","finished","-","","","2026-04-13T20:45:02.000Z","1612","cxahpqr7","32","0.5","64","2","false","by_var","StandardScaler","All_subjects_data.h5","/home/benedikt_nothhelfer/data_share/ULTra-MoCap/ULTra-MoCap-processed/","cuda","ultramocap_dataset.p","/home/benedikt_nothhelfer/data_share/ULTra-MoCap/","[""ACCX"",""ACCY"",""ACCZ"",""GYROX"",""GYROY"",""GYROZ""]","true","[""1"",""2"",""3"",""4"",""5"",""6""]","false","0.0001","true","0.00001","false","[""subject_1"",""subject_2"",""subject_3"",""subject_4"",""subject_5"",""subject_6"",""subject_7"",""subject_8"",""subject_9"",""subject_10"",""subject_11"",""subject_12"",""subject_13""]","MSE","[1,1,1,1,1,1,1]","","","","bilstm","70","","5","true","Adam","1600","0.5","","","","","","","","","","","","","","","","false","/home/benedikt_nothhelfer/ba_upki_benedikt/projects/UpKi_BioMat_Ultra/results","false","fixedwindow","[""all""]","[""imu""]","[""baseline""]","[""ACCX"",""ACCY"",""ACCZ"",""GYROX"",""GYROY"",""GYROZ""]","[""arm_flex_r"",""arm_add_r"",""arm_rot_r"",""elbow_flex_r"",""pro_sup_r"",""wrist_flex_r"",""wrist_dev_r""]","[""arm_flex_r"",""arm_add_r"",""arm_rot_r"",""elbow_flex_r"",""pro_sup_r"",""wrist_flex_r"",""wrist_dev_r"",""arm_flex_l"",""arm_add_l"",""arm_rot_l"",""elbow_flex_l"",""pro_sup_l"",""wrist_flex_l"",""wrist_dev_l""]","[""1"",""2"",""3"",""4"",""5"",""6""]","[""AS"",""CB"",""EF"",""ER"",""OR""]","[""hand(1)"",""wrist(2)"",""Forearm(3)"",""Biceps(4)"",""Triceps(5)"",""Deltoid(6)""]","[""hand(1)"",""wrist(2)"",""Forearm(3)"",""Biceps(4)"",""Triceps(5)"",""Deltoid(6)""]","256","[""AS"",""CB"",""EF"",""ER"",""OR""]","[""F"",""N"",""S"",""VF"",""90"",""180"",""M""]","[""N"",""90"",""180"",""M""]","[""subject_13""]","[""AS"",""CB"",""EF"",""ER"",""OR""]","[""F"",""N"",""S"",""VF"",""90"",""180"",""M""]","[""N"",""90"",""180"",""M""]","[""subject_1"",""subject_2"",""subject_3"",""subject_4"",""subject_5"",""subject_6"",""subject_7"",""subject_8"",""subject_9"",""subject_10"",""subject_11"",""subject_12""]","[""fc1"",""fc2_1"",""fc2_2"",""fc2_3""]","lopo","256","128","0.5","16","3","0.5","false","false","13","16.634812807404405","29.090688969372746","30.952110104004227","20.928308287665555","19.129162598308728","19.34372794578466","9.615559174236342","7.338930899693148","13.763994084735987","21.945640279823895","24.6388309927843","18.91141063039046","19.26240777330792","8.192273861059924","12.68952853527455","17.057726593911003","2.401627999996566","2.3318194284707516","4.518190473119208","7.290149130129536","3.4182965205861704","6.659012617629378","2.8341098303968497","4.760691173059725"
"bilstm_13.04","finished","-","","","2026-04-13T20:04:35.000Z","2421","cxahpqr7","16","0.3","64","4","false","by_var","StandardScaler","All_subjects_data.h5","/home/benedikt_nothhelfer/data_share/ULTra-MoCap/ULTra-MoCap-processed/","cuda","ultramocap_dataset.p","/home/benedikt_nothhelfer/data_share/ULTra-MoCap/","[""ACCX"",""ACCY"",""ACCZ"",""GYROX"",""GYROY"",""GYROZ""]","true","[""1"",""2"",""3"",""4"",""5"",""6""]","false","0.001","true","0.00001","false","[""subject_1"",""subject_2"",""subject_3"",""subject_4"",""subject_5"",""subject_6"",""subject_7"",""subject_8"",""subject_9"",""subject_10"",""subject_11"",""subject_12"",""subject_13""]","MSE","[1,1,1,1,1,1,1]","","","","bilstm","50","","5","true","Adam","1600","0.5","","","","","","","","","","","","","","","","false","/home/benedikt_nothhelfer/ba_upki_benedikt/projects/UpKi_BioMat_Ultra/results","false","fixedwindow","[""all""]","[""imu""]","[""baseline""]","[""ACCX"",""ACCY"",""ACCZ"",""GYROX"",""GYROY"",""GYROZ""]","[""arm_flex_r"",""arm_add_r"",""arm_rot_r"",""elbow_flex_r"",""pro_sup_r"",""wrist_flex_r"",""wrist_dev_r""]","[""arm_flex_r"",""arm_add_r"",""arm_rot_r"",""elbow_flex_r"",""pro_sup_r"",""wrist_flex_r"",""wrist_dev_r"",""arm_flex_l"",""arm_add_l"",""arm_rot_l"",""elbow_flex_l"",""pro_sup_l"",""wrist_flex_l"",""wrist_dev_l""]","[""1"",""2"",""3"",""4"",""5"",""6""]","[""AS"",""CB"",""EF"",""ER"",""OR""]","[""hand(1)"",""wrist(2)"",""Forearm(3)"",""Biceps(4)"",""Triceps(5)"",""Deltoid(6)""]","[""hand(1)"",""wrist(2)"",""Forearm(3)"",""Biceps(4)"",""Triceps(5)"",""Deltoid(6)""]","256","[""AS"",""CB"",""EF"",""ER"",""OR""]","[""F"",""N"",""S"",""VF"",""90"",""180"",""M""]","[""N"",""90"",""180"",""M""]","[""subject_13""]","[""AS"",""CB"",""EF"",""ER"",""OR""]","[""F"",""N"",""S"",""VF"",""90"",""180"",""M""]","[""N"",""90"",""180"",""M""]","[""subject_1"",""subject_2"",""subject_3"",""subject_4"",""subject_5"",""subject_6"",""subject_7"",""subject_8"",""subject_9"",""subject_10"",""subject_11"",""subject_12""]","[""fc1"",""fc2_1"",""fc2_2"",""fc2_3""]","lopo","256","128","0.5","16","3","0.5","false","false","13","17.54989972118624","30.111606576783164","29.829884930119487","18.088855244387876","19.588826488049076","22.61003606670572","10.9601842419703","7.971318635190746","14.159311336584924","23.2975513995612","24.896219032788732","18.51853054345956","18.80229285019437","8.477161576589179","12.856850000897005","17.28684524858214","2.2273473842688425","2.6386517265552984","4.72743472295691","6.713748997358698","3.610915616307656","6.353503911289248","2.2868329847762494","4.600948714101633"
"bilstm_13.04","finished","-","","","2026-04-13T19:07:21.000Z","3430","cxahpqr7","16","0.1","64","4","false","by_var","StandardScaler","All_subjects_data.h5","/home/benedikt_nothhelfer/data_share/ULTra-MoCap/ULTra-MoCap-processed/","cuda","ultramocap_dataset.p","/home/benedikt_nothhelfer/data_share/ULTra-MoCap/","[""ACCX"",""ACCY"",""ACCZ"",""GYROX"",""GYROY"",""GYROZ""]","true","[""1"",""2"",""3"",""4"",""5"",""6""]","false","0.0001","true","0.0001","false","[""subject_1"",""subject_2"",""subject_3"",""subject_4"",""subject_5"",""subject_6"",""subject_7"",""subject_8"",""subject_9"",""subject_10"",""subject_11"",""subject_12"",""subject_13""]","MSE","[1,1,1,1,1,1,1]","","","","bilstm","70","","5","true","Adam","1600","0.5","","","","","","","","","","","","","","","","false","/home/benedikt_nothhelfer/ba_upki_benedikt/projects/UpKi_BioMat_Ultra/results","false","fixedwindow","[""all""]","[""imu""]","[""baseline""]","[""ACCX"",""ACCY"",""ACCZ"",""GYROX"",""GYROY"",""GYROZ""]","[""arm_flex_r"",""arm_add_r"",""arm_rot_r"",""elbow_flex_r"",""pro_sup_r"",""wrist_flex_r"",""wrist_dev_r""]","[""arm_flex_r"",""arm_add_r"",""arm_rot_r"",""elbow_flex_r"",""pro_sup_r"",""wrist_flex_r"",""wrist_dev_r"",""arm_flex_l"",""arm_add_l"",""arm_rot_l"",""elbow_flex_l"",""pro_sup_l"",""wrist_flex_l"",""wrist_dev_l""]","[""1"",""2"",""3"",""4"",""5"",""6""]","[""AS"",""CB"",""EF"",""ER"",""OR""]","[""hand(1)"",""wrist(2)"",""Forearm(3)"",""Biceps(4)"",""Triceps(5)"",""Deltoid(6)""]","[""hand(1)"",""wrist(2)"",""Forearm(3)"",""Biceps(4)"",""Triceps(5)"",""Deltoid(6)""]","256","[""AS"",""CB"",""EF"",""ER"",""OR""]","[""F"",""N"",""S"",""VF"",""90"",""180"",""M""]","[""N"",""90"",""180"",""M""]","[""subject_13""]","[""AS"",""CB"",""EF"",""ER"",""OR""]","[""F"",""N"",""S"",""VF"",""90"",""180"",""M""]","[""N"",""90"",""180"",""M""]","[""subject_1"",""subject_2"",""subject_3"",""subject_4"",""subject_5"",""subject_6"",""subject_7"",""subject_8"",""subject_9"",""subject_10"",""subject_11"",""subject_12""]","[""fc1"",""fc2_1"",""fc2_2"",""fc2_3""]","lopo","256","128","0.5","16","3","0.5","false","false","13","14.771633950871728","25.94199944560768","26.66690264485679","13.681065450555996","16.77900956082031","19.06270326914283","7.92435254636904","9.404409618338102","11.30064886637149","21.440724765136068","24.423812006501855","14.275090314104586","17.843939834992494","9.22437478805496","13.582253249283252","16.012977689206384","2.6467317007203612","2.8742199118230256","5.247506474954151","6.971577273350496","3.6263054705576407","4.417507663840536","2.6092966862979012","4.004316574821512"
"bilstm_13.04","finished","-","","","2026-04-13T18:15:05.000Z","3134","cxahpqr7","32","0.3","64","4","false","by_var","StandardScaler","All_subjects_data.h5","/home/benedikt_nothhelfer/data_share/ULTra-MoCap/ULTra-MoCap-processed/","cuda","ultramocap_dataset.p","/home/benedikt_nothhelfer/data_share/ULTra-MoCap/","[""ACCX"",""ACCY"",""ACCZ"",""GYROX"",""GYROY"",""GYROZ""]","true","[""1"",""2"",""3"",""4"",""5"",""6""]","false","0.01","true","0.0001","false","[""subject_1"",""subject_2"",""subject_3"",""subject_4"",""subject_5"",""subject_6"",""subject_7"",""subject_8"",""subject_9"",""subject_10"",""subject_11"",""subject_12"",""subject_13""]","MSE","[1,1,1,1,1,1,1]","","","","bilstm","100","","5","true","Adam","1600","0.5","","","","","","","","","","","","","","","","false","/home/benedikt_nothhelfer/ba_upki_benedikt/projects/UpKi_BioMat_Ultra/results","false","fixedwindow","[""all""]","[""imu""]","[""baseline""]","[""ACCX"",""ACCY"",""ACCZ"",""GYROX"",""GYROY"",""GYROZ""]","[""arm_flex_r"",""arm_add_r"",""arm_rot_r"",""elbow_flex_r"",""pro_sup_r"",""wrist_flex_r"",""wrist_dev_r""]","[""arm_flex_r"",""arm_add_r"",""arm_rot_r"",""elbow_flex_r"",""pro_sup_r"",""wrist_flex_r"",""wrist_dev_r"",""arm_flex_l"",""arm_add_l"",""arm_rot_l"",""elbow_flex_l"",""pro_sup_l"",""wrist_flex_l"",""wrist_dev_l""]","[""1"",""2"",""3"",""4"",""5"",""6""]","[""AS"",""CB"",""EF"",""ER"",""OR""]","[""hand(1)"",""wrist(2)"",""Forearm(3)"",""Biceps(4)"",""Triceps(5)"",""Deltoid(6)""]","[""hand(1)"",""wrist(2)"",""Forearm(3)"",""Biceps(4)"",""Triceps(5)"",""Deltoid(6)""]","256","[""AS"",""CB"",""EF"",""ER"",""OR""]","[""F"",""N"",""S"",""VF"",""90"",""180"",""M""]","[""N"",""90"",""180"",""M""]","[""subject_13""]","[""AS"",""CB"",""EF"",""ER"",""OR""]","[""F"",""N"",""S"",""VF"",""90"",""180"",""M""]","[""N"",""90"",""180"",""M""]","[""subject_1"",""subject_2"",""subject_3"",""subject_4"",""subject_5"",""subject_6"",""subject_7"",""subject_8"",""subject_9"",""subject_10"",""subject_11"",""subject_12""]","[""fc1"",""fc2_1"",""fc2_2"",""fc2_3""]","lopo","256","128","0.5","16","3","0.5","false","false","13","15.176134164135188","26.41714538604407","29.290750932284","10.98015941156412","16.450809997810513","15.941062778502763","8.470345713007417","8.88007159913603","11.603166301497492","22.61116324243708","25.536385307578993","14.15289818557679","18.809701418667633","8.91922998814157","13.019034425321422","16.378796981317283","2.402125160256165","3.1666077289687893","5.069756789612326","6.5400612651580285","3.130897974130721","5.031124309449734","2.456243816673744","3.568960385647682"
"bilstm_13.04","finished","-","","","2026-04-13T09:02:18.000Z","651","bb8s8dt8","32","0.3","64","2","false","by_var","StandardScaler","All_subjects_data.h5","/home/benedikt_nothhelfer/data_share/ULTra-MoCap/ULTra-MoCap-processed/","cuda","ultramocap_dataset.p","/home/benedikt_nothhelfer/data_share/ULTra-MoCap/","[""ACCX"",""ACCY"",""ACCZ"",""GYROX"",""GYROY"",""GYROZ""]","true","[""1"",""2"",""3"",""4"",""5"",""6""]","false","0.0001","true","0.00001","false","[""subject_1"",""subject_2"",""subject_3"",""subject_4"",""subject_5"",""subject_6"",""subject_7"",""subject_8"",""subject_9"",""subject_10"",""subject_11"",""subject_12"",""subject_13""]","MSE","[1,1,1,1,1,1,1]","","","","bilstm","50","","5","true","Adam","1600","0.5","","","","","","","","","","","","","","","","false","/home/benedikt_nothhelfer/ba_upki_benedikt/projects/UpKi_BioMat_Ultra/results","false","fixedwindow","[""all""]","[""imu""]","[""baseline""]","[""ACCX"",""ACCY"",""ACCZ"",""GYROX"",""GYROY"",""GYROZ""]","[""arm_flex_r"",""arm_add_r"",""arm_rot_r"",""elbow_flex_r"",""pro_sup_r"",""wrist_flex_r"",""wrist_dev_r""]","[""arm_flex_r"",""arm_add_r"",""arm_rot_r"",""elbow_flex_r"",""pro_sup_r"",""wrist_flex_r"",""wrist_dev_r"",""arm_flex_l"",""arm_add_l"",""arm_rot_l"",""elbow_flex_l"",""pro_sup_l"",""wrist_flex_l"",""wrist_dev_l""]","[""1"",""2"",""3"",""4"",""5"",""6""]","[""AS"",""CB"",""EF"",""ER"",""OR""]","[""hand(1)"",""wrist(2)"",""Forearm(3)"",""Biceps(4)"",""Triceps(5)"",""Deltoid(6)""]","[""hand(1)"",""wrist(2)"",""Forearm(3)"",""Biceps(4)"",""Triceps(5)"",""Deltoid(6)""]","256","[""AS"",""CB"",""EF"",""ER"",""OR""]","[""N"",""90"",""180"",""M""]","[""F"",""N"",""S"",""VF"",""90"",""180"",""M""]","[""subject_13""]","[""AS"",""CB"",""EF"",""ER"",""OR""]","[""N"",""90"",""180"",""M""]","[""F"",""N"",""S"",""VF"",""90"",""180"",""M""]","[""subject_1"",""subject_2"",""subject_3"",""subject_4"",""subject_5"",""subject_6"",""subject_7"",""subject_8"",""subject_9"",""subject_10"",""subject_11"",""subject_12""]","[""fc1"",""fc2_1"",""fc2_2"",""fc2_3""]","lopo","256","128","0.5","16","3","0.5","false","false","13","19.25392851857659","33.1154406543799","29.957643363141493","27.14098087326778","20.197356486106397","16.955362003457676","8.24850004642752","6.709639943493824","15.328259791623294","23.213710322541065","26.59248181585063","25.08810710614352","20.010772603020015","7.906527348783144","12.616781404245115","18.679520056029546","2.625585013245832","1.9812252244472937","6.27228431551182","5.5314977731436805","4.132154651739788","6.283777183247509","2.641031510472524","4.713476036463699"
"bilstm_13.04","finished","-","","","2026-04-13T06:18:09.000Z","9848","bb8s8dt8","16","0.5","128","3","false","by_var","StandardScaler","All_subjects_data.h5","/home/benedikt_nothhelfer/data_share/ULTra-MoCap/ULTra-MoCap-processed/","cuda","ultramocap_dataset.p","/home/benedikt_nothhelfer/data_share/ULTra-MoCap/","[""ACCX"",""ACCY"",""ACCZ"",""GYROX"",""GYROY"",""GYROZ""]","true","[""1"",""2"",""3"",""4"",""5"",""6""]","false","0.001","true","0.00001","false","[""subject_1"",""subject_2"",""subject_3"",""subject_4"",""subject_5"",""subject_6"",""subject_7"",""subject_8"",""subject_9"",""subject_10"",""subject_11"",""subject_12"",""subject_13""]","MSE","[1,1,1,1,1,1,1]","","","","bilstm","100","","5","true","Adam","1600","0.5","","","","","","","","","","","","","","","","false","/home/benedikt_nothhelfer/ba_upki_benedikt/projects/UpKi_BioMat_Ultra/results","false","fixedwindow","[""all""]","[""imu""]","[""baseline""]","[""ACCX"",""ACCY"",""ACCZ"",""GYROX"",""GYROY"",""GYROZ""]","[""arm_flex_r"",""arm_add_r"",""arm_rot_r"",""elbow_flex_r"",""pro_sup_r"",""wrist_flex_r"",""wrist_dev_r""]","[""arm_flex_r"",""arm_add_r"",""arm_rot_r"",""elbow_flex_r"",""pro_sup_r"",""wrist_flex_r"",""wrist_dev_r"",""arm_flex_l"",""arm_add_l"",""arm_rot_l"",""elbow_flex_l"",""pro_sup_l"",""wrist_flex_l"",""wrist_dev_l""]","[""1"",""2"",""3"",""4"",""5"",""6""]","[""AS"",""CB"",""EF"",""ER"",""OR""]","[""hand(1)"",""wrist(2)"",""Forearm(3)"",""Biceps(4)"",""Triceps(5)"",""Deltoid(6)""]","[""hand(1)"",""wrist(2)"",""Forearm(3)"",""Biceps(4)"",""Triceps(5)"",""Deltoid(6)""]","256","[""AS"",""CB"",""EF"",""ER"",""OR""]","[""N"",""90"",""180"",""M""]","[""F"",""N"",""S"",""VF"",""90"",""180"",""M""]","[""subject_13""]","[""AS"",""CB"",""EF"",""ER"",""OR""]","[""N"",""90"",""180"",""M""]","[""F"",""N"",""S"",""VF"",""90"",""180"",""M""]","[""subject_1"",""subject_2"",""subject_3"",""subject_4"",""subject_5"",""subject_6"",""subject_7"",""subject_8"",""subject_9"",""subject_10"",""subject_11"",""subject_12""]","[""fc1"",""fc2_1"",""fc2_2"",""fc2_3""]","lopo","256","128","0.5","16","3","0.5","false","false","13","12.899589080920643","27.51271597972609","29.39309627774813","17.199354378240308","17.937788011817222","20.076803298910495","10.31522264569482","8.167734421480048","12.568502626011796","21.21960640723963","24.547740588411923","17.095334542907796","19.401564664446443","8.636213456909388","12.578543981165694","16.57821518101324","2.076642996235973","2.8871851140076497","4.367836178504757","5.9548097836975185","4.202501574676083","6.143078638843828","2.333688927504369","4.150113010767985"
"bilstm_13.04","finished","-","","","2026-04-13T05:32:34.000Z","2733","bb8s8dt8","32","0.1","128","3","false","by_var","StandardScaler","All_subjects_data.h5","/home/benedikt_nothhelfer/data_share/ULTra-MoCap/ULTra-MoCap-processed/","cuda","ultramocap_dataset.p","/home/benedikt_nothhelfer/data_share/ULTra-MoCap/","[""ACCX"",""ACCY"",""ACCZ"",""GYROX"",""GYROY"",""GYROZ""]","true","[""1"",""2"",""3"",""4"",""5"",""6""]","false","0.01","true","0.00001","false","[""subject_1"",""subject_2"",""subject_3"",""subject_4"",""subject_5"",""subject_6"",""subject_7"",""subject_8"",""subject_9"",""subject_10"",""subject_11"",""subject_12"",""subject_13""]","MSE","[1,1,1,1,1,1,1]","","","","bilstm","50","","5","true","Adam","1600","0.5","","","","","","","","","","","","","","","","false","/home/benedikt_nothhelfer/ba_upki_benedikt/projects/UpKi_BioMat_Ultra/results","false","fixedwindow","[""all""]","[""imu""]","[""baseline""]","[""ACCX"",""ACCY"",""ACCZ"",""GYROX"",""GYROY"",""GYROZ""]","[""arm_flex_r"",""arm_add_r"",""arm_rot_r"",""elbow_flex_r"",""pro_sup_r"",""wrist_flex_r"",""wrist_dev_r""]","[""arm_flex_r"",""arm_add_r"",""arm_rot_r"",""elbow_flex_r"",""pro_sup_r"",""wrist_flex_r"",""wrist_dev_r"",""arm_flex_l"",""arm_add_l"",""arm_rot_l"",""elbow_flex_l"",""pro_sup_l"",""wrist_flex_l"",""wrist_dev_l""]","[""1"",""2"",""3"",""4"",""5"",""6""]","[""AS"",""CB"",""EF"",""ER"",""OR""]","[""hand(1)"",""wrist(2)"",""Forearm(3)"",""Biceps(4)"",""Triceps(5)"",""Deltoid(6)""]","[""hand(1)"",""wrist(2)"",""Forearm(3)"",""Biceps(4)"",""Triceps(5)"",""Deltoid(6)""]","256","[""AS"",""CB"",""EF"",""ER"",""OR""]","[""N"",""90"",""180"",""M""]","[""F"",""N"",""S"",""VF"",""90"",""180"",""M""]","[""subject_13""]","[""AS"",""CB"",""EF"",""ER"",""OR""]","[""N"",""90"",""180"",""M""]","[""F"",""N"",""S"",""VF"",""90"",""180"",""M""]","[""subject_1"",""subject_2"",""subject_3"",""subject_4"",""subject_5"",""subject_6"",""subject_7"",""subject_8"",""subject_9"",""subject_10"",""subject_11"",""subject_12""]","[""fc1"",""fc2_1"",""fc2_2"",""fc2_3""]","lopo","256","128","0.5","16","3","0.5","false","false","13","16.718497984621685","31.314032785074023","25.57276293241488","21.13269257662609","18.38395501167767","18.286146787785132","9.1290897904582","6.534462224763689","14.919176153587564","21.571026372604106","23.893932827170957","21.66906069593066","19.55689533758108","8.055929300412323","12.094134471495492","17.394307879826023","2.346449351270029","2.16977071205633","5.068108540761743","5.833623805697129","3.726707310563634","8.232588307534495","2.505197656763769","4.626447457377556"
"bilstm_13.04","finished","-","","","2026-04-13T05:09:23.000Z","1387","bb8s8dt8","16","0.1","64","3","false","by_var","StandardScaler","All_subjects_data.h5","/home/benedikt_nothhelfer/data_share/ULTra-MoCap/ULTra-MoCap-processed/","cuda","ultramocap_dataset.p","/home/benedikt_nothhelfer/data_share/ULTra-MoCap/","[""ACCX"",""ACCY"",""ACCZ"",""GYROX"",""GYROY"",""GYROZ""]","true","[""1"",""2"",""3"",""4"",""5"",""6""]","false","0.01","true","0.0001","false","[""subject_1"",""subject_2"",""subject_3"",""subject_4"",""subject_5"",""subject_6"",""subject_7"",""subject_8"",""subject_9"",""subject_10"",""subject_11"",""subject_12"",""subject_13""]","MSE","[1,1,1,1,1,1,1]","","","","bilstm","70","","5","true","Adam","1600","0.5","","","","","","","","","","","","","","","","false","/home/benedikt_nothhelfer/ba_upki_benedikt/projects/UpKi_BioMat_Ultra/results","false","fixedwindow","[""all""]","[""imu""]","[""baseline""]","[""ACCX"",""ACCY"",""ACCZ"",""GYROX"",""GYROY"",""GYROZ""]","[""arm_flex_r"",""arm_add_r"",""arm_rot_r"",""elbow_flex_r"",""pro_sup_r"",""wrist_flex_r"",""wrist_dev_r""]","[""arm_flex_r"",""arm_add_r"",""arm_rot_r"",""elbow_flex_r"",""pro_sup_r"",""wrist_flex_r"",""wrist_dev_r"",""arm_flex_l"",""arm_add_l"",""arm_rot_l"",""elbow_flex_l"",""pro_sup_l"",""wrist_flex_l"",""wrist_dev_l""]","[""1"",""2"",""3"",""4"",""5"",""6""]","[""AS"",""CB"",""EF"",""ER"",""OR""]","[""hand(1)"",""wrist(2)"",""Forearm(3)"",""Biceps(4)"",""Triceps(5)"",""Deltoid(6)""]","[""hand(1)"",""wrist(2)"",""Forearm(3)"",""Biceps(4)"",""Triceps(5)"",""Deltoid(6)""]","256","[""AS"",""CB"",""EF"",""ER"",""OR""]","[""N"",""90"",""180"",""M""]","[""F"",""N"",""S"",""VF"",""90"",""180"",""M""]","[""subject_13""]","[""AS"",""CB"",""EF"",""ER"",""OR""]","[""N"",""90"",""180"",""M""]","[""F"",""N"",""S"",""VF"",""90"",""180"",""M""]","[""subject_1"",""subject_2"",""subject_3"",""subject_4"",""subject_5"",""subject_6"",""subject_7"",""subject_8"",""subject_9"",""subject_10"",""subject_11"",""subject_12""]","[""fc1"",""fc2_1"",""fc2_2"",""fc2_3""]","lopo","256","128","0.5","16","3","0.5","false","false","13","11.90619244587714","26.254237751805867","25.990942432039372","16.013620038310737","16.61908185152306","17.284924514319307","10.417506618325534","8.466149159983482","12.201047165044416","21.64772875701672","25.51566939785385","15.583006182390466","18.15983850115282","9.022277725789126","12.88519221215981","16.4306799916296","2.3556347522833896","3.112494497070347","6.06293702062437","5.8066681202885055","4.419799330537621","4.279031038445321","2.756744941025874","3.5059536403575717"
"bilstm_13.04","finished","-","","","2026-04-13T05:00:25.000Z","535","bb8s8dt8","32","0.1","64","2","false","by_var","StandardScaler","All_subjects_data.h5","/home/benedikt_nothhelfer/data_share/ULTra-MoCap/ULTra-MoCap-processed/","cuda","ultramocap_dataset.p","/home/benedikt_nothhelfer/data_share/ULTra-MoCap/","[""ACCX"",""ACCY"",""ACCZ"",""GYROX"",""GYROY"",""GYROZ""]","true","[""1"",""2"",""3"",""4"",""5"",""6""]","false","0.0001","true","0.00001","false","[""subject_1"",""subject_2"",""subject_3"",""subject_4"",""subject_5"",""subject_6"",""subject_7"",""subject_8"",""subject_9"",""subject_10"",""subject_11"",""subject_12"",""subject_13""]","MSE","[1,1,1,1,1,1,1]","","","","bilstm","50","","5","true","Adam","1600","0.5","","","","","","","","","","","","","","","","false","/home/benedikt_nothhelfer/ba_upki_benedikt/projects/UpKi_BioMat_Ultra/results","false","fixedwindow","[""all""]","[""imu""]","[""baseline""]","[""ACCX"",""ACCY"",""ACCZ"",""GYROX"",""GYROY"",""GYROZ""]","[""arm_flex_r"",""arm_add_r"",""arm_rot_r"",""elbow_flex_r"",""pro_sup_r"",""wrist_flex_r"",""wrist_dev_r""]","[""arm_flex_r"",""arm_add_r"",""arm_rot_r"",""elbow_flex_r"",""pro_sup_r"",""wrist_flex_r"",""wrist_dev_r"",""arm_flex_l"",""arm_add_l"",""arm_rot_l"",""elbow_flex_l"",""pro_sup_l"",""wrist_flex_l"",""wrist_dev_l""]","[""1"",""2"",""3"",""4"",""5"",""6""]","[""AS"",""CB"",""EF"",""ER"",""OR""]","[""hand(1)"",""wrist(2)"",""Forearm(3)"",""Biceps(4)"",""Triceps(5)"",""Deltoid(6)""]","[""hand(1)"",""wrist(2)"",""Forearm(3)"",""Biceps(4)"",""Triceps(5)"",""Deltoid(6)""]","256","[""AS"",""CB"",""EF"",""ER"",""OR""]","[""N"",""90"",""180"",""M""]","[""F"",""N"",""S"",""VF"",""90"",""180"",""M""]","[""subject_13""]","[""AS"",""CB"",""EF"",""ER"",""OR""]","[""N"",""90"",""180"",""M""]","[""F"",""N"",""S"",""VF"",""90"",""180"",""M""]","[""subject_1"",""subject_2"",""subject_3"",""subject_4"",""subject_5"",""subject_6"",""subject_7"",""subject_8"",""subject_9"",""subject_10"",""subject_11"",""subject_12""]","[""fc1"",""fc2_1"",""fc2_2"",""fc2_3""]","lopo","256","128","0.5","16","3","0.5","false","false","13","19.39498032418459","33.37702911191301","29.923531454479825","27.229129164574044","20.3510916430444","17.41915112592007","8.419013534236793","6.694806786002468","15.54130163061904","23.00886861201241","26.76063275035966","25.30760389040909","20.170861145872784","8.024932201188575","12.626842301061336","18.777291790217557","2.6914668546534224","2.084922575094025","6.400809444716434","5.604879795375766","4.141893311261405","6.331432097956234","2.739063724380795","4.72856168504272"
"bilstm_13.04","finished","-","","","2026-04-13T04:00:04.000Z","3617","bb8s8dt8","16","0.5","128","2","false","by_var","StandardScaler","All_subjects_data.h5","/home/benedikt_nothhelfer/data_share/ULTra-MoCap/ULTra-MoCap-processed/","cuda","ultramocap_dataset.p","/home/benedikt_nothhelfer/data_share/ULTra-MoCap/","[""ACCX"",""ACCY"",""ACCZ"",""GYROX"",""GYROY"",""GYROZ""]","true","[""1"",""2"",""3"",""4"",""5"",""6""]","false","0.001","true","0.00001","false","[""subject_1"",""subject_2"",""subject_3"",""subject_4"",""subject_5"",""subject_6"",""subject_7"",""subject_8"",""subject_9"",""subject_10"",""subject_11"",""subject_12"",""subject_13""]","MSE","[1,1,1,1,1,1,1]","","","","bilstm","100","","5","true","Adam","1600","0.5","","","","","","","","","","","","","","","","false","/home/benedikt_nothhelfer/ba_upki_benedikt/projects/UpKi_BioMat_Ultra/results","false","fixedwindow","[""all""]","[""imu""]","[""baseline""]","[""ACCX"",""ACCY"",""ACCZ"",""GYROX"",""GYROY"",""GYROZ""]","[""arm_flex_r"",""arm_add_r"",""arm_rot_r"",""elbow_flex_r"",""pro_sup_r"",""wrist_flex_r"",""wrist_dev_r""]","[""arm_flex_r"",""arm_add_r"",""arm_rot_r"",""elbow_flex_r"",""pro_sup_r"",""wrist_flex_r"",""wrist_dev_r"",""arm_flex_l"",""arm_add_l"",""arm_rot_l"",""elbow_flex_l"",""pro_sup_l"",""wrist_flex_l"",""wrist_dev_l""]","[""1"",""2"",""3"",""4"",""5"",""6""]","[""AS"",""CB"",""EF"",""ER"",""OR""]","[""hand(1)"",""wrist(2)"",""Forearm(3)"",""Biceps(4)"",""Triceps(5)"",""Deltoid(6)""]","[""hand(1)"",""wrist(2)"",""Forearm(3)"",""Biceps(4)"",""Triceps(5)"",""Deltoid(6)""]","256","[""AS"",""CB"",""EF"",""ER"",""OR""]","[""N"",""90"",""180"",""M""]","[""F"",""N"",""S"",""VF"",""90"",""180"",""M""]","[""subject_13""]","[""AS"",""CB"",""EF"",""ER"",""OR""]","[""N"",""90"",""180"",""M""]","[""F"",""N"",""S"",""VF"",""90"",""180"",""M""]","[""subject_1"",""subject_2"",""subject_3"",""subject_4"",""subject_5"",""subject_6"",""subject_7"",""subject_8"",""subject_9"",""subject_10"",""subject_11"",""subject_12""]","[""fc1"",""fc2_1"",""fc2_2"",""fc2_3""]","lopo","256","128","0.5","16","3","0.5","false","false","13","14.927167306341374","34.2133455834525","25.87694889575844","13.556248670806768","17.35769613941218","15.61811415060341","9.303662218677966","8.008386150244803","12.589411783567355","21.60994726758225","26.193246119004193","16.157878547676717","18.4389123110628","8.435879326232246","12.739315159567091","16.594941502098948","2.1035766136549108","2.9614605839082055","5.410398978873514","5.838542773665187","3.934212709133152","5.286591087489205","2.599900513363752","3.6584870890007615"
"bilstm_13.04","finished","-","","","2026-04-13T03:25:41.000Z","2060","bb8s8dt8","16","0.5","128","3","false","by_var","StandardScaler","All_subjects_data.h5","/home/benedikt_nothhelfer/data_share/ULTra-MoCap/ULTra-MoCap-processed/","cuda","ultramocap_dataset.p","/home/benedikt_nothhelfer/data_share/ULTra-MoCap/","[""ACCX"",""ACCY"",""ACCZ"",""GYROX"",""GYROY"",""GYROZ""]","true","[""1"",""2"",""3"",""4"",""5"",""6""]","false","0.0001","true","0.0001","false","[""subject_1"",""subject_2"",""subject_3"",""subject_4"",""subject_5"",""subject_6"",""subject_7"",""subject_8"",""subject_9"",""subject_10"",""subject_11"",""subject_12"",""subject_13""]","MSE","[1,1,1,1,1,1,1]","","","","bilstm","50","","5","true","Adam","1600","0.5","","","","","","","","","","","","","","","","false","/home/benedikt_nothhelfer/ba_upki_benedikt/projects/UpKi_BioMat_Ultra/results","false","fixedwindow","[""all""]","[""imu""]","[""baseline""]","[""ACCX"",""ACCY"",""ACCZ"",""GYROX"",""GYROY"",""GYROZ""]","[""arm_flex_r"",""arm_add_r"",""arm_rot_r"",""elbow_flex_r"",""pro_sup_r"",""wrist_flex_r"",""wrist_dev_r""]","[""arm_flex_r"",""arm_add_r"",""arm_rot_r"",""elbow_flex_r"",""pro_sup_r"",""wrist_flex_r"",""wrist_dev_r"",""arm_flex_l"",""arm_add_l"",""arm_rot_l"",""elbow_flex_l"",""pro_sup_l"",""wrist_flex_l"",""wrist_dev_l""]","[""1"",""2"",""3"",""4"",""5"",""6""]","[""AS"",""CB"",""EF"",""ER"",""OR""]","[""hand(1)"",""wrist(2)"",""Forearm(3)"",""Biceps(4)"",""Triceps(5)"",""Deltoid(6)""]","[""hand(1)"",""wrist(2)"",""Forearm(3)"",""Biceps(4)"",""Triceps(5)"",""Deltoid(6)""]","256","[""AS"",""CB"",""EF"",""ER"",""OR""]","[""N"",""90"",""180"",""M""]","[""F"",""N"",""S"",""VF"",""90"",""180"",""M""]","[""subject_13""]","[""AS"",""CB"",""EF"",""ER"",""OR""]","[""N"",""90"",""180"",""M""]","[""F"",""N"",""S"",""VF"",""90"",""180"",""M""]","[""subject_1"",""subject_2"",""subject_3"",""subject_4"",""subject_5"",""subject_6"",""subject_7"",""subject_8"",""subject_9"",""subject_10"",""subject_11"",""subject_12""]","[""fc1"",""fc2_1"",""fc2_2"",""fc2_3""]","lopo","256","128","0.5","16","3","0.5","false","false","13","13.743969723852292","28.708130333050168","26.660415892435015","12.178224508749135","16.382726417163802","15.744127288969247","9.388035132815263","8.256182040275496","12.17940826636733","20.33894343355851","25.22443041554556","14.749483492412724","17.68060531387568","9.457374958062518","12.885096393538747","16.07362032476587","2.2887317732913233","3.297943106427068","6.170631022136722","6.491954367197534","3.879283312111915","5.328162172414242","2.756871531043493","4.228888487887363"
"bilstm_13.04","finished","-","","","2026-04-13T02:54:56.000Z","1843","bb8s8dt8","16","0.1","64","2","false","by_var","StandardScaler","All_subjects_data.h5","/home/benedikt_nothhelfer/data_share/ULTra-MoCap/ULTra-MoCap-processed/","cuda","ultramocap_dataset.p","/home/benedikt_nothhelfer/data_share/ULTra-MoCap/","[""ACCX"",""ACCY"",""ACCZ"",""GYROX"",""GYROY"",""GYROZ""]","true","[""1"",""2"",""3"",""4"",""5"",""6""]","false","0.0001","true","0.00001","false","[""subject_1"",""subject_2"",""subject_3"",""subject_4"",""subject_5"",""subject_6"",""subject_7"",""subject_8"",""subject_9"",""subject_10"",""subject_11"",""subject_12"",""subject_13""]","MSE","[1,1,1,1,1,1,1]","","","","bilstm","100","","5","true","Adam","1600","0.5","","","","","","","","","","","","","","","","false","/home/benedikt_nothhelfer/ba_upki_benedikt/projects/UpKi_BioMat_Ultra/results","false","fixedwindow","[""all""]","[""imu""]","[""baseline""]","[""ACCX"",""ACCY"",""ACCZ"",""GYROX"",""GYROY"",""GYROZ""]","[""arm_flex_r"",""arm_add_r"",""arm_rot_r"",""elbow_flex_r"",""pro_sup_r"",""wrist_flex_r"",""wrist_dev_r""]","[""arm_flex_r"",""arm_add_r"",""arm_rot_r"",""elbow_flex_r"",""pro_sup_r"",""wrist_flex_r"",""wrist_dev_r"",""arm_flex_l"",""arm_add_l"",""arm_rot_l"",""elbow_flex_l"",""pro_sup_l"",""wrist_flex_l"",""wrist_dev_l""]","[""1"",""2"",""3"",""4"",""5"",""6""]","[""AS"",""CB"",""EF"",""ER"",""OR""]","[""hand(1)"",""wrist(2)"",""Forearm(3)"",""Biceps(4)"",""Triceps(5)"",""Deltoid(6)""]","[""hand(1)"",""wrist(2)"",""Forearm(3)"",""Biceps(4)"",""Triceps(5)"",""Deltoid(6)""]","256","[""AS"",""CB"",""EF"",""ER"",""OR""]","[""N"",""90"",""180"",""M""]","[""F"",""N"",""S"",""VF"",""90"",""180"",""M""]","[""subject_13""]","[""AS"",""CB"",""EF"",""ER"",""OR""]","[""N"",""90"",""180"",""M""]","[""F"",""N"",""S"",""VF"",""90"",""180"",""M""]","[""subject_1"",""subject_2"",""subject_3"",""subject_4"",""subject_5"",""subject_6"",""subject_7"",""subject_8"",""subject_9"",""subject_10"",""subject_11"",""subject_12""]","[""fc1"",""fc2_1"",""fc2_2"",""fc2_3""]","lopo","256","128","0.5","16","3","0.5","false","false","13","15.73573861351205","30.555379822846295","25.957000097999945","15.951865703817225","17.245691639302837","15.701316515481064","9.143327302731857","7.675213418731397","13.009272089371477","21.806613552784604","27.221233501111293","16.339716693020783","18.351929325431165","8.77905805153912","12.453139561321866","16.85156611065433","2.0158707249927685","3.081037370693989","4.45151438370187","6.0776883004961375","3.753792687288877","5.900212759871326","2.311046402242539","3.7809803365366927"
"bilstm_13.04","finished","-","","","2026-04-13T01:54:13.000Z","3641","bb8s8dt8","16","0.5","128","2","false","by_var","StandardScaler","All_subjects_data.h5","/home/benedikt_nothhelfer/data_share/ULTra-MoCap/ULTra-MoCap-processed/","cuda","ultramocap_dataset.p","/home/benedikt_nothhelfer/data_share/ULTra-MoCap/","[""ACCX"",""ACCY"",""ACCZ"",""GYROX"",""GYROY"",""GYROZ""]","true","[""1"",""2"",""3"",""4"",""5"",""6""]","false","0.01","true","0.00001","false","[""subject_1"",""subject_2"",""subject_3"",""subject_4"",""subject_5"",""subject_6"",""subject_7"",""subject_8"",""subject_9"",""subject_10"",""subject_11"",""subject_12"",""subject_13""]","MSE","[1,1,1,1,1,1,1]","","","","bilstm","100","","5","true","Adam","1600","0.5","","","","","","","","","","","","","","","","false","/home/benedikt_nothhelfer/ba_upki_benedikt/projects/UpKi_BioMat_Ultra/results","false","fixedwindow","[""all""]","[""imu""]","[""baseline""]","[""ACCX"",""ACCY"",""ACCZ"",""GYROX"",""GYROY"",""GYROZ""]","[""arm_flex_r"",""arm_add_r"",""arm_rot_r"",""elbow_flex_r"",""pro_sup_r"",""wrist_flex_r"",""wrist_dev_r""]","[""arm_flex_r"",""arm_add_r"",""arm_rot_r"",""elbow_flex_r"",""pro_sup_r"",""wrist_flex_r"",""wrist_dev_r"",""arm_flex_l"",""arm_add_l"",""arm_rot_l"",""elbow_flex_l"",""pro_sup_l"",""wrist_flex_l"",""wrist_dev_l""]","[""1"",""2"",""3"",""4"",""5"",""6""]","[""AS"",""CB"",""EF"",""ER"",""OR""]","[""hand(1)"",""wrist(2)"",""Forearm(3)"",""Biceps(4)"",""Triceps(5)"",""Deltoid(6)""]","[""hand(1)"",""wrist(2)"",""Forearm(3)"",""Biceps(4)"",""Triceps(5)"",""Deltoid(6)""]","256","[""AS"",""CB"",""EF"",""ER"",""OR""]","[""N"",""90"",""180"",""M""]","[""F"",""N"",""S"",""VF"",""90"",""180"",""M""]","[""subject_13""]","[""AS"",""CB"",""EF"",""ER"",""OR""]","[""N"",""90"",""180"",""M""]","[""F"",""N"",""S"",""VF"",""90"",""180"",""M""]","[""subject_1"",""subject_2"",""subject_3"",""subject_4"",""subject_5"",""subject_6"",""subject_7"",""subject_8"",""subject_9"",""subject_10"",""subject_11"",""subject_12""]","[""fc1"",""fc2_1"",""fc2_2"",""fc2_3""]","lopo","256","128","0.5","16","3","0.5","false","false","13","14.703191143223568","33.34886669663522","26.26328381829349","13.53491826047985","17.51745732092559","17.056356358085047","9.653846994163205","8.061737975598742","12.726407632898336","21.460331109405143","25.802937865301693","16.184658679351962","18.778395138795723","8.484434050520608","12.57253882596742","16.572814757462982","2.1805661928483144","2.9153868626172295","5.123593476578221","5.836369881750905","4.084345355329833","5.955565301519115","2.732649914013084","3.8099495532526633"
"bilstm_13.04","finished","-","","","2026-04-13T01:21:49.000Z","1942","bb8s8dt8","32","0.5","128","2","false","by_var","StandardScaler","All_subjects_data.h5","/home/benedikt_nothhelfer/data_share/ULTra-MoCap/ULTra-MoCap-processed/","cuda","ultramocap_dataset.p","/home/benedikt_nothhelfer/data_share/ULTra-MoCap/","[""ACCX"",""ACCY"",""ACCZ"",""GYROX"",""GYROY"",""GYROZ""]","true","[""1"",""2"",""3"",""4"",""5"",""6""]","false","0.001","true","0.0001","false","[""subject_1"",""subject_2"",""subject_3"",""subject_4"",""subject_5"",""subject_6"",""subject_7"",""subject_8"",""subject_9"",""subject_10"",""subject_11"",""subject_12"",""subject_13""]","MSE","[1,1,1,1,1,1,1]","","","","bilstm","100","","5","true","Adam","1600","0.5","","","","","","","","","","","","","","","","false","/home/benedikt_nothhelfer/ba_upki_benedikt/projects/UpKi_BioMat_Ultra/results","false","fixedwindow","[""all""]","[""imu""]","[""baseline""]","[""ACCX"",""ACCY"",""ACCZ"",""GYROX"",""GYROY"",""GYROZ""]","[""arm_flex_r"",""arm_add_r"",""arm_rot_r"",""elbow_flex_r"",""pro_sup_r"",""wrist_flex_r"",""wrist_dev_r""]","[""arm_flex_r"",""arm_add_r"",""arm_rot_r"",""elbow_flex_r"",""pro_sup_r"",""wrist_flex_r"",""wrist_dev_r"",""arm_flex_l"",""arm_add_l"",""arm_rot_l"",""elbow_flex_l"",""pro_sup_l"",""wrist_flex_l"",""wrist_dev_l""]","[""1"",""2"",""3"",""4"",""5"",""6""]","[""AS"",""CB"",""EF"",""ER"",""OR""]","[""hand(1)"",""wrist(2)"",""Forearm(3)"",""Biceps(4)"",""Triceps(5)"",""Deltoid(6)""]","[""hand(1)"",""wrist(2)"",""Forearm(3)"",""Biceps(4)"",""Triceps(5)"",""Deltoid(6)""]","256","[""AS"",""CB"",""EF"",""ER"",""OR""]","[""N"",""90"",""180"",""M""]","[""F"",""N"",""S"",""VF"",""90"",""180"",""M""]","[""subject_13""]","[""AS"",""CB"",""EF"",""ER"",""OR""]","[""N"",""90"",""180"",""M""]","[""F"",""N"",""S"",""VF"",""90"",""180"",""M""]","[""subject_1"",""subject_2"",""subject_3"",""subject_4"",""subject_5"",""subject_6"",""subject_7"",""subject_8"",""subject_9"",""subject_10"",""subject_11"",""subject_12""]","[""fc1"",""fc2_1"",""fc2_2"",""fc2_3""]","lopo","256","128","0.5","16","3","0.5","false","false","13","11.771080460818732","26.158238708987124","22.8216657845935","12.597625390481433","14.561512972766923","11.60313304136746","7.560648738201834","9.41819868491839","11.883730276132356","20.89473156644799","25.08405283543628","14.756853501826388","17.377919130455957","8.95515348487159","13.509384553050662","16.06597504974589","2.373534398401111","3.198167536555212","5.433558328495847","6.415660788107353","4.289454867223417","5.332630015335061","3.0229615432709513","4.237585642211105"
"bilstm_13.04","finished","-","","","2026-04-13T01:11:38.000Z","606","bb8s8dt8","32","0.3","64","4","false","by_var","StandardScaler","All_subjects_data.h5","/home/benedikt_nothhelfer/data_share/ULTra-MoCap/ULTra-MoCap-processed/","cuda","ultramocap_dataset.p","/home/benedikt_nothhelfer/data_share/ULTra-MoCap/","[""ACCX"",""ACCY"",""ACCZ"",""GYROX"",""GYROY"",""GYROZ""]","true","[""1"",""2"",""3"",""4"",""5"",""6""]","false","0.01","true","0.0001","false","[""subject_1"",""subject_2"",""subject_3"",""subject_4"",""subject_5"",""subject_6"",""subject_7"",""subject_8"",""subject_9"",""subject_10"",""subject_11"",""subject_12"",""subject_13""]","MSE","[1,1,1,1,1,1,1]","","","","bilstm","50","","5","true","Adam","1600","0.5","","","","","","","","","","","","","","","","false","/home/benedikt_nothhelfer/ba_upki_benedikt/projects/UpKi_BioMat_Ultra/results","false","fixedwindow","[""all""]","[""imu""]","[""baseline""]","[""ACCX"",""ACCY"",""ACCZ"",""GYROX"",""GYROY"",""GYROZ""]","[""arm_flex_r"",""arm_add_r"",""arm_rot_r"",""elbow_flex_r"",""pro_sup_r"",""wrist_flex_r"",""wrist_dev_r""]","[""arm_flex_r"",""arm_add_r"",""arm_rot_r"",""elbow_flex_r"",""pro_sup_r"",""wrist_flex_r"",""wrist_dev_r"",""arm_flex_l"",""arm_add_l"",""arm_rot_l"",""elbow_flex_l"",""pro_sup_l"",""wrist_flex_l"",""wrist_dev_l""]","[""1"",""2"",""3"",""4"",""5"",""6""]","[""AS"",""CB"",""EF"",""ER"",""OR""]","[""hand(1)"",""wrist(2)"",""Forearm(3)"",""Biceps(4)"",""Triceps(5)"",""Deltoid(6)""]","[""hand(1)"",""wrist(2)"",""Forearm(3)"",""Biceps(4)"",""Triceps(5)"",""Deltoid(6)""]","256","[""AS"",""CB"",""EF"",""ER"",""OR""]","[""N"",""90"",""180"",""M""]","[""F"",""N"",""S"",""VF"",""90"",""180"",""M""]","[""subject_13""]","[""AS"",""CB"",""EF"",""ER"",""OR""]","[""N"",""90"",""180"",""M""]","[""F"",""N"",""S"",""VF"",""90"",""180"",""M""]","[""subject_1"",""subject_2"",""subject_3"",""subject_4"",""subject_5"",""subject_6"",""subject_7"",""subject_8"",""subject_9"",""subject_10"",""subject_11"",""subject_12""]","[""fc1"",""fc2_1"",""fc2_2"",""fc2_3""]","lopo","256","128","0.5","16","3","0.5","false","false","13","16.81590138699013","28.80653096120476","26.21449163199286","15.74743169419549","18.94721475871174","24.167189555835776","11.788762135260258","9.090195945502924","12.598915120821683","21.768015162739974","26.04570331611652","15.77959665544604","19.428130294395597","9.236318361216066","13.710145626063165","16.938117790971294","2.5820728672022084","3.3498885532652536","4.875144510560624","6.269343799444835","3.1126201335706027","5.878151541256372","2.879087025376627","4.158206931417395"
"bilstm_13.04","finished","-","","","2026-04-12T23:40:57.000Z","5439","bb8s8dt8","16","0.5","128","4","false","by_var","StandardScaler","All_subjects_data.h5","/home/benedikt_nothhelfer/data_share/ULTra-MoCap/ULTra-MoCap-processed/","cuda","ultramocap_dataset.p","/home/benedikt_nothhelfer/data_share/ULTra-MoCap/","[""ACCX"",""ACCY"",""ACCZ"",""GYROX"",""GYROY"",""GYROZ""]","true","[""1"",""2"",""3"",""4"",""5"",""6""]","false","0.01","true","0.0001","false","[""subject_1"",""subject_2"",""subject_3"",""subject_4"",""subject_5"",""subject_6"",""subject_7"",""subject_8"",""subject_9"",""subject_10"",""subject_11"",""subject_12"",""subject_13""]","MSE","[1,1,1,1,1,1,1]","","","","bilstm","100","","5","true","Adam","1600","0.5","","","","","","","","","","","","","","","","false","/home/benedikt_nothhelfer/ba_upki_benedikt/projects/UpKi_BioMat_Ultra/results","false","fixedwindow","[""all""]","[""imu""]","[""baseline""]","[""ACCX"",""ACCY"",""ACCZ"",""GYROX"",""GYROY"",""GYROZ""]","[""arm_flex_r"",""arm_add_r"",""arm_rot_r"",""elbow_flex_r"",""pro_sup_r"",""wrist_flex_r"",""wrist_dev_r""]","[""arm_flex_r"",""arm_add_r"",""arm_rot_r"",""elbow_flex_r"",""pro_sup_r"",""wrist_flex_r"",""wrist_dev_r"",""arm_flex_l"",""arm_add_l"",""arm_rot_l"",""elbow_flex_l"",""pro_sup_l"",""wrist_flex_l"",""wrist_dev_l""]","[""1"",""2"",""3"",""4"",""5"",""6""]","[""AS"",""CB"",""EF"",""ER"",""OR""]","[""hand(1)"",""wrist(2)"",""Forearm(3)"",""Biceps(4)"",""Triceps(5)"",""Deltoid(6)""]","[""hand(1)"",""wrist(2)"",""Forearm(3)"",""Biceps(4)"",""Triceps(5)"",""Deltoid(6)""]","256","[""AS"",""CB"",""EF"",""ER"",""OR""]","[""N"",""90"",""180"",""M""]","[""F"",""N"",""S"",""VF"",""90"",""180"",""M""]","[""subject_13""]","[""AS"",""CB"",""EF"",""ER"",""OR""]","[""N"",""90"",""180"",""M""]","[""F"",""N"",""S"",""VF"",""90"",""180"",""M""]","[""subject_1"",""subject_2"",""subject_3"",""subject_4"",""subject_5"",""subject_6"",""subject_7"",""subject_8"",""subject_9"",""subject_10"",""subject_11"",""subject_12""]","[""fc1"",""fc2_1"",""fc2_2"",""fc2_3""]","lopo","256","128","0.5","16","3","0.5","false","false","13","13.724402372905644","23.836382924437185","25.530988272286596","11.838779350289483","15.560206270022247","17.281047104736835","8.920439438897326","7.789404426602664","11.28307228411961","20.298050563965464","24.573627774430545","14.79686780471678","18.30090099090665","8.997127240084511","13.121439324733611","15.910155140422454","2.482509747222748","3.375649300881711","5.8437500833217495","6.491532242355988","4.373212240833619","6.008547510703238","2.8042283828287857","3.802880732604957"
"bilstm_13.04","finished","-","","","2026-04-12T22:44:16.000Z","3396","bb8s8dt8","16","0.1","128","4","false","by_var","StandardScaler","All_subjects_data.h5","/home/benedikt_nothhelfer/data_share/ULTra-MoCap/ULTra-MoCap-processed/","cuda","ultramocap_dataset.p","/home/benedikt_nothhelfer/data_share/ULTra-MoCap/","[""ACCX"",""ACCY"",""ACCZ"",""GYROX"",""GYROY"",""GYROZ""]","true","[""1"",""2"",""3"",""4"",""5"",""6""]","false","0.01","true","0.0001","false","[""subject_1"",""subject_2"",""subject_3"",""subject_4"",""subject_5"",""subject_6"",""subject_7"",""subject_8"",""subject_9"",""subject_10"",""subject_11"",""subject_12"",""subject_13""]","MSE","[1,1,1,1,1,1,1]","","","","bilstm","50","","5","true","Adam","1600","0.5","","","","","","","","","","","","","","","","false","/home/benedikt_nothhelfer/ba_upki_benedikt/projects/UpKi_BioMat_Ultra/results","false","fixedwindow","[""all""]","[""imu""]","[""baseline""]","[""ACCX"",""ACCY"",""ACCZ"",""GYROX"",""GYROY"",""GYROZ""]","[""arm_flex_r"",""arm_add_r"",""arm_rot_r"",""elbow_flex_r"",""pro_sup_r"",""wrist_flex_r"",""wrist_dev_r""]","[""arm_flex_r"",""arm_add_r"",""arm_rot_r"",""elbow_flex_r"",""pro_sup_r"",""wrist_flex_r"",""wrist_dev_r"",""arm_flex_l"",""arm_add_l"",""arm_rot_l"",""elbow_flex_l"",""pro_sup_l"",""wrist_flex_l"",""wrist_dev_l""]","[""1"",""2"",""3"",""4"",""5"",""6""]","[""AS"",""CB"",""EF"",""ER"",""OR""]","[""hand(1)"",""wrist(2)"",""Forearm(3)"",""Biceps(4)"",""Triceps(5)"",""Deltoid(6)""]","[""hand(1)"",""wrist(2)"",""Forearm(3)"",""Biceps(4)"",""Triceps(5)"",""Deltoid(6)""]","256","[""AS"",""CB"",""EF"",""ER"",""OR""]","[""N"",""90"",""180"",""M""]","[""F"",""N"",""S"",""VF"",""90"",""180"",""M""]","[""subject_13""]","[""AS"",""CB"",""EF"",""ER"",""OR""]","[""N"",""90"",""180"",""M""]","[""F"",""N"",""S"",""VF"",""90"",""180"",""M""]","[""subject_1"",""subject_2"",""subject_3"",""subject_4"",""subject_5"",""subject_6"",""subject_7"",""subject_8"",""subject_9"",""subject_10"",""subject_11"",""subject_12""]","[""fc1"",""fc2_1"",""fc2_2"",""fc2_3""]","lopo","256","128","0.5","16","3","0.5","false","false","13","14.709754778921472","30.10266649382183","26.20131173191988","14.466286848018882","17.66516561241908","19.351070392359993","10.482746004995793","8.34232303689573","12.037543686335654","21.706290687648035","25.159450818603226","15.568152913695933","18.848621548614823","9.289348474625246","13.014409168927074","16.517688185492858","2.4010298569805997","3.309462953286219","5.789429497117011","5.615129913388913","5.230687582154757","5.50184799631617","2.924501233881262","3.4420086882084138"
"bilstm_12.04","finished","-","","","2026-04-12T21:15:09.000Z","5345","bb8s8dt8","16","0.3","128","2","false","by_var","StandardScaler","All_subjects_data.h5","/home/benedikt_nothhelfer/data_share/ULTra-MoCap/ULTra-MoCap-processed/","cuda","ultramocap_dataset.p","/home/benedikt_nothhelfer/data_share/ULTra-MoCap/","[""ACCX"",""ACCY"",""ACCZ"",""GYROX"",""GYROY"",""GYROZ""]","true","[""1"",""2"",""3"",""4"",""5"",""6""]","false","0.0001","true","0.0001","false","[""subject_1"",""subject_2"",""subject_3"",""subject_4"",""subject_5"",""subject_6"",""subject_7"",""subject_8"",""subject_9"",""subject_10"",""subject_11"",""subject_12"",""subject_13""]","MSE","[1,1,1,1,1,1,1]","","","","bilstm","100","","5","true","Adam","1600","0.5","","","","","","","","","","","","","","","","false","/home/benedikt_nothhelfer/ba_upki_benedikt/projects/UpKi_BioMat_Ultra/results","false","fixedwindow","[""all""]","[""imu""]","[""baseline""]","[""ACCX"",""ACCY"",""ACCZ"",""GYROX"",""GYROY"",""GYROZ""]","[""arm_flex_r"",""arm_add_r"",""arm_rot_r"",""elbow_flex_r"",""pro_sup_r"",""wrist_flex_r"",""wrist_dev_r""]","[""arm_flex_r"",""arm_add_r"",""arm_rot_r"",""elbow_flex_r"",""pro_sup_r"",""wrist_flex_r"",""wrist_dev_r"",""arm_flex_l"",""arm_add_l"",""arm_rot_l"",""elbow_flex_l"",""pro_sup_l"",""wrist_flex_l"",""wrist_dev_l""]","[""1"",""2"",""3"",""4"",""5"",""6""]","[""AS"",""CB"",""EF"",""ER"",""OR""]","[""hand(1)"",""wrist(2)"",""Forearm(3)"",""Biceps(4)"",""Triceps(5)"",""Deltoid(6)""]","[""hand(1)"",""wrist(2)"",""Forearm(3)"",""Biceps(4)"",""Triceps(5)"",""Deltoid(6)""]","256","[""AS"",""CB"",""EF"",""ER"",""OR""]","[""N"",""90"",""180"",""M""]","[""F"",""N"",""S"",""VF"",""90"",""180"",""M""]","[""subject_13""]","[""AS"",""CB"",""EF"",""ER"",""OR""]","[""N"",""90"",""180"",""M""]","[""F"",""N"",""S"",""VF"",""90"",""180"",""M""]","[""subject_1"",""subject_2"",""subject_3"",""subject_4"",""subject_5"",""subject_6"",""subject_7"",""subject_8"",""subject_9"",""subject_10"",""subject_11"",""subject_12""]","[""fc1"",""fc2_1"",""fc2_2"",""fc2_3""]","lopo","256","128","0.5","16","3","0.5","false","false","13","11.559622069001753","26.668695951802317","23.626205250883704","12.589510909519822","15.23683206690774","13.273231248354074","8.668395665079695","10.272163373712818","12.032653071619404","20.185180242628213","24.30705939183645","14.644384062027656","17.195812923609367","8.975561665007753","13.350276103733735","15.812989637208942","2.42729266426706","3.382265833675495","5.738830462484204","6.492177222949462","4.675840716650805","5.702938834771228","2.7684876869311927","4.234239265355434"
"bilstm_12.04","finished","-","","","2026-04-12T20:45:31.000Z","1775","bb8s8dt8","32","0.1","128","3","false","by_var","StandardScaler","All_subjects_data.h5","/home/benedikt_nothhelfer/data_share/ULTra-MoCap/ULTra-MoCap-processed/","cuda","ultramocap_dataset.p","/home/benedikt_nothhelfer/data_share/ULTra-MoCap/","[""ACCX"",""ACCY"",""ACCZ"",""GYROX"",""GYROY"",""GYROZ""]","true","[""1"",""2"",""3"",""4"",""5"",""6""]","false","0.01","true","0.00001","false","[""subject_1"",""subject_2"",""subject_3"",""subject_4"",""subject_5"",""subject_6"",""subject_7"",""subject_8"",""subject_9"",""subject_10"",""subject_11"",""subject_12"",""subject_13""]","MSE","[1,1,1,1,1,1,1]","","","","bilstm","50","","5","true","Adam","1600","0.5","","","","","","","","","","","","","","","","false","/home/benedikt_nothhelfer/ba_upki_benedikt/projects/UpKi_BioMat_Ultra/results","false","fixedwindow","[""all""]","[""imu""]","[""baseline""]","[""ACCX"",""ACCY"",""ACCZ"",""GYROX"",""GYROY"",""GYROZ""]","[""arm_flex_r"",""arm_add_r"",""arm_rot_r"",""elbow_flex_r"",""pro_sup_r"",""wrist_flex_r"",""wrist_dev_r""]","[""arm_flex_r"",""arm_add_r"",""arm_rot_r"",""elbow_flex_r"",""pro_sup_r"",""wrist_flex_r"",""wrist_dev_r"",""arm_flex_l"",""arm_add_l"",""arm_rot_l"",""elbow_flex_l"",""pro_sup_l"",""wrist_flex_l"",""wrist_dev_l""]","[""1"",""2"",""3"",""4"",""5"",""6""]","[""AS"",""CB"",""EF"",""ER"",""OR""]","[""hand(1)"",""wrist(2)"",""Forearm(3)"",""Biceps(4)"",""Triceps(5)"",""Deltoid(6)""]","[""hand(1)"",""wrist(2)"",""Forearm(3)"",""Biceps(4)"",""Triceps(5)"",""Deltoid(6)""]","256","[""AS"",""CB"",""EF"",""ER"",""OR""]","[""N"",""90"",""180"",""M""]","[""F"",""N"",""S"",""VF"",""90"",""180"",""M""]","[""subject_13""]","[""AS"",""CB"",""EF"",""ER"",""OR""]","[""N"",""90"",""180"",""M""]","[""F"",""N"",""S"",""VF"",""90"",""180"",""M""]","[""subject_1"",""subject_2"",""subject_3"",""subject_4"",""subject_5"",""subject_6"",""subject_7"",""subject_8"",""subject_9"",""subject_10"",""subject_11"",""subject_12""]","[""fc1"",""fc2_1"",""fc2_2"",""fc2_3""]","lopo","256","128","0.5","16","3","0.5","false","false","13","16.718497984621685","31.314032785074023","25.57276293241488","21.13269257662609","18.38395501167767","18.286146787785132","9.1290897904582","6.534462224763689","14.919176153587564","21.571026372604106","23.893932827170957","21.66906069593066","19.55689533758108","8.055929300412323","12.094134471495492","17.394307879826023","2.346449351270029","2.16977071205633","5.068108540761743","5.833623805697129","3.726707310563634","8.232588307534495","2.505197656763769","4.626447457377556"
"bilstm_12.04","finished","-","","","2026-04-12T20:27:14.000Z","1095","bb8s8dt8","32","0.5","64","4","false","by_var","StandardScaler","All_subjects_data.h5","/home/benedikt_nothhelfer/data_share/ULTra-MoCap/ULTra-MoCap-processed/","cuda","ultramocap_dataset.p","/home/benedikt_nothhelfer/data_share/ULTra-MoCap/","[""ACCX"",""ACCY"",""ACCZ"",""GYROX"",""GYROY"",""GYROZ""]","true","[""1"",""2"",""3"",""4"",""5"",""6""]","false","0.001","true","0.0001","false","[""subject_1"",""subject_2"",""subject_3"",""subject_4"",""subject_5"",""subject_6"",""subject_7"",""subject_8"",""subject_9"",""subject_10"",""subject_11"",""subject_12"",""subject_13""]","MSE","[1,1,1,1,1,1,1]","","","","bilstm","70","","5","true","Adam","1600","0.5","","","","","","","","","","","","","","","","false","/home/benedikt_nothhelfer/ba_upki_benedikt/projects/UpKi_BioMat_Ultra/results","false","fixedwindow","[""all""]","[""imu""]","[""baseline""]","[""ACCX"",""ACCY"",""ACCZ"",""GYROX"",""GYROY"",""GYROZ""]","[""arm_flex_r"",""arm_add_r"",""arm_rot_r"",""elbow_flex_r"",""pro_sup_r"",""wrist_flex_r"",""wrist_dev_r""]","[""arm_flex_r"",""arm_add_r"",""arm_rot_r"",""elbow_flex_r"",""pro_sup_r"",""wrist_flex_r"",""wrist_dev_r"",""arm_flex_l"",""arm_add_l"",""arm_rot_l"",""elbow_flex_l"",""pro_sup_l"",""wrist_flex_l"",""wrist_dev_l""]","[""1"",""2"",""3"",""4"",""5"",""6""]","[""AS"",""CB"",""EF"",""ER"",""OR""]","[""hand(1)"",""wrist(2)"",""Forearm(3)"",""Biceps(4)"",""Triceps(5)"",""Deltoid(6)""]","[""hand(1)"",""wrist(2)"",""Forearm(3)"",""Biceps(4)"",""Triceps(5)"",""Deltoid(6)""]","256","[""AS"",""CB"",""EF"",""ER"",""OR""]","[""N"",""90"",""180"",""M""]","[""F"",""N"",""S"",""VF"",""90"",""180"",""M""]","[""subject_13""]","[""AS"",""CB"",""EF"",""ER"",""OR""]","[""N"",""90"",""180"",""M""]","[""F"",""N"",""S"",""VF"",""90"",""180"",""M""]","[""subject_1"",""subject_2"",""subject_3"",""subject_4"",""subject_5"",""subject_6"",""subject_7"",""subject_8"",""subject_9"",""subject_10"",""subject_11"",""subject_12""]","[""fc1"",""fc2_1"",""fc2_2"",""fc2_3""]","lopo","256","128","0.5","16","3","0.5","false","false","13","14.470702237564936","26.937014964664325","27.17796474060084","14.639625389574434","18.367543915282308","24.41914253821752","11.061953614945182","9.866403921408928","11.908076638578905","21.483718712152623","24.98974359436449","15.798423478196558","19.31788772036588","8.910416206030579","13.299416810521276","16.529669022887187","2.5419329914955275","3.563231390512914","4.863236113318155","5.953549564466856","4.648044898603383","6.2070768892141555","2.434655893169251","3.5406391904651517"
"bilstm_12.04","finished","-","","","2026-04-12T19:40:58.000Z","2771","bb8s8dt8","16","0.5","64","4","false","by_var","StandardScaler","All_subjects_data.h5","/home/benedikt_nothhelfer/data_share/ULTra-MoCap/ULTra-MoCap-processed/","cuda","ultramocap_dataset.p","/home/benedikt_nothhelfer/data_share/ULTra-MoCap/","[""ACCX"",""ACCY"",""ACCZ"",""GYROX"",""GYROY"",""GYROZ""]","true","[""1"",""2"",""3"",""4"",""5"",""6""]","false","0.001","true","0.00001","false","[""subject_1"",""subject_2"",""subject_3"",""subject_4"",""subject_5"",""subject_6"",""subject_7"",""subject_8"",""subject_9"",""subject_10"",""subject_11"",""subject_12"",""subject_13""]","MSE","[1,1,1,1,1,1,1]","","","","bilstm","100","","5","true","Adam","1600","0.5","","","","","","","","","","","","","","","","false","/home/benedikt_nothhelfer/ba_upki_benedikt/projects/UpKi_BioMat_Ultra/results","false","fixedwindow","[""all""]","[""imu""]","[""baseline""]","[""ACCX"",""ACCY"",""ACCZ"",""GYROX"",""GYROY"",""GYROZ""]","[""arm_flex_r"",""arm_add_r"",""arm_rot_r"",""elbow_flex_r"",""pro_sup_r"",""wrist_flex_r"",""wrist_dev_r""]","[""arm_flex_r"",""arm_add_r"",""arm_rot_r"",""elbow_flex_r"",""pro_sup_r"",""wrist_flex_r"",""wrist_dev_r"",""arm_flex_l"",""arm_add_l"",""arm_rot_l"",""elbow_flex_l"",""pro_sup_l"",""wrist_flex_l"",""wrist_dev_l""]","[""1"",""2"",""3"",""4"",""5"",""6""]","[""AS"",""CB"",""EF"",""ER"",""OR""]","[""hand(1)"",""wrist(2)"",""Forearm(3)"",""Biceps(4)"",""Triceps(5)"",""Deltoid(6)""]","[""hand(1)"",""wrist(2)"",""Forearm(3)"",""Biceps(4)"",""Triceps(5)"",""Deltoid(6)""]","256","[""AS"",""CB"",""EF"",""ER"",""OR""]","[""N"",""90"",""180"",""M""]","[""F"",""N"",""S"",""VF"",""90"",""180"",""M""]","[""subject_13""]","[""AS"",""CB"",""EF"",""ER"",""OR""]","[""N"",""90"",""180"",""M""]","[""F"",""N"",""S"",""VF"",""90"",""180"",""M""]","[""subject_1"",""subject_2"",""subject_3"",""subject_4"",""subject_5"",""subject_6"",""subject_7"",""subject_8"",""subject_9"",""subject_10"",""subject_11"",""subject_12""]","[""fc1"",""fc2_1"",""fc2_2"",""fc2_3""]","lopo","256","128","0.5","16","3","0.5","false","false","13","16.21067255412172","26.69276137335512","25.12600871660096","15.412324190988798","16.901993276682685","18.982247869224096","10.145959184737688","5.743979047750396","13.890901643062412","21.54452793409089","23.598556381961437","19.05308658428855","18.351325132460456","7.963170384753086","11.968258820987831","16.62426098308638","2.1174572371105556","2.489236833092858","3.976877692001849","4.69130151465181","4.91187344796058","6.282311417181731","2.553653681959507","4.919777284323099"
"bilstm_12.04","finished","-","","","2026-04-12T19:21:45.000Z","1148","bb8s8dt8","32","0.1","64","4","false","by_var","StandardScaler","All_subjects_data.h5","/home/benedikt_nothhelfer/data_share/ULTra-MoCap/ULTra-MoCap-processed/","cuda","ultramocap_dataset.p","/home/benedikt_nothhelfer/data_share/ULTra-MoCap/","[""ACCX"",""ACCY"",""ACCZ"",""GYROX"",""GYROY"",""GYROZ""]","true","[""1"",""2"",""3"",""4"",""5"",""6""]","false","0.01","true","0.0001","false","[""subject_1"",""subject_2"",""subject_3"",""subject_4"",""subject_5"",""subject_6"",""subject_7"",""subject_8"",""subject_9"",""subject_10"",""subject_11"",""subject_12"",""subject_13""]","MSE","[1,1,1,1,1,1,1]","","","","bilstm","100","","5","true","Adam","1600","0.5","","","","","","","","","","","","","","","","false","/home/benedikt_nothhelfer/ba_upki_benedikt/projects/UpKi_BioMat_Ultra/results","false","fixedwindow","[""all""]","[""imu""]","[""baseline""]","[""ACCX"",""ACCY"",""ACCZ"",""GYROX"",""GYROY"",""GYROZ""]","[""arm_flex_r"",""arm_add_r"",""arm_rot_r"",""elbow_flex_r"",""pro_sup_r"",""wrist_flex_r"",""wrist_dev_r""]","[""arm_flex_r"",""arm_add_r"",""arm_rot_r"",""elbow_flex_r"",""pro_sup_r"",""wrist_flex_r"",""wrist_dev_r"",""arm_flex_l"",""arm_add_l"",""arm_rot_l"",""elbow_flex_l"",""pro_sup_l"",""wrist_flex_l"",""wrist_dev_l""]","[""1"",""2"",""3"",""4"",""5"",""6""]","[""AS"",""CB"",""EF"",""ER"",""OR""]","[""hand(1)"",""wrist(2)"",""Forearm(3)"",""Biceps(4)"",""Triceps(5)"",""Deltoid(6)""]","[""hand(1)"",""wrist(2)"",""Forearm(3)"",""Biceps(4)"",""Triceps(5)"",""Deltoid(6)""]","256","[""AS"",""CB"",""EF"",""ER"",""OR""]","[""N"",""90"",""180"",""M""]","[""F"",""N"",""S"",""VF"",""90"",""180"",""M""]","[""subject_13""]","[""AS"",""CB"",""EF"",""ER"",""OR""]","[""N"",""90"",""180"",""M""]","[""F"",""N"",""S"",""VF"",""90"",""180"",""M""]","[""subject_1"",""subject_2"",""subject_3"",""subject_4"",""subject_5"",""subject_6"",""subject_7"",""subject_8"",""subject_9"",""subject_10"",""subject_11"",""subject_12""]","[""fc1"",""fc2_1"",""fc2_2"",""fc2_3""]","lopo","256","128","0.5","16","3","0.5","false","false","13","13.818312361664772","28.11221404826366","26.83833614620629","15.03327293435694","17.6831679673103","21.04154911715665","10.88820296230497","8.050288201218823","12.521892302617095","21.930646841155024","24.733486843432978","16.54407205448893","18.64994295433934","8.683207488894256","13.192872520393063","16.608017286474382","2.3932489154913776","3.863441691078528","5.9779875277010674","4.329475069619257","4.566455732271337","4.408217419473322","2.8412956413844266","3.314490572720504"
"bilstm_12.04","finished","-","","","2026-04-12T19:12:20.000Z","561","bb8s8dt8","32","0.3","64","3","false","by_var","StandardScaler","All_subjects_data.h5","/home/benedikt_nothhelfer/data_share/ULTra-MoCap/ULTra-MoCap-processed/","cuda","ultramocap_dataset.p","/home/benedikt_nothhelfer/data_share/ULTra-MoCap/","[""ACCX"",""ACCY"",""ACCZ"",""GYROX"",""GYROY"",""GYROZ""]","true","[""1"",""2"",""3"",""4"",""5"",""6""]","false","0.01","true","0.00001","false","[""subject_1"",""subject_2"",""subject_3"",""subject_4"",""subject_5"",""subject_6"",""subject_7"",""subject_8"",""subject_9"",""subject_10"",""subject_11"",""subject_12"",""subject_13""]","MSE","[1,1,1,1,1,1,1]","","","","bilstm","50","","5","true","Adam","1600","0.5","","","","","","","","","","","","","","","","false","/home/benedikt_nothhelfer/ba_upki_benedikt/projects/UpKi_BioMat_Ultra/results","false","fixedwindow","[""all""]","[""imu""]","[""baseline""]","[""ACCX"",""ACCY"",""ACCZ"",""GYROX"",""GYROY"",""GYROZ""]","[""arm_flex_r"",""arm_add_r"",""arm_rot_r"",""elbow_flex_r"",""pro_sup_r"",""wrist_flex_r"",""wrist_dev_r""]","[""arm_flex_r"",""arm_add_r"",""arm_rot_r"",""elbow_flex_r"",""pro_sup_r"",""wrist_flex_r"",""wrist_dev_r"",""arm_flex_l"",""arm_add_l"",""arm_rot_l"",""elbow_flex_l"",""pro_sup_l"",""wrist_flex_l"",""wrist_dev_l""]","[""1"",""2"",""3"",""4"",""5"",""6""]","[""AS"",""CB"",""EF"",""ER"",""OR""]","[""hand(1)"",""wrist(2)"",""Forearm(3)"",""Biceps(4)"",""Triceps(5)"",""Deltoid(6)""]","[""hand(1)"",""wrist(2)"",""Forearm(3)"",""Biceps(4)"",""Triceps(5)"",""Deltoid(6)""]","256","[""AS"",""CB"",""EF"",""ER"",""OR""]","[""N"",""90"",""180"",""M""]","[""F"",""N"",""S"",""VF"",""90"",""180"",""M""]","[""subject_13""]","[""AS"",""CB"",""EF"",""ER"",""OR""]","[""N"",""90"",""180"",""M""]","[""F"",""N"",""S"",""VF"",""90"",""180"",""M""]","[""subject_1"",""subject_2"",""subject_3"",""subject_4"",""subject_5"",""subject_6"",""subject_7"",""subject_8"",""subject_9"",""subject_10"",""subject_11"",""subject_12""]","[""fc1"",""fc2_1"",""fc2_2"",""fc2_3""]","lopo","256","128","0.5","16","3","0.5","false","false","13","21.038212678398175","33.14889325159284","31.89433503018852","28.00751695941791","22.00127144691019","22.464862636420797","10.01995257317714","7.435126999175975","15.88491291715807","24.20097129356844","27.70525914453456","26.185572545378644","19.88794429530106","7.857749804171437","13.019625794078136","19.2488622563129","2.408556872297174","2.1079030827654734","5.600726644311703","5.585644485563163","4.300847940044371","5.909132684174309","2.454532058846754","5.292802293442763"
"bilstm_12.04","finished","-","","","2026-04-12T18:54:14.000Z","1084","bb8s8dt8","16","0.1","64","4","false","by_var","StandardScaler","All_subjects_data.h5","/home/benedikt_nothhelfer/data_share/ULTra-MoCap/ULTra-MoCap-processed/","cuda","ultramocap_dataset.p","/home/benedikt_nothhelfer/data_share/ULTra-MoCap/","[""ACCX"",""ACCY"",""ACCZ"",""GYROX"",""GYROY"",""GYROZ""]","true","[""1"",""2"",""3"",""4"",""5"",""6""]","false","0.01","true","0.0001","false","[""subject_1"",""subject_2"",""subject_3"",""subject_4"",""subject_5"",""subject_6"",""subject_7"",""subject_8"",""subject_9"",""subject_10"",""subject_11"",""subject_12"",""subject_13""]","MSE","[1,1,1,1,1,1,1]","","","","bilstm","50","","5","true","Adam","1600","0.5","","","","","","","","","","","","","","","","false","/home/benedikt_nothhelfer/ba_upki_benedikt/projects/UpKi_BioMat_Ultra/results","false","fixedwindow","[""all""]","[""imu""]","[""baseline""]","[""ACCX"",""ACCY"",""ACCZ"",""GYROX"",""GYROY"",""GYROZ""]","[""arm_flex_r"",""arm_add_r"",""arm_rot_r"",""elbow_flex_r"",""pro_sup_r"",""wrist_flex_r"",""wrist_dev_r""]","[""arm_flex_r"",""arm_add_r"",""arm_rot_r"",""elbow_flex_r"",""pro_sup_r"",""wrist_flex_r"",""wrist_dev_r"",""arm_flex_l"",""arm_add_l"",""arm_rot_l"",""elbow_flex_l"",""pro_sup_l"",""wrist_flex_l"",""wrist_dev_l""]","[""1"",""2"",""3"",""4"",""5"",""6""]","[""AS"",""CB"",""EF"",""ER"",""OR""]","[""hand(1)"",""wrist(2)"",""Forearm(3)"",""Biceps(4)"",""Triceps(5)"",""Deltoid(6)""]","[""hand(1)"",""wrist(2)"",""Forearm(3)"",""Biceps(4)"",""Triceps(5)"",""Deltoid(6)""]","256","[""AS"",""CB"",""EF"",""ER"",""OR""]","[""N"",""90"",""180"",""M""]","[""F"",""N"",""S"",""VF"",""90"",""180"",""M""]","[""subject_13""]","[""AS"",""CB"",""EF"",""ER"",""OR""]","[""N"",""90"",""180"",""M""]","[""F"",""N"",""S"",""VF"",""90"",""180"",""M""]","[""subject_1"",""subject_2"",""subject_3"",""subject_4"",""subject_5"",""subject_6"",""subject_7"",""subject_8"",""subject_9"",""subject_10"",""subject_11"",""subject_12""]","[""fc1"",""fc2_1"",""fc2_2"",""fc2_3""]","lopo","256","128","0.5","16","3","0.5","false","false","13","13.926751184344688","24.300886519767168","26.731237470694595","15.375933382734274","17.29374602663535","19.90586744716702","10.63967173154046","10.175874450199233","12.225057528926396","20.939653529429624","25.2511906344073","16.218079814754265","18.34298421843878","9.110185903400389","13.954141450565418","16.577327582846024","2.10960975236645","3.442750245750719","4.27302416509247","5.325208780854117","4.006792237315062","5.251275133076514","3.1575839511474313","3.786244050627603"